0.052764963,0.004255927,0.44658837,-0.07709263,0.3896786,-0.2575717,-0.27441028,-0.14515297,-0.38459358,0.50102586,-0.08609348,0.00401457,0.57350916,-0.1458823,-0.07181443,-0.033642057,0.34803173,0.059392996,-0.07596497,-0.19473934,0.45325306,-0.62531275,-0.3387902,0.24791357,0.22085294,-0.16499327,-0.14479584,0.020099081,0.028054742,0.4106243,-0.1901682,0.16525154,-0.038648393,-0.2739638,-0.2658687,-0.15986638,0.13944957,0.13171656,-0.10219969,-0.48540086,-0.2839581,0.5376744
0.053283494,-0.055546477,0.5011748,-0.06689225,0.45878765,-0.3271375,-0.26078358,-0.16990134,-0.4089119,0.5731672,-0.08345845,0.076834336,0.5677853,-0.1356996,-0.03976729,-0.09133905,0.32534075,0.065706074,-0.060329538,-0.24942435,0.47841468,-0.5977979,-0.30728516,0.37034413,0.2495336,-0.12685305,-0.16318735,-0.035412066,0.03724633,0.4961434,-0.23787004,0.17208466,-0.06990385,-0.26553342,-0.22580913,-0.10798504,0.15230684,0.1057022,-0.13597414,-0.4409108,-0.27466142,0.47881332
-0.18083072,1.12711,0.84239453,0.314768,0.07391132,0.36446518,-0.13735914,0.28476804,-0.26898167,0.3860333,0.10755488,-0.27222952,0.5860602,-0.09482417,-0.71081364,0.78926575,0.17393656,0.22856113,0.087088056,-0.0028726335,0.9885371,-1.5552629,-0.8063886,-0.49052042,0.47042176,-0.17204693,0.084233046,0.51570284,0.074129544,0.47226223,0.36645496,0.58318436,0.2701646,0.1276061,-0.3837949,-1.0579108,0.29151633,-0.07412997,0.43022498,-0.9775219,-1.2606283,0.8906192
0.2674752,-0.23939973,0.42663622,-0.1138182,0.19485311,-0.32060617,-0.42553127,-0.23823336,-0.3555862,0.4135668,-0.0049111643,0.050115563,0.58143777,-0.42434815,0.27003548,-0.05714507,0.49978065,-0.10666991,0.17961402,-0.112015806,0.371611,-0.8257951,-0.27453876,-0.09629691,0.49525064,0.05683055,-0.09415397,-0.08445418,0.080812,0.56682765,-0.34553373,-0.0915616,-0.08191806,-0.048343614,-0.25495878,0.15491626,-0.077680975,-0.23011912,-0.30997834,-1.0228014,-0.32999787,0.5148797
-0.14405094,0.2006082,0.64165807,-0.022909433,0.38556263,-0.15134126,-0.2341473,0.017874189,-0.19298075,0.555845,-0.008843442,0.046635978,0.49997976,0.019991122,-0.28062123,-0.011525651,0.35258722,0.17464678,-0.09514841,-0.31512934,0.6576103,-0.80353355,-0.22886138,0.32460305,0.29486609,-0.072498,-0.14228873,-0.07650031,0.08059871,0.54634714,-0.1212915,0.38543364,-0.061288968,-0.1489373,-0.18448102,-0.22631529,0.28598097,0.10647234,0.06520178,-0.41123843,-0.410541,0.41653383
0.009247259,-0.079018705,0.562988,-0.059037812,0.4700864,-0.31890136,-0.25656256,-0.1099526,-0.37139308,0.5875342,-0.09162514,0.09836998,0.60605305,-0.066283055,-0.06883533,-0.119240314,0.31518665,0.13379027,-0.11834569,-0.31973022,0.46129003,-0.57693624,-0.29904145,0.39234337,0.210993,-0.15441886,-0.22123879,-0.09027369,0.035213128,0.49835816,-0.2643298,0.20997511,-0.07800847,-0.27665928,-0.21836507,-0.058620136,0.1810525,0.16249071,-0.059538756,-0.40856636,-0.23444301,0.41359174
0.03670562,-0.07416079,0.50703067,-0.080554634,0.49800253,-0.35108343,-0.25978202,-0.17947952,-0.40635988,0.59141874,-0.113602936,0.108075716,0.57413024,-0.11318186,-0.048526205,-0.14159435,0.3313456,0.08158103,-0.08126995,-0.28479144,0.46755257,-0.58840036,-0.2554188,0.41907245,0.24715644,-0.121994026,-0.19325899,-0.08269145,0.07339969,0.4612851,-0.29549885,0.17017491,-0.089768685,-0.27051893,-0.21298182,-0.049692202,0.16900942,0.13297236,-0.12445972,-0.41898063,-0.21757925,0.4391838
0.028281411,-0.074874796,0.54637766,-0.063896954,0.5098064,-0.33846653,-0.26674756,-0.1700057,-0.40787643,0.6300823,-0.105969146,0.11043735,0.5720886,-0.09425753,-0.044576686,-0.15309629,0.33704042,0.095304154,-0.0721383,-0.30382654,0.48386148,-0.58373386,-0.27759933,0.42385685,0.22900267,-0.12145217,-0.20647722,-0.08248985,0.03687889,0.47828418,-0.282073,0.20957395,-0.101832986,-0.28236657,-0.22170095,-0.06515165,0.18053086,0.12946768,-0.12064851,-0.4005065,-0.22666004,0.42909077
6.779458e-05,-0.020660248,0.5173629,-0.049244575,0.4641269,-0.2999656,-0.2652288,-0.13243853,-0.34233135,0.5519317,-0.08858077,0.09868256,0.5893063,-0.09876501,-0.09867409,-0.12698585,0.34908146,0.06358841,-0.06151963,-0.29172933,0.50293297,-0.6462823,-0.28601977,0.3760992,0.22998643,-0.08928936,-0.20710367,-0.07301019,0.052860826,0.4677407,-0.26922643,0.17962533,-0.06860521,-0.24592665,-0.20014843,-0.059959497,0.18510278,0.09995314,-0.10279479,-0.42778024,-0.26224512,0.44192448
-0.14541006,-0.04583019,0.43089017,-0.09207786,-0.08462323,-0.2516451,-0.35842553,-0.04939462,-0.3467743,0.10340362,-0.2766115,-0.028636904,1.0330808,-0.48387784,-0.26117772,0.1693357,0.28425306,0.028516801,0.0687595,0.014662258,0.4068626,-0.6988604,-0.5841009,-0.04405553,0.29805747,0.020305349,-0.25361034,-0.02365992,0.2986041,0.23219436,-0.38998377,-0.3571461,0.13953142,-0.30537665,-0.329578,0.015897041,-0.14267135,0.14454685,-0.18893427,-1.0232836,-0.10972831,0.5015251
0.04461837,0.017580744,0.4550765,-0.012200898,0.37016,-0.25125393,-0.19431767,0.019254144,-0.1749427,0.6029842,-0.12716153,-0.0011918019,0.65382767,-0.16720328,-0.17230046,0.069181815,0.3840147,-0.0019138698,-0.13772658,-0.22159232,0.5288543,-0.7154872,-0.39960507,0.18324152,0.24847405,-0.09701586,-0.10026816,-0.014522969,0.078808986,0.4683519,-0.21035495,0.14638615,-0.09147224,-0.13649845,-0.20880947,-0.09449359,0.19129908,0.20409715,0.0058820215,-0.46854717,-0.2526497,0.51411986
0.27665356,-0.17475677,0.4241805,-0.046471532,0.30358914,-0.43588024,-0.23688737,0.024531597,-0.11487733,0.73955923,-0.2763587,0.06191512,0.65637153,-0.42039204,0.03815506,0.16067004,0.5097161,-0.0634065,-0.1826451,-0.058316015,0.40779054,-0.78133583,-0.5019135,0.18128267,0.33102438,0.015555234,-0.030972978,-0.018756175,0.22282505,0.42419392,-0.29621902,0.040365506,-0.24556904,-0.112159014,-0.29831702,0.20044407,0.10776315,0.23652047,-0.16531,-0.5434778,-0.19888552,0.55172426
-0.006664555,-0.0021128315,0.5346243,-0.08016906,0.43142787,-0.27364054,-0.25942525,-0.13596031,-0.40810892,0.5457826,-0.00850539,0.064277925,0.51912653,-0.089341536,-0.084823675,-0.054661863,0.3665587,0.09026471,-0.03539385,-0.28904858,0.4922972,-0.69491607,-0.28682497,0.30885464,0.276076,-0.11212294,-0.19820517,-0.016672334,-0.024530482,0.5206789,-0.17964329,0.22086741,-0.011492428,-0.22678435,-0.22585694,-0.1653266,0.15928881,0.07659721,-0.10072951,-0.4550358,-0.3601337,0.4297972
-0.018191762,0.14089772,0.5476771,-0.15613402,0.55913293,-0.18082088,-0.2537111,-0.1748134,-0.40688947,0.7212264,0.065479994,0.016712923,0.5140797,0.10990145,-0.31085366,-0.19546719,0.2242322,0.15740347,-0.2023347,-0.514221,0.6046946,-0.58544725,-0.18645284,0.47571313,0.1690721,-0.34770587,-0.1584979,-0.034994487,0.023470495,0.41944736,-0.1494174,0.5440392,-0.06626203,-0.4029612,-0.3241574,-0.18177846,0.33434537,0.2754143,0.09337837,-0.22839858,-0.33146852,0.486441
0.30527416,-0.20796758,0.3156354,-0.15450716,0.596062,-0.4745851,-0.25545365,-0.38802734,-0.66077495,0.7709564,-0.17765912,-0.06960472,0.6153592,-0.19455425,0.13837475,-0.10744427,0.15500918,0.007909662,-0.14658971,-0.16984947,0.37320265,-0.23136173,-0.4508083,0.67764986,0.09352001,-0.30959538,-0.2614977,0.07690672,-0.003020391,0.3201353,-0.16146155,0.30248168,-0.035644528,-0.6661913,-0.1879397,-0.33495042,0.19911446,0.46900198,-0.22604947,-0.20243278,-0.17651366,0.66613746
0.063795894,-0.08398077,0.515628,-0.08001295,0.50708187,-0.36767253,-0.2747398,-0.19659704,-0.43101907,0.639412,-0.12022763,0.08489073,0.63571924,-0.16783307,-0.043648727,-0.14138173,0.34978384,0.053876784,-0.09785367,-0.27412716,0.4994847,-0.6124649,-0.29575756,0.39606836,0.24540739,-0.1374128,-0.18217109,-0.06802035,0.05633965,0.4930813,-0.26244995,0.17912385,-0.09125385,-0.31051096,-0.24305491,-0.099017955,0.18450746,0.15300949,-0.16541633,-0.43424135,-0.24589814,0.5443207
0.032344695,-0.031433005,0.5336516,-0.08069809,0.5132365,-0.30959916,-0.28154117,-0.16588025,-0.40680048,0.5982551,-0.07625253,0.07061378,0.571855,-0.09238515,-0.08750702,-0.13629915,0.37048653,0.08362869,-0.07369484,-0.3060854,0.5165614,-0.63290477,-0.26544476,0.39929068,0.27138066,-0.15753394,-0.18171643,-0.044734973,0.04929473,0.49096727,-0.22659467,0.21447237,-0.054316845,-0.26271713,-0.2288682,-0.13887525,0.19034211,0.13362326,-0.11209511,-0.41783732,-0.26702106,0.49390647
0.0447446,-0.028646417,0.5158203,-0.07701098,0.49567115,-0.33200422,-0.29400697,-0.17514937,-0.41832855,0.59977925,-0.08687773,0.067876734,0.57047105,-0.12754533,-0.05259996,-0.102128364,0.3673196,0.06954221,-0.05619867,-0.2670614,0.5159136,-0.66222197,-0.27540702,0.37381646,0.27736408,-0.12963463,-0.17143346,-0.030186366,0.049628746,0.49374935,-0.2174128,0.19561052,-0.03721354,-0.2492422,-0.24664006,-0.13636763,0.17979403,0.12048509,-0.1279495,-0.4444249,-0.29275483,0.5033341
-0.15250382,0.03796293,0.6012991,-0.068684295,0.30429202,-0.22895372,-0.25974625,-0.0395959,-0.430408,0.39067513,-0.04900245,0.13258964,0.58077675,-0.14922383,-0.13758062,0.009901259,0.35873625,0.09355552,0.073733546,-0.21713597,0.5022598,-0.8769075,-0.36616695,0.09546092,0.37475565,0.08080429,-0.22108285,-0.054993927,-0.04013034,0.6501584,-0.20574978,0.038380474,0.07142998,-0.09612852,-0.18162578,-0.14120789,0.03868449,-0.10119623,-0.10634034,-0.700724,-0.40004548,0.31576532
0.02006188,0.012844909,0.5256616,-0.043543465,0.4118116,-0.26588327,-0.27162793,-0.09866141,-0.39334372,0.53238475,-0.06709792,0.049025763,0.5476967,-0.12298181,-0.041185644,-0.05739793,0.41593486,0.05663526,-0.032452628,-0.26597083,0.5323739,-0.7008861,-0.299173,0.29718578,0.277772,-0.10217229,-0.17938995,0.0058061117,0.05631873,0.5018556,-0.17537667,0.143713,0.03884762,-0.1827743,-0.22279109,-0.19870235,0.18224894,0.11455123,-0.1355252,-0.5122424,-0.34858918,0.5489084
0.39579627,-0.39504677,0.221257,-0.20927362,0.65873325,-0.6101151,-0.1944268,-0.4767102,-0.84844655,0.8558422,-0.29374307,-0.18707035,0.6488797,-0.25684714,0.28869316,-0.033469114,-0.08494029,-0.04675,-0.17750163,-0.12241142,0.20906521,0.021488052,-0.6986333,0.82721347,-0.011916616,-0.32568848,-0.3569607,0.087614305,-0.08647479,0.29436386,-0.11133702,0.3316933,-0.072846405,-0.983828,-0.09756407,-0.49606115,0.15506165,0.66425985,-0.30581707,-0.10645273,-0.14702854,0.7030199
-0.017186275,-0.20632978,0.5110999,-0.18382552,0.52994806,-0.49559328,-0.23124325,-0.2966426,-0.5216447,0.66869706,-0.20664805,0.1387093,0.6341519,-0.12819614,-0.028305346,-0.20259483,0.1171676,0.029856797,-0.07494291,-0.34621236,0.3815406,-0.4516159,-0.36929166,0.44228062,0.12864724,-0.121987015,-0.14861831,-0.20174722,-0.09256266,0.5217946,-0.34007987,0.2266631,-0.18629022,-0.4889838,-0.19853571,-0.16379265,0.16048971,0.2765227,-0.17063467,-0.3556775,-0.1773061,0.41258454
0.02661678,-0.07588506,0.5103122,-0.066360466,0.46409187,-0.33322138,-0.26175752,-0.167772,-0.38669848,0.5693059,-0.10621934,0.07996557,0.5837688,-0.10719757,-0.05798554,-0.09456018,0.33737692,0.087079756,-0.07280668,-0.2635683,0.45991418,-0.59000915,-0.2842146,0.36709467,0.22822258,-0.12638795,-0.18754418,-0.052522,0.03520473,0.49679247,-0.25063017,0.18775894,-0.07903871,-0.26031154,-0.22672093,-0.08699125,0.1635842,0.102850445,-0.12286882,-0.43459952,-0.24374701,0.4462282
0.041695774,-0.09078597,0.494066,-0.081786074,0.46703434,-0.3418299,-0.26894334,-0.17279392,-0.40637964,0.57076377,-0.088905625,0.090981126,0.5757662,-0.12625192,-0.02846902,-0.117563896,0.34100848,0.06308163,-0.06260292,-0.25952423,0.45180458,-0.5881052,-0.2792505,0.3711335,0.23995565,-0.11797947,-0.18615812,-0.060322516,0.02728575,0.49837852,-0.24875379,0.17756884,-0.07549753,-0.27234492,-0.2182742,-0.085203074,0.1570455,0.11829572,-0.152708,-0.42469096,-0.22468585,0.45203474
0.3209136,-0.27128464,0.21848026,-0.16003266,0.5488407,-0.43936145,-0.26942933,-0.4567809,-0.6543941,0.6908697,-0.20236847,-0.14701173,0.70135605,-0.23464145,0.17532392,-0.047136866,0.2504983,-0.041345358,-0.13748808,-0.09470886,0.38219488,-0.20064728,-0.4232601,0.691376,0.095229976,-0.22871031,-0.24719593,0.1853642,-0.0037935693,0.26823753,-0.14571051,0.11305315,-0.029338062,-0.67883605,-0.20042692,-0.2718454,0.12575494,0.38565403,-0.28308377,-0.22842354,-0.10748517,0.6429645
0.04563738,-0.055064064,0.49749675,-0.086982735,0.4908063,-0.31957254,-0.26617825,-0.17625122,-0.38479725,0.59894294,-0.08001089,0.07256305,0.566152,-0.11389732,-0.062502965,-0.12850976,0.35369128,0.07272441,-0.078519866,-0.28465214,0.47207817,-0.5727181,-0.2521825,0.40625986,0.24868983,-0.14141957,-0.16954423,-0.043492217,0.06893269,0.45747554,-0.2502079,0.1970034,-0.06247056,-0.28317204,-0.23502433,-0.093928576,0.18351339,0.16150035,-0.121204145,-0.40336418,-0.2490067,0.4729654
0.080186464,-0.04580986,0.46969983,-0.08117292,0.5097089,-0.25642723,-0.28470856,-0.14881966,-0.41641998,0.5876554,-0.052617375,0.006490161,0.54898226,-0.05678462,-0.026004571,-0.0887663,0.360331,0.09081959,-0.05624909,-0.24106283,0.46826488,-0.5640543,-0.26665613,0.4551258,0.1943553,-0.15487625,-0.22159728,0.005156512,0.018455563,0.42333505,-0.2135804,0.24925555,-0.016005855,-0.3004709,-0.23342778,-0.1593083,0.15121911,0.19032729,-0.09124842,-0.36821777,-0.2830685,0.4631839
0.4080723,-0.25231928,0.27283973,-0.12753679,0.6272447,-0.51427865,-0.25642857,-0.41116408,-0.73521745,0.7964749,-0.2361209,-0.12637629,0.64121324,-0.2527037,0.18718232,-0.076716974,0.10765313,-0.040913533,-0.17759527,-0.1017365,0.34664088,-0.13125864,-0.55245876,0.73094213,0.07033953,-0.35021478,-0.2963555,0.13787885,0.04277841,0.2521645,-0.15458667,0.2855315,-0.022633787,-0.7986337,-0.1852159,-0.3850992,0.18303935,0.56448627,-0.27391285,-0.18862714,-0.16639006,0.7299166
0.11467727,-0.07233877,0.48588854,-0.03726074,0.48333368,-0.33788058,-0.29027307,-0.16871172,-0.38349575,0.58246595,-0.11419392,0.0243461,0.55394363,-0.11965943,-0.0313197,-0.10731918,0.37370437,0.0653697,-0.049884424,-0.24724078,0.48862535,-0.56420773,-0.3035392,0.40892583,0.22087148,-0.17608228,-0.18871225,-0.009978892,0.08763225,0.4426619,-0.23292355,0.19109888,-0.07079498,-0.28976464,-0.25937554,-0.101028934,0.17357053,0.18959087,-0.14194348,-0.4081228,-0.24205673,0.50090593
0.014227053,-0.0490271,0.47220397,-0.07319194,0.4318989,-0.3298989,-0.28271386,-0.2192018,-0.44925976,0.61572874,-0.11063325,0.13160731,0.52902967,-0.18467961,0.0054254043,-0.12121524,0.45507637,0.0034319877,-0.050254263,-0.17508562,0.50110435,-0.6765753,-0.14882074,0.37320912,0.33045793,-0.025288206,-0.13155198,-0.014918173,0.14510947,0.46392816,-0.25003076,0.060846906,-0.10636006,-0.15478534,-0.22567163,0.04849377,0.21311091,0.1455566,-0.18249698,-0.45264974,-0.19553457,0.5448321
0.048930537,-0.008757638,0.49914134,-0.072771266,0.44596887,-0.29201636,-0.2726657,-0.14681132,-0.3703347,0.56921965,-0.08632198,0.048772015,0.56699365,-0.112226605,-0.078885116,-0.087871864,0.3162786,0.08112842,-0.083099134,-0.2588234,0.48528108,-0.61097974,-0.29214573,0.35226518,0.23832673,-0.16175242,-0.16902101,-0.04315183,0.04345046,0.45346257,-0.2104827,0.20671916,-0.057854097,-0.26569626,-0.23764452,-0.14240761,0.1850097,0.15754527,-0.07583119,-0.43577078,-0.27196917,0.49728328
0.1637701,0.04663292,0.3597601,-0.05297265,0.29561985,-0.2607118,-0.28275073,-0.21708027,-0.36029336,0.46348256,-0.089203835,-0.063230224,0.5140828,-0.25765067,-0.009146158,0.07771617,0.38620463,-0.06980051,0.015588036,-0.068109505,0.5365249,-0.706892,-0.3106278,0.15905733,0.3008607,-0.06668816,-0.08613707,0.1405675,0.096010335,0.37487888,-0.076434754,0.06818244,0.07035912,-0.17349741,-0.262158,-0.27473563,0.14069623,0.08981901,-0.23594046,-0.5546715,-0.38924965,0.703313
0.2154975,-0.07629889,0.49472225,-0.02481414,0.24076004,-0.20720887,-0.4184103,-0.1859841,-0.30213133,0.45625287,-0.18548252,-0.017597817,0.74523497,-0.43828627,0.17557928,0.011192021,0.46885526,0.07246772,-0.07747194,0.07420751,0.57588863,-0.4814579,-0.40896237,0.0035529453,0.4792233,-0.06516829,-0.002694668,-0.089200564,0.32482228,0.43019605,-0.2534618,-0.18086705,0.012930346,-0.036804546,-0.3225775,-0.094230846,0.19676337,-0.028468315,-0.24765106,-0.8621064,-0.20129424,0.7572843
0.04006075,-0.022571001,0.50243646,-0.06931245,0.48380584,-0.31961703,-0.25886098,-0.17086935,-0.36127523,0.58958554,-0.085087575,0.07074592,0.5712418,-0.08897647,-0.082712956,-0.10698594,0.30624142,0.06341234,-0.07705073,-0.30054173,0.4992945,-0.6234695,-0.27228746,0.39236572,0.24359637,-0.13288754,-0.1852389,-0.06588413,0.03493696,0.49236876,-0.23549394,0.21260273,-0.082658924,-0.28109065,-0.22203355,-0.1284231,0.19982573,0.1312056,-0.116387226,-0.40384862,-0.2655692,0.47850835
-0.02865462,0.17573732,0.56095564,-0.04279802,0.37873533,-0.16502668,-0.22031616,-0.062633604,-0.30602878,0.5336694,0.04542262,-0.006409411,0.5030052,0.018474665,-0.22101922,-0.041721962,0.2704633,0.08530168,-0.0983274,-0.34895217,0.578296,-0.7418261,-0.2750511,0.30313587,0.25031143,-0.1757127,-0.22996737,-0.044159327,0.0027858159,0.49802682,-0.16120677,0.28602234,0.048881598,-0.23554888,-0.19386257,-0.2584425,0.18437928,0.1387591,-0.024476593,-0.41525474,-0.42362267,0.51433897
0.069155864,-0.058604278,0.52830875,-0.068700016,0.5142191,-0.35706744,-0.28235763,-0.18982492,-0.41580307,0.6226363,-0.10306668,0.08116382,0.5859489,-0.11706196,-0.059432667,-0.12460123,0.35601807,0.05767997,-0.081746824,-0.27305493,0.5046919,-0.5973589,-0.2799654,0.41086775,0.25189334,-0.15701824,-0.18838936,-0.055043668,0.04097296,0.48066092,-0.2509527,0.19729316,-0.06559706,-0.29779994,-0.24904706,-0.11551533,0.16943212,0.16022174,-0.14411786,-0.4081727,-0.24524921,0.5113813
0.07557194,-0.030963877,0.5190916,-0.096625365,0.5138808,-0.29346505,-0.2789203,-0.12817214,-0.389318,0.63907593,-0.116252616,0.016052026,0.6424047,-0.12919192,-0.07592565,-0.12770112,0.3149573,0.102483675,-0.11772132,-0.3119589,0.5023612,-0.58569497,-0.3302358,0.3502412,0.22040944,-0.23989902,-0.19534345,-0.030592114,0.06971597,0.39981404,-0.2067075,0.22480653,-0.057972983,-0.31622428,-0.27358603,-0.16612425,0.17662515,0.25954425,-0.02671881,-0.44275075,-0.24116945,0.56043446
0.07577505,-0.07751758,0.49277428,-0.0702242,0.4697782,-0.37084237,-0.25556636,-0.17295155,-0.4054585,0.61251277,-0.15139672,0.058673326,0.6694312,-0.18637897,-0.045369025,-0.10166723,0.33171165,0.060143825,-0.08100125,-0.22738181,0.48644176,-0.6189212,-0.337647,0.3458525,0.24647285,-0.1099474,-0.19829373,-0.049045518,0.07999987,0.44900632,-0.28368253,0.13213904,-0.08177051,-0.29402217,-0.24792406,-0.07224919,0.15662482,0.15688396,-0.16700299,-0.48875007,-0.21432601,0.5234618
-0.040593263,-0.026653882,0.49917883,-0.09537639,0.45754677,-0.34385094,-0.20445615,-0.14805017,-0.33642408,0.5791437,-0.17023319,0.108606964,0.60357827,-0.16009037,-0.090828136,-0.055874765,0.30120176,0.06517871,-0.09712685,-0.245714,0.49589798,-0.62317145,-0.3263505,0.27782974,0.22255373,-0.098028414,-0.082478866,-0.09047365,0.0036408126,0.47958785,-0.2553005,0.20274664,-0.09195476,-0.2660866,-0.21895576,-0.1636333,0.21136731,0.19887969,-0.1160806,-0.42992178,-0.22746101,0.4694166
-0.18621856,0.018892001,0.5659981,-0.14273776,0.5327791,-0.28740758,-0.16904418,-0.11867529,-0.24290499,0.5750099,-0.23924427,0.1526578,0.70604277,-0.123552695,-0.18545169,-0.10177712,0.30475459,0.14256707,-0.11668167,-0.30905992,0.5361544,-0.63971573,-0.36954525,0.15940264,0.18749264,-0.15368009,0.0049849106,-0.07605211,-0.08780506,0.5118351,-0.29636544,0.2530565,-0.13165858,-0.26432568,-0.2715665,-0.25181642,0.20440307,0.29337323,-0.08491377,-0.43739226,-0.27029955,0.43477604
0.30888873,-0.2630667,0.36180854,-0.18808582,0.0031555202,-0.582596,-0.4101301,-0.48028398,-0.46968415,0.2906322,-0.0583733,0.12928568,0.59011495,-0.64433813,0.32911402,0.15500723,0.5295084,-0.2675045,0.31630185,0.10401571,0.32669678,-1.0892507,-0.18482357,-0.30733824,0.5441281,0.27129403,-0.05713839,0.010926827,0.07831966,0.69405264,-0.268458,-0.2755013,-0.081658676,-0.061513234,-0.3047606,0.05109452,-0.1558647,-0.46728435,-0.6571511,-1.1727306,-0.47338945,0.7338214
0.08870948,-0.05583158,0.45065936,-0.10342512,0.33455542,-0.33741072,-0.22893739,-0.19155243,-0.4303854,0.49460924,-0.1574709,0.022638453,0.7377095,-0.19647461,-0.06365922,-0.044744615,0.30341187,0.048713855,-0.09538437,-0.18212983,0.38820013,-0.5649823,-0.4365258,0.20489581,0.15967219,-0.121363334,-0.24201073,0.032212652,-0.037055366,0.47597814,-0.18589637,0.044522338,-0.054989483,-0.30155033,-0.2701116,-0.105860226,0.108763486,0.12934826,-0.090595804,-0.58265126,-0.21971151,0.49833283
0.058703214,-0.046407055,0.45566094,-0.082889736,0.41622955,-0.29829663,-0.23747353,-0.17238006,-0.39413252,0.54058754,-0.09590147,0.041132286,0.57336354,-0.13509464,-0.05528946,-0.06424755,0.3082697,0.06485219,-0.079397015,-0.21276684,0.46025062,-0.5881609,-0.31446478,0.31726483,0.22525851,-0.1432619,-0.17487215,-0.0159832,0.028737925,0.4508531,-0.20383865,0.1664646,-0.03977429,-0.29406068,-0.2330846,-0.14495096,0.1477025,0.13098569,-0.11631566,-0.44776732,-0.26343456,0.47374788
0.1992153,0.21675506,0.26972795,-0.09365431,0.009970259,-0.18848597,-0.3911678,-0.24050134,-0.39012426,0.25926402,-0.037849706,-0.19815573,0.5790332,-0.47531396,-0.024199184,0.41783515,0.547401,-0.17514431,0.111603744,0.15264145,0.69601965,-1.052315,-0.3857837,-0.23752874,0.4989496,0.13716146,0.026451733,0.39621833,0.25233895,0.3469719,0.12880568,-0.1653106,0.31292534,-0.05571159,-0.3307763,-0.45860296,0.07355679,0.016580626,-0.43242937,-0.96286863,-0.639661,1.0559318
0.2651594,-0.22813426,0.37141362,-0.107298344,0.58188796,-0.45229796,-0.24803703,-0.3198395,-0.62160605,0.7186538,-0.1649067,-0.054856565,0.6430422,-0.19584133,0.11319741,-0.10256036,0.15763676,0.023033256,-0.14063402,-0.17816849,0.33061284,-0.27741954,-0.47899187,0.6157355,0.11316092,-0.28764158,-0.27350935,0.059283823,0.00074200827,0.3498354,-0.18641569,0.2497365,-0.04680858,-0.62054783,-0.17267336,-0.27237865,0.1453368,0.40356886,-0.19118626,-0.27652547,-0.16713038,0.57843703
0.06556292,-0.07220747,0.4519436,-0.0618512,0.4260965,-0.31594732,-0.25055167,-0.19126967,-0.39838785,0.528714,-0.09908338,0.056645043,0.6019657,-0.16581318,-0.03243116,-0.075285904,0.3120741,0.043414023,-0.076381706,-0.22547658,0.45915785,-0.5928378,-0.30764732,0.30983448,0.22377522,-0.12716675,-0.15820362,-0.03361027,0.05043343,0.45382804,-0.23195145,0.13662685,-0.04840312,-0.2786134,-0.23449121,-0.10892728,0.15118825,0.13753048,-0.14362146,-0.45243403,-0.23796512,0.4969664
-0.41477263,-0.21823053,0.66214526,-0.11890083,-0.3966699,-0.28216183,0.06785004,0.041225966,-0.8971853,-0.18473928,-0.14940628,0.23051506,1.3633804,-0.44489202,0.12982455,0.6403291,0.4097449,0.12910566,0.14570186,-0.067307055,0.25717056,-1.6136667,-1.3036063,-0.9579087,0.35423052,0.30099723,-0.5056875,0.22315584,-0.7560275,1.3282444,-0.082152806,-0.5885317,0.26671648,-0.020623302,-0.2957801,-0.01655543,-0.5478243,-0.616894,-0.41293928,-1.9396228,-0.6391294,0.044677462
0.082236454,-0.03537937,0.4729497,-0.05274478,0.46913272,-0.28548232,-0.30847293,-0.093134485,-0.39891413,0.5431017,-0.06826416,0.039979428,0.529083,-0.087029986,-0.050359152,-0.122280926,0.3918592,0.08757311,-0.0680608,-0.2812964,0.4410957,-0.56678635,-0.30451435,0.3975232,0.20321065,-0.17136955,-0.21817729,-0.04487077,0.03972624,0.41222727,-0.21851361,0.18498942,-0.027334878,-0.2385672,-0.25172624,-0.13794655,0.12396121,0.18179241,-0.11751552,-0.4328696,-0.22013679,0.44979277
-0.012536885,-0.06433594,0.5586171,-0.07144358,0.49439976,-0.28911325,-0.30208987,-0.094310075,-0.4159154,0.58255416,-0.080210775,0.11066313,0.5506131,-0.061446197,-0.084319994,-0.16782318,0.3863245,0.11394869,-0.09630325,-0.34285116,0.46964622,-0.6059665,-0.2525512,0.43108794,0.24623075,-0.14493127,-0.21654889,-0.10184763,0.044972487,0.5008494,-0.27536616,0.19741954,-0.05454534,-0.22734804,-0.23106663,-0.07417748,0.16595894,0.13860884,-0.087765895,-0.41725186,-0.21987714,0.41436854
-0.0170326,-0.1008383,0.6429131,0.03036236,0.8519481,-0.25535512,-0.31277332,-0.122228265,-0.54075766,0.63673306,0.018780356,0.069856964,0.43696314,0.1787825,-0.017715445,-0.2549102,0.5354948,0.27964896,-0.030815225,-0.48979986,0.44298357,-0.62327576,-0.21403724,0.716785,0.18838218,-0.34199616,-0.29130173,-0.044140916,0.018248262,0.5185751,-0.42469665,0.45986813,-0.14302415,-0.33988336,-0.17453995,-0.008832213,0.19019446,0.2092744,-0.03885064,-0.37642333,-0.1810439,0.1457267
0.08420452,0.0039616325,0.47136098,-0.060011696,0.42011395,-0.3217845,-0.24773309,-0.16629763,-0.3408278,0.5815326,-0.08288994,0.03821285,0.55359113,-0.1194361,-0.08185467,-0.088448815,0.304491,0.045432653,-0.088803515,-0.25709486,0.49009153,-0.59818524,-0.2969299,0.3754612,0.2214926,-0.1526975,-0.18413374,-0.02978994,0.046772454,0.45386398,-0.20134334,0.19791073,-0.0693643,-0.26541492,-0.22145253,-0.17124508,0.1980578,0.14633311,-0.09697214,-0.40117493,-0.27911237,0.5314575
0.04740353,-0.040951915,0.48090315,-0.07739574,0.45883486,-0.29037446,-0.25604934,-0.14848623,-0.37992623,0.5745443,-0.087955765,0.041622356,0.57507944,-0.125123,-0.057021357,-0.10793913,0.3530574,0.056281935,-0.08062349,-0.25875404,0.49515915,-0.61974627,-0.29518348,0.3524593,0.24816664,-0.16378345,-0.16957816,-0.0315413,0.059977166,0.45693147,-0.22782245,0.1777923,-0.050342884,-0.2663366,-0.23055033,-0.12178818,0.17025286,0.13424863,-0.10860969,-0.43323192,-0.27267,0.49431765
0.15241864,-0.19491924,0.393887,-0.065290816,0.33931193,-0.36651495,-0.21000549,-0.27945712,-0.54681116,0.4525174,-0.17825529,-0.064660735,0.7653152,-0.17967162,0.12306476,0.057181142,0.30484506,0.057407986,-0.051008254,-0.099300675,0.41205823,-0.57456565,-0.5096199,0.23038854,0.17259592,-0.12867345,-0.2706539,0.21718103,-0.15532808,0.47210422,-0.10606472,-0.0341977,-0.020145388,-0.36316928,-0.261409,-0.12440204,0.015268454,0.1433122,-0.22111435,-0.64185643,-0.22624575,0.48017672
0.005174523,-0.044462804,0.5263355,-0.0754876,0.48083544,-0.34243673,-0.27040225,-0.15202245,-0.4078765,0.5728159,-0.08927001,0.09899442,0.59381795,-0.11807868,-0.07243218,-0.12887904,0.34083763,0.070330255,-0.07186651,-0.28659186,0.48048997,-0.61550367,-0.27340314,0.37906367,0.24868168,-0.11702822,-0.21409832,-0.07995387,0.034767665,0.47553644,-0.28757954,0.16554852,-0.07509757,-0.25529504,-0.20785175,-0.09162481,0.17277126,0.10205364,-0.1302856,-0.42657506,-0.23740532,0.42160818
0.037471227,-0.009703326,0.51488835,-0.070301294,0.50969356,-0.28907776,-0.26490667,-0.16209547,-0.39115125,0.6254651,-0.07527688,0.06748599,0.5300543,-0.10072249,-0.09891512,-0.10200124,0.31824046,0.083658,-0.092289336,-0.27808365,0.5099579,-0.622456,-0.2835635,0.39361465,0.24868657,-0.1751768,-0.16257718,-0.038029797,0.058038563,0.4480144,-0.21367493,0.26989505,-0.061077565,-0.26827088,-0.24119565,-0.17620148,0.20274879,0.15704161,-0.09460047,-0.38628775,-0.30035222,0.47913116
0.02171818,0.014217625,0.5321081,-0.05294697,0.4472029,-0.30526483,-0.2609556,-0.14770575,-0.34968165,0.6031692,-0.084151626,0.05286728,0.55678165,-0.10262261,-0.09262233,-0.09435981,0.31613836,0.08327451,-0.07738795,-0.28335893,0.5023584,-0.62854105,-0.2763474,0.34506634,0.24253732,-0.13551594,-0.18419972,-0.04544217,0.07083868,0.47274965,-0.20129776,0.22333364,-0.07475567,-0.2436616,-0.23373204,-0.14717749,0.20639744,0.1569407,-0.10807093,-0.40387306,-0.28269878,0.49806195
0.09794601,-0.10498698,0.4523325,-0.10258733,0.40748292,-0.35729948,-0.2587245,-0.18263441,-0.3934975,0.5831655,-0.12787654,0.034161784,0.62724185,-0.21241291,-0.013584653,-0.059336245,0.36308494,0.01724066,-0.091819584,-0.19388138,0.44573194,-0.6237327,-0.36201608,0.26453605,0.2484321,-0.088834256,-0.15500684,-0.010728543,0.078545816,0.4758453,-0.23413052,0.10806103,-0.07884639,-0.25096712,-0.25126028,-0.07586819,0.12299388,0.14643554,-0.19816642,-0.5203133,-0.22978634,0.5390021
0.1517246,0.20395266,0.5096494,0.06900897,0.47694755,-0.1106805,-0.2724498,-0.06999196,-0.30741924,0.43688172,-0.032086942,-0.09796077,0.40910414,-0.0538921,-0.04017829,0.044897247,0.47017914,0.07759184,0.048494376,-0.18217278,0.5909283,-0.83544934,-0.35276863,0.24070764,0.2617077,-0.24201854,-0.14934051,0.14653148,0.070746005,0.37362504,-0.1063423,0.2459864,0.05308,-0.09160909,-0.28416958,-0.3073812,0.14475352,0.092757896,-0.10714685,-0.55354977,-0.43942857,0.55841225
0.019665513,-0.0732722,0.540652,-0.06394708,0.5039226,-0.32728264,-0.27946338,-0.15626779,-0.44212767,0.57109416,-0.09736907,0.09035906,0.5936845,-0.10450907,-0.031085962,-0.11911811,0.4115842,0.079509415,-0.06642858,-0.3043748,0.4882046,-0.6709552,-0.29996923,0.40188268,0.27089712,-0.1414047,-0.21903159,-0.03576405,0.04498401,0.5248257,-0.28895113,0.16053651,-0.05790219,-0.27664474,-0.23411925,-0.088417076,0.1496223,0.12629022,-0.15848498,-0.48934537,-0.27614418,0.46674562
0.0053696996,0.05171192,0.55462736,-0.03837388,0.46060842,-0.28080586,-0.25027576,-0.08955858,-0.38346663,0.5704883,-0.09985456,0.041512955,0.61034745,-0.06861119,-0.12206789,-0.043282356,0.3212584,0.11374262,-0.056192063,-0.29594082,0.5191904,-0.6931,-0.30325988,0.3367424,0.23371366,-0.14797857,-0.20508592,-0.04224068,0.050014984,0.49797806,-0.22810881,0.22191225,-0.07185831,-0.23422344,-0.21106008,-0.14327382,0.20211545,0.11386949,-0.046720315,-0.44494507,-0.29341745,0.45160568
0.3679984,0.31498307,-0.009845793,-0.11941306,-0.034472223,0.4426753,-0.6757512,0.3899677,-0.45729426,-0.044931356,-0.4809128,-0.8353402,1.431193,-0.5999796,-0.3153803,0.35180536,0.7618303,-0.18512262,-0.19841428,-0.0337955,0.5366892,-0.89833456,-0.9670827,-0.44197196,0.119807966,-0.8758532,-0.2788412,0.38575384,0.5332596,-0.45861813,-0.067167334,-0.46853384,0.68051165,-0.47590524,-0.77225935,-0.4923865,-0.10269651,1.1013976,0.5637145,-1.1992664,-0.13743049,1.4491774
-0.28384787,-0.08700933,0.8917998,-0.12476399,0.47481328,-0.46067312,-0.19188453,-0.048767958,-0.22983748,0.887398,0.2985404,0.15731187,0.31214038,0.24539831,-0.24469948,-0.1815949,0.34755823,0.15043707,-0.039017133,-0.66869265,0.6591348,-0.7906254,-0.055759225,0.44277325,0.3827268,-0.12719251,-0.2720833,-0.24048926,-0.19034427,0.81593096,-0.19384922,0.32454547,0.03613245,-0.030445036,-0.007874803,-0.24236436,0.19610041,-0.041507218,0.083278805,-0.23952216,-0.29461178,0.1622196
0.00016675633,-0.27207366,0.81482637,0.07181575,1.3840373,-0.48372617,0.092238866,0.07201411,-0.6795489,1.4552209,-0.88083994,0.3450042,1.2841505,-0.23834205,-0.3079914,-0.5801843,0.081388585,0.28961882,-0.5621372,-0.5166943,0.3956456,-0.5659264,-0.7084081,0.8626236,0.24802391,-0.12578097,-0.5494126,-0.2756793,0.38626394,0.33135772,-1.061029,0.28569546,-0.81124485,-0.28607053,0.11051799,0.740515,0.22090979,0.52650285,0.08334066,-0.19606036,0.3677237,-0.0023467022
-0.28495038,-0.23878923,0.8022998,0.028483596,0.6136651,-0.30396456,-0.09803519,0.15861386,-0.5558956,0.5934896,-0.41644114,0.2761331,0.99216294,-0.07042463,-0.18265766,-0.2565258,0.18104553,0.39700505,-0.15837474,-0.46949768,0.37370753,-0.5560084,-0.6160971,0.36237395,0.24376345,-0.10931875,-0.34091517,-0.16415107,-0.11250112,0.71683335,-0.61269575,0.1518789,-0.2621925,-0.30213022,-0.1344186,0.13929532,0.16269277,0.09700965,0.13401358,-0.5705991,0.03695413,0.035612274
0.109057605,-0.03971847,0.48966068,-0.09490222,0.58929265,-0.2380983,-0.27230337,-0.149438,-0.33123448,0.6819785,-0.033622216,0.039880294,0.5013965,0.022899732,-0.10988108,-0.20814453,0.36801597,0.11855538,-0.114707895,-0.37164184,0.4907638,-0.5483484,-0.27636322,0.47049293,0.15321171,-0.32213998,-0.18155414,-0.119258545,-0.058193777,0.50473464,-0.22667043,0.33705363,-0.10804039,-0.3407669,-0.2807919,-0.18458427,0.2750321,0.19917898,0.021947725,-0.31220502,-0.2738323,0.47047526
0.060108013,-0.07432454,0.5194414,-0.066246785,0.48215714,-0.35713327,-0.2604845,-0.19004665,-0.39271823,0.57930523,-0.09178349,0.06804424,0.58052313,-0.10407387,-0.020692376,-0.11827516,0.34135994,0.07743288,-0.041390397,-0.265214,0.46018943,-0.6059457,-0.30091232,0.37771842,0.22329415,-0.1472218,-0.20262848,-0.051201493,-0.027907861,0.53803074,-0.22466582,0.20539309,-0.07150442,-0.2775671,-0.23711072,-0.13243487,0.16938153,0.1220611,-0.14592168,-0.44833693,-0.26235303,0.45602214
0.018453378,-0.026688471,0.4960055,0.011884056,0.7234688,-0.15727627,-0.28676924,-0.17001179,-0.21545126,0.6963926,-0.06003031,-0.02222802,0.71419185,-0.013065291,-0.2093999,-0.27085847,0.4012231,0.16086648,-0.19667503,-0.37193802,0.45245215,-0.3936161,-0.42973465,0.43085882,-0.0015823628,-0.5152783,-0.06966264,-0.009905694,-0.09992512,0.36703628,-0.28852683,0.33584133,-0.24587576,-0.4230296,-0.3998477,-0.39157268,0.23646073,0.37347376,0.1705614,-0.2368748,-0.26233017,0.71619874
0.038284913,-0.17386165,0.55355775,-0.09717538,0.5212697,-0.37352675,-0.25099128,-0.14666203,-0.4610495,0.6328404,-0.1622896,0.07625119,0.7519188,-0.12116234,-0.008526599,-0.1887313,0.318813,0.14635195,-0.13068782,-0.34712535,0.40839228,-0.5434408,-0.3849605,0.39762753,0.17541042,-0.22677548,-0.2639172,-0.07669054,-0.044807486,0.5280605,-0.30455413,0.16595186,-0.121321484,-0.36148024,-0.25719452,-0.03718186,0.14752473,0.21063793,-0.051816627,-0.4727525,-0.14496061,0.4547296
0.033741593,-0.102362715,0.54991597,-0.08208723,0.5062833,-0.36323926,-0.25753596,-0.1772627,-0.43568102,0.62500703,-0.074694395,0.096860744,0.5604306,-0.071780816,-0.008954699,-0.15181828,0.3113094,0.10300776,-0.084073484,-0.3219328,0.4615057,-0.57178444,-0.2673079,0.4574758,0.2370469,-0.15782063,-0.21306448,-0.07603182,0.013167842,0.5282035,-0.25022203,0.24196218,-0.09413636,-0.317955,-0.20594895,-0.10982176,0.18226762,0.14791656,-0.12467805,-0.3827848,-0.24178463,0.4268775
-0.0004893601,-0.02669443,0.57384855,-0.09366481,0.5363463,-0.27322426,-0.28457662,-0.12009314,-0.3890565,0.65512586,-0.03890838,0.078972705,0.54362196,-0.005226641,-0.118161164,-0.1983252,0.2815127,0.14042273,-0.15383771,-0.3968926,0.4801013,-0.51337487,-0.2474909,0.52021974,0.19553785,-0.22073388,-0.20267482,-0.14452286,0.022919651,0.48983818,-0.23454808,0.37073746,-0.11971706,-0.35951766,-0.2419352,-0.13503174,0.26172987,0.19264165,-0.003724501,-0.25884762,-0.25478983,0.46232343
0.025315644,-0.09520546,0.5288932,-0.081779145,0.5127689,-0.36951908,-0.24919179,-0.17922309,-0.40967056,0.65337384,-0.10108284,0.12625752,0.5711239,-0.09264358,-0.029268237,-0.16436973,0.29394013,0.11869219,-0.102388844,-0.3292079,0.45728666,-0.5301465,-0.25809944,0.4568,0.21844672,-0.15519902,-0.18870439,-0.11188341,0.043240666,0.487736,-0.28283545,0.24458012,-0.12505656,-0.32775956,-0.22716965,-0.08667773,0.20505288,0.1627909,-0.11647096,-0.3592665,-0.21252458,0.45859355
-0.42266732,-0.16732812,1.3456048,-0.4502281,0.94576347,-0.30274174,-0.31789735,0.67521024,-0.347773,1.2691997,0.118278936,0.16627589,0.75176424,0.53637767,0.09689783,-0.59677345,0.4764253,0.7347611,-0.3269534,-1.4040899,0.4623794,-0.46443576,0.0633952,0.8286215,0.02918947,-0.88659036,-0.61150634,-0.082320146,0.036005706,0.33809644,-0.23414275,0.70145065,0.121780366,-0.15507324,-0.33418292,0.058296185,0.009610105,1.0911108,0.52624255,-0.41687414,0.13255902,0.51755106
0.33758008,0.15085317,0.11203604,-0.14403927,0.1383838,-0.29360345,-0.38597348,-0.47183356,-0.4321776,0.37781018,-0.0842989,-0.2725408,0.5544731,-0.497659,0.026396612,0.3496463,0.51409036,-0.20156145,0.08393116,0.22337216,0.7098678,-0.78036416,-0.2654007,0.008725626,0.4186736,0.026859723,0.08635912,0.48924413,0.27430156,0.22019666,0.19084159,-0.13071726,0.20232046,-0.2265511,-0.37802204,-0.50098306,0.13638031,0.07521233,-0.51055074,-0.65772307,-0.48734224,1.0685408
0.037377108,-0.07653127,0.48855296,-0.069231644,0.4739662,-0.34163836,-0.2524586,-0.19049883,-0.43144304,0.5860747,-0.09792127,0.09553111,0.5566031,-0.14214331,-0.04998493,-0.10928022,0.32430974,0.07348798,-0.07253395,-0.24451952,0.47060686,-0.5968776,-0.28275365,0.38388067,0.2530166,-0.10223778,-0.1654084,-0.08561898,0.035225857,0.5090353,-0.25394118,0.17611286,-0.06863935,-0.28004324,-0.2080853,-0.104164064,0.17536534,0.08326344,-0.15138975,-0.41093978,-0.25663832,0.43290263
-0.055977855,-0.07793132,0.56061906,-0.07667201,0.42587134,-0.34244037,-0.24992937,-0.14861391,-0.44382644,0.5408109,-0.079080224,0.14798386,0.563004,-0.10940361,-0.08464925,-0.12229851,0.2920455,0.106206916,-0.030333811,-0.27711275,0.45951003,-0.6389145,-0.3034017,0.34950644,0.27978662,-0.037227985,-0.1998031,-0.123128325,-0.025446594,0.5765225,-0.25767845,0.16955204,-0.057438724,-0.25082508,-0.18641502,-0.10124336,0.1476418,0.015750404,-0.112338684,-0.46478927,-0.28796527,0.3386195
0.03679816,-0.09194984,0.47771797,-0.08477998,0.45603567,-0.37061188,-0.26588622,-0.22717187,-0.44012287,0.5979632,-0.11289388,0.086606525,0.6205836,-0.15829498,-0.019054962,-0.08957655,0.3124892,0.07067086,-0.09348075,-0.219964,0.47272027,-0.56823397,-0.28434667,0.38651577,0.23973298,-0.091498315,-0.14880566,-0.020079544,0.03593318,0.49007845,-0.23263803,0.14442407,-0.08580285,-0.31506872,-0.23379692,-0.12205757,0.1733874,0.1302153,-0.1752141,-0.42051172,-0.22732702,0.48886824
0.06081538,0.10007655,0.43063235,-0.07493924,0.36162105,-0.2872078,-0.27929464,-0.23366301,-0.35137126,0.5385882,-0.05807046,0.028948937,0.5212937,-0.14571236,-0.10603675,-0.0014735896,0.36175463,0.042945772,-0.034219205,-0.18640712,0.5606279,-0.6734369,-0.27658328,0.26718223,0.25257605,-0.107906796,-0.12680352,0.0011688407,0.054386187,0.47564414,-0.11966257,0.22762962,-0.008506671,-0.27013627,-0.268883,-0.2716922,0.18551056,0.07024189,-0.16118512,-0.4147595,-0.39735144,0.6054853
0.04535712,0.55595106,0.28488162,-0.1649109,-0.5064385,-0.31807026,-0.4452379,-0.55190253,-0.48293346,0.26932123,0.14842816,-0.33521256,0.594698,-0.9774446,-0.11507807,1.3054022,0.82523715,-0.4747585,0.11902663,0.5743997,1.2278163,-1.8556836,-0.7097199,-0.8893638,0.9195752,0.6767124,0.17952184,0.88287216,0.58313376,0.41083884,0.49931177,-0.36197662,0.5976371,0.079941384,-0.47808635,-0.77923685,-0.24243407,-0.18656993,-1.1581134,-1.683032,-1.2513219,1.7482653
0.3933383,0.32319346,0.13435146,-0.1169282,-0.11778261,-0.24438168,-0.5361927,-0.40609205,-0.37285578,0.17997971,-0.08929543,-0.3720284,0.615417,-0.6264861,-0.010434408,0.6018449,0.5814693,-0.28344068,0.15678783,0.3689283,0.8320716,-1.0788319,-0.37892464,-0.33601758,0.55895704,0.07464961,0.12522505,0.629699,0.40875682,0.17566563,0.3288616,-0.2201101,0.3704654,-0.16230507,-0.50406057,-0.7104912,0.07707402,0.13891986,-0.59768945,-0.9945993,-0.6697282,1.4693047
0.2860173,-0.20841874,0.27161515,-0.12696333,0.5540385,-0.44893333,-0.24176806,-0.402299,-0.6065871,0.7070102,-0.1379892,-0.13450426,0.63465804,-0.15250996,0.15027475,-0.09505801,0.251321,-0.013856771,-0.11060175,-0.17446332,0.3930957,-0.2418838,-0.38203254,0.70470846,0.060892478,-0.30374756,-0.23671593,0.15601124,-0.027634552,0.31572357,-0.10093008,0.20650443,-0.046853077,-0.60837454,-0.20390709,-0.30238461,0.15929317,0.3590062,-0.21638554,-0.22180106,-0.13938437,0.583901
-0.026293764,0.34756812,0.38365,-0.13047178,-0.3310248,-0.25165367,-0.419053,-0.2774616,-0.5317698,-0.0022902973,-0.0938603,-0.032601748,0.84054905,-0.50606626,-0.18071896,0.6569591,0.52536386,-0.09855269,0.2729964,0.14488155,0.50796497,-1.41326,-0.58406943,-0.68493056,0.42110768,0.19925183,-0.094122514,0.2634782,-0.04175356,0.74346286,0.040873036,-0.25220782,0.2515942,-0.0070184176,-0.45768592,-0.4503239,-0.1560314,-0.42751414,-0.35783878,-1.2990621,-0.8660511,0.86524594
0.058062054,-0.089218706,0.5058275,-0.05925498,0.48002067,-0.3314838,-0.22705717,-0.15347242,-0.3768652,0.5919212,-0.08238967,0.05157524,0.57702506,-0.08978625,-0.0486917,-0.14543281,0.30974048,0.1120034,-0.086924724,-0.28818893,0.44933146,-0.55397815,-0.30966002,0.44559965,0.18178447,-0.17363773,-0.19586244,-0.04893377,0.014075309,0.47419125,-0.23457888,0.21818925,-0.09155448,-0.32044193,-0.22960687,-0.086886466,0.18023258,0.22030881,-0.10941566,-0.38812712,-0.23382975,0.4782715
-0.13781807,0.21535924,0.6727911,0.040793058,0.28922492,-0.26110026,-0.088480175,0.11334787,-0.13478251,0.6242958,0.16651972,-0.0145988,0.60464364,0.2985836,-0.30993637,-0.016028268,0.06603695,0.06692583,-0.17257874,-0.6681686,0.6953832,-0.8143802,-0.28129905,0.56178576,0.18453082,-0.21021943,-0.35726023,-0.31150863,-0.187746,0.81689197,-0.24102172,0.5178682,-0.09077329,-0.3949955,-0.105729975,-0.22396061,0.3259488,0.055730183,0.16142572,-0.28204754,-0.44406882,0.3333343
0.063410684,-0.039290577,0.50743306,-0.07376708,0.48668543,-0.31072897,-0.25514236,-0.16012712,-0.3771718,0.60477114,-0.08118527,0.075918786,0.52931774,-0.079564445,-0.0461727,-0.12111251,0.32416162,0.09150465,-0.07369107,-0.2863428,0.44700128,-0.57419246,-0.26819155,0.41182244,0.22745106,-0.18409711,-0.18839738,-0.05982626,0.027630368,0.46404064,-0.23457748,0.23820108,-0.062970765,-0.2902697,-0.24100421,-0.11754751,0.17382534,0.15828289,-0.088541776,-0.38886988,-0.2581726,0.46118373
0.020036502,-0.08349469,0.5191938,-0.095832184,0.50173604,-0.34954333,-0.27284008,-0.17275944,-0.4230252,0.6281417,-0.100705795,0.096701846,0.57537997,-0.099896,-0.059968654,-0.15178664,0.2918822,0.10563448,-0.103853226,-0.30775103,0.46290398,-0.53044504,-0.25315428,0.43380982,0.23347253,-0.16203772,-0.16866472,-0.07658434,0.044953667,0.46971527,-0.24903147,0.24517016,-0.09301546,-0.30497578,-0.23637176,-0.09492498,0.18775915,0.16120231,-0.09532771,-0.35266584,-0.22755465,0.44759363
0.04086299,-0.07678622,0.521132,-0.08011604,0.49777383,-0.35350814,-0.2574245,-0.1851751,-0.39562955,0.63577026,-0.07549881,0.105936386,0.5645048,-0.10127232,-0.05986995,-0.1342762,0.30269635,0.10270064,-0.09390491,-0.30140275,0.47090167,-0.5523622,-0.26360804,0.43498662,0.22255301,-0.14434671,-0.16866624,-0.09001889,0.040064465,0.47750273,-0.23185207,0.22993289,-0.10374878,-0.30041093,-0.23471391,-0.102266096,0.18779561,0.14355817,-0.12349858,-0.37113652,-0.24091752,0.43692103
0.053338338,-0.17595929,0.5770262,-0.014438573,0.7900454,-0.41235143,-0.06736228,-0.10213499,-0.46039662,0.9454099,-0.47595677,0.23256092,0.8401567,-0.26682386,-0.17075902,-0.26454693,0.13927403,0.12882319,-0.2903016,-0.2556282,0.36986548,-0.5212869,-0.48939374,0.51594746,0.25993767,-0.032127973,-0.2678845,-0.1979479,0.2276343,0.38455763,-0.59066963,0.20816049,-0.4152371,-0.28380248,-0.05924421,0.32483035,0.1647975,0.29446882,-0.10883613,-0.2985921,0.048245702,0.25214624
0.56467587,-0.40675783,0.21708012,-0.18688256,0.7345379,-0.6133451,-0.24991128,-0.5461021,-0.99447495,0.92475003,-0.20967302,-0.19477993,0.76573724,-0.3788299,0.31196058,-0.03863606,-0.07982659,-0.083457015,-0.2514331,-0.049968578,0.20445351,0.17345469,-0.7490607,0.93168896,-0.06197934,-0.50096864,-0.3398212,0.1585764,-6.7419933e-06,0.22311229,-0.07514586,0.45955986,-0.010893407,-1.1112903,-0.13619755,-0.61310595,0.15343913,0.8003114,-0.34389892,-0.040215276,-0.15747502,0.85722846
-0.0965852,-0.060043745,0.5959221,-0.09726135,0.48378193,-0.37023875,-0.19995986,-0.21589223,-0.36044618,0.5786571,-0.119581245,0.2053906,0.5384953,-0.048623152,-0.11378318,-0.17717525,0.28247717,0.101249896,-0.095091745,-0.29215664,0.479497,-0.62819356,-0.3162752,0.38399404,0.21650033,-0.104261816,-0.0753642,-0.18024541,-0.017220877,0.57142675,-0.31959656,0.28773868,-0.12096852,-0.25638688,-0.2434204,-0.16878468,0.20437588,0.10087983,-0.14391899,-0.37986752,-0.29978767,0.40185717
0.042805254,-0.099907614,0.48240015,-0.10024123,0.42293486,-0.3460378,-0.283371,-0.17899384,-0.41214246,0.57885873,-0.11854637,0.06302457,0.60433483,-0.17963132,-0.028532673,-0.11757111,0.32936788,0.054795325,-0.07222211,-0.26404318,0.44818872,-0.55062824,-0.30079252,0.3578553,0.23492765,-0.1402975,-0.18297397,-0.055173025,0.08397402,0.44959894,-0.2436256,0.13512197,-0.070973106,-0.27629182,-0.24160977,-0.09244669,0.11400329,0.15528993,-0.14913252,-0.48009208,-0.2283226,0.50643617
-0.0102556525,-0.024905594,0.55281204,-0.078382336,0.5504878,-0.23379043,-0.31463102,-0.085025094,-0.40919957,0.582125,-0.03391525,0.071539156,0.53419274,-0.017846802,-0.08151308,-0.17055629,0.43002987,0.14440231,-0.06991969,-0.35008267,0.51701826,-0.640714,-0.2189238,0.43948594,0.25841588,-0.18440281,-0.21366435,-0.07395769,0.059797857,0.46360993,-0.24161755,0.22939831,-0.007808853,-0.24499045,-0.22164032,-0.12352412,0.2220808,0.16985251,-0.040809724,-0.3880232,-0.2734105,0.42018422
0.03647921,-0.051407948,0.4981145,-0.08216947,0.42725274,-0.34870574,-0.26637194,-0.1822563,-0.40483505,0.5699334,-0.09725919,0.07635333,0.5831075,-0.1437424,-0.059879117,-0.09418603,0.31507453,0.08348421,-0.07561665,-0.25399676,0.47959012,-0.62277764,-0.29696548,0.34037092,0.24173953,-0.10899527,-0.1600705,-0.0518852,0.029119294,0.48812723,-0.23031813,0.18775842,-0.06242581,-0.2732888,-0.24464364,-0.115203924,0.15233819,0.12133905,-0.14045109,-0.44912225,-0.2683268,0.49679643
-0.0017469245,-0.017568085,0.5324984,-0.07778177,0.4555847,-0.30634287,-0.28202903,-0.15293205,-0.41380152,0.59427315,-0.09867226,0.09586591,0.57105106,-0.10375937,-0.10661812,-0.09043198,0.32271743,0.11060604,-0.07808327,-0.27466488,0.48729622,-0.6483781,-0.28969926,0.35769054,0.25705674,-0.12725876,-0.16840267,-0.0712953,0.027166296,0.5168721,-0.22677772,0.23352216,-0.07566487,-0.2549153,-0.25627592,-0.12565893,0.17483465,0.085529216,-0.09284468,-0.4398827,-0.29219842,0.4462257
0.07469859,-0.05352908,0.4862325,-0.13257189,0.48831567,-0.3939744,-0.22775438,-0.19456291,-0.39847556,0.6352129,-0.12312915,0.055517133,0.51047313,-0.08673576,-0.052297793,-0.15825129,0.22078781,0.014634685,-0.07328412,-0.29594344,0.43376884,-0.50886905,-0.33103353,0.45209587,0.17850387,-0.20536463,-0.20131917,-0.072412714,-0.009759035,0.42509165,-0.19039993,0.2713455,-0.10818276,-0.37323883,-0.2208546,-0.22092305,0.21972819,0.26672357,-0.13212486,-0.30774257,-0.23637162,0.5129021
0.08829513,-0.03565244,0.46995914,-0.07967832,0.45731047,-0.29283702,-0.26852918,-0.14857113,-0.3913919,0.5593643,-0.08147426,0.016616184,0.57926047,-0.11222824,-0.044645738,-0.1000458,0.34823677,0.06516719,-0.06225529,-0.25292912,0.47617516,-0.60200924,-0.3122701,0.3547338,0.22309232,-0.1898685,-0.16992587,-0.029739203,0.027288502,0.43905282,-0.19477263,0.201287,-0.05030643,-0.2775695,-0.25518417,-0.15043394,0.15822513,0.1643847,-0.104336016,-0.43194556,-0.27385014,0.48800117
-0.07424687,-0.051966015,0.61607915,-0.07224449,0.4372694,-0.33507797,-0.24842548,-0.1402904,-0.43274385,0.5203802,-0.04248694,0.17467692,0.5686058,-0.053855587,-0.062796146,-0.12497557,0.32167694,0.12190507,-0.014384927,-0.32948112,0.44690552,-0.66445607,-0.28843296,0.3905579,0.24738069,-0.04220667,-0.27282432,-0.10913252,-0.051132284,0.580194,-0.3131526,0.17060168,-0.05863979,-0.20039383,-0.14605199,-0.037590854,0.1198799,-0.022188358,-0.14628255,-0.47038063,-0.29420727,0.27039775
0.03138866,-0.088267565,0.54243374,-0.07207522,0.5022023,-0.36479282,-0.24660528,-0.16625966,-0.42101046,0.6098343,-0.082247175,0.10712832,0.56233186,-0.08369713,-0.033839345,-0.16263449,0.33470827,0.08911229,-0.076718085,-0.31252408,0.47622755,-0.5873879,-0.28509447,0.4506075,0.22074461,-0.12774956,-0.21048678,-0.08421967,-0.005676557,0.5303152,-0.26068,0.21730219,-0.10219184,-0.26684493,-0.21124503,-0.08484018,0.1856259,0.11153644,-0.12119965,-0.40598583,-0.25173756,0.3992314
0.059281588,-0.07986376,0.49533466,-0.07160847,0.4866877,-0.33320445,-0.2547788,-0.17963105,-0.3851575,0.6070649,-0.09001394,0.07545364,0.55496824,-0.096061714,-0.03355175,-0.12154678,0.31806734,0.07763261,-0.06622224,-0.27902284,0.46544695,-0.56457615,-0.2730771,0.41149423,0.2085303,-0.16044411,-0.18936658,-0.0522026,0.014180458,0.4725679,-0.22586623,0.21417345,-0.08134505,-0.29347134,-0.23599198,-0.13010411,0.16744426,0.15666714,-0.11728603,-0.3798689,-0.25087327,0.45913914
1.5551298,0.5004833,0.15665801,0.6220248,1.023724,0.0756977,-0.09491742,-0.24750954,-0.091718026,0.05909595,-0.02011515,-0.9255336,0.12151859,0.2601772,0.53013474,0.20006993,1.0458165,-0.46723136,0.78682834,0.46028936,1.1322739,-1.3390824,-0.9938463,0.45630535,0.058875896,-0.9461798,-0.60399204,1.0316768,-0.32704124,0.29870653,0.3425948,-0.021257488,0.4102634,0.2160637,-0.39347252,-0.86007386,0.34979483,0.3715751,-0.35782793,-0.9731166,-0.7926409,0.8159848
0.05377487,-0.073166944,0.49817887,-0.07213503,0.45622882,-0.34640148,-0.24794532,-0.16839342,-0.38464704,0.6015853,-0.078328826,0.086172484,0.5592086,-0.09881051,-0.019470714,-0.12269618,0.28862327,0.093265794,-0.08410288,-0.2622334,0.44896403,-0.56794673,-0.2839029,0.3863623,0.22059493,-0.12578723,-0.186489,-0.05914202,0.028529447,0.48464927,-0.23740616,0.20145106,-0.070543215,-0.2669008,-0.21252595,-0.11189142,0.16461208,0.1371348,-0.13169809,-0.39186612,-0.2513531,0.44950005
0.06909171,-0.059921853,0.5198149,-0.059109088,0.52254546,-0.3536541,-0.25594896,-0.18628712,-0.39230776,0.611461,-0.08953246,0.07240605,0.5441103,-0.06703777,-0.028667828,-0.14665766,0.3233181,0.106082894,-0.078959644,-0.2923187,0.4815545,-0.56227356,-0.2862245,0.44550705,0.21625747,-0.16322863,-0.20839475,-0.05951255,0.021683447,0.4935319,-0.23935924,0.24193592,-0.07304525,-0.29076266,-0.22427735,-0.14055827,0.20897368,0.14916214,-0.10679881,-0.3679097,-0.24396737,0.4644048
0.23352158,-0.20278741,0.41073465,-0.093033165,0.36294368,-0.46768826,-0.2838191,-0.31422225,-0.44562858,0.4984604,-0.086660855,0.09831005,0.57693744,-0.30644193,0.21314393,-0.04030378,0.38619423,-0.056884337,0.036794923,-0.12496448,0.34985727,-0.63401204,-0.25040236,0.2139512,0.34716693,-0.0023613279,-0.12793411,-0.03766453,0.06256612,0.498342,-0.29497054,-0.009099232,-0.13260601,-0.2495432,-0.24430259,0.0039348626,0.036404822,-0.039308768,-0.3229187,-0.6453596,-0.23646915,0.55327463
0.06432215,-0.16456027,0.48018137,-0.085764036,0.43164006,-0.3438863,-0.28960764,-0.23427725,-0.44538316,0.6058704,-0.096906535,0.12688766,0.59597623,-0.19430022,0.042730756,-0.11982834,0.28939924,0.06750451,-0.11085637,-0.19723158,0.40627104,-0.49040347,-0.29466507,0.3124296,0.2828863,-0.059683908,-0.10207017,-0.114397846,0.08808321,0.43940052,-0.27456892,0.120631665,-0.12020705,-0.2450818,-0.23310617,-0.04674359,0.1452918,0.08161919,-0.1717379,-0.49144533,-0.19824952,0.49107578
0.060840774,-0.16274862,0.4988439,-0.072376855,0.43247265,-0.34623384,-0.2925874,-0.24373999,-0.4577151,0.60750544,-0.11616527,0.12583491,0.62210417,-0.20614207,0.059538722,-0.10865491,0.31186536,0.05371006,-0.08986309,-0.18450248,0.41125658,-0.5220535,-0.30716223,0.32384834,0.29262263,-0.053668823,-0.11293874,-0.10733042,0.09562699,0.47090808,-0.267105,0.10151659,-0.1193122,-0.25561446,-0.25053078,-0.039667435,0.12992597,0.08600055,-0.16427162,-0.5257653,-0.20556808,0.5153106
-0.03343878,-0.068335816,0.5825225,-0.077209964,0.49860886,-0.3551129,-0.25690556,-0.15976079,-0.43068138,0.6520318,-0.06643537,0.1275267,0.57039404,-0.08757221,-0.05206123,-0.1418295,0.32169122,0.116218805,-0.106381305,-0.32572708,0.47790167,-0.60851985,-0.2426248,0.42519888,0.2660502,-0.102481544,-0.16586302,-0.119436875,0.042594034,0.5557505,-0.28593782,0.24485144,-0.09737018,-0.26815262,-0.2121347,-0.07749851,0.20661809,0.08552133,-0.09747759,-0.40891528,-0.25928372,0.4152771
