-0.23760672,-0.29402545,0.4195355,0.0038081915,0.17822196,0.2667969,0.14208545,0.24369265,-0.24352284,-0.5689693,-0.045479964,-0.048566677,-0.24755345,0.0649183,-0.07172623,-0.12902884,-0.096498035,0.16626467,-0.10394326,-0.046234395,-0.38237292,-0.4465327,0.3025177,-0.1831789,-0.5337635,0.014966135,0.015238958,0.20515506,-0.06430374,0.12541571,-0.21759354,-0.18677701,0.18803021,-0.24972472,-0.11516818,-0.0774419,0.24958494,-0.28646252,-0.12777495,-0.12601376,0.16162924,0.32653376
-0.1484464,-0.20757374,0.3037253,0.021072026,0.115362056,0.18210009,0.081556134,0.117721274,-0.1441697,-0.37414894,-0.02997106,-0.03435922,-0.19994433,0.04247763,-0.06198323,-0.05945781,-0.05799078,0.13350965,-0.06647691,-0.037927806,-0.23352945,-0.2974262,0.21303952,-0.17448157,-0.37283647,-0.021914031,0.0065529663,0.10517691,-0.0529938,0.07670177,-0.15281108,-0.17530943,0.13869189,-0.18935679,-0.07429463,-0.03377711,0.1680372,-0.2102235,-0.07560596,-0.06295835,0.1394536,0.2643038
-0.13503146,-0.48690233,0.45516255,0.11870789,0.76862067,0.25008464,0.46776956,-0.13927028,-0.082161665,-0.5327125,-0.5644081,0.04216367,-0.30086076,0.10647127,0.6331249,-0.07218648,-0.16156393,-0.00059449195,-0.5720885,0.052817542,-0.08159983,-0.8966604,0.24049407,-1.0401618,-0.88853955,0.08621633,-0.35568443,-0.12779021,-0.33365247,0.39567295,0.44101778,-0.2667862,-0.42846325,-0.5574365,0.16021757,-0.5086374,0.4494835,0.050094426,0.10567598,-0.090235,-0.08974651,0.37964195
-0.46474454,0.02227425,0.61366415,0.08239333,0.3002178,0.5665487,0.15388264,0.31430432,-0.14485997,-0.55913556,-0.006877253,-0.052222975,-0.13138616,0.18788989,-0.09977603,0.0012427423,-0.16225736,0.44073805,-0.28736347,-0.15424263,-0.3488183,-0.35596383,0.673241,-0.25405964,-0.46545592,0.033548903,0.033066902,0.21981394,-0.12260868,0.27022848,-0.2628134,-0.3463699,0.15687042,-0.15792726,-0.15601227,-0.1398787,0.16000015,-0.3080449,-0.1923473,-0.19156407,0.044280455,0.24320164
-0.3293042,-0.303411,0.49012217,0.17421664,0.4221135,0.40402955,0.20144193,0.1407056,-0.24728012,-0.775759,-0.110496506,-0.013474865,-0.29002395,0.14933704,0.098552644,-0.06460488,-0.14193009,0.28734162,-0.2001084,0.04604591,-0.19883977,-0.62641555,0.4261347,-0.3963261,-0.76128536,-0.0066190334,-0.15136051,0.1937773,-0.17953238,0.37418067,-0.025770757,-0.26847062,0.16527453,-0.47088674,-0.005339587,-0.16198641,0.48471448,-0.26475638,0.006137354,-0.13210711,0.070325464,0.44758534
-0.27882814,-0.43581542,0.53854954,-0.048394382,0.11475565,0.26732254,0.19726686,0.2947385,-0.3778138,-0.72581637,-0.08377802,-0.068219736,-0.3305042,0.09783928,-0.1194994,-0.1846943,-0.1267842,0.14768642,-0.019966329,-0.044503428,-0.42041016,-0.59505624,0.30926707,-0.2405246,-0.6990295,0.0020116516,0.030734705,0.20728245,-0.12817796,0.11833286,-0.29120114,-0.20932558,0.2966149,-0.38877082,-0.14852217,-0.11930668,0.31694654,-0.3816571,-0.12410372,-0.09777391,0.2647528,0.4425973
-0.2649203,-0.32620254,0.5574186,0.085111074,0.28390735,0.38570586,0.22173873,0.30092275,-0.32439578,-0.8285057,-0.027843002,0.017306847,-0.35049886,0.1072958,-0.10059155,-0.1596601,-0.06296381,0.18437627,-0.08879253,-0.02273191,-0.45381275,-0.6299632,0.4778296,-0.36633578,-0.7610804,0.028237477,-0.03738183,0.3039373,-0.07831036,0.16749978,-0.290682,-0.2894225,0.2523807,-0.44739577,-0.04230243,-0.11254053,0.4234573,-0.3959681,-0.14618841,-0.15065883,0.22453102,0.46666813
-0.30254215,-0.4116285,0.6454011,0.06501349,0.2837264,0.3933241,0.1906611,0.29652852,-0.34660977,-0.85613436,-0.082523055,-0.030171325,-0.43843204,0.08853339,-0.118846714,-0.19561855,-0.102882355,0.24684215,-0.1530764,-0.08798871,-0.49910167,-0.6384924,0.44469008,-0.32826054,-0.8292313,-0.019287026,0.01224395,0.29466492,-0.11838179,0.19017878,-0.33833715,-0.30897236,0.26478642,-0.46952656,-0.12314844,-0.11509264,0.40606514,-0.43937373,-0.15650018,-0.16486917,0.27567148,0.51444054
-0.31411657,-0.38340667,0.59790576,0.045200106,0.36634034,0.38891622,0.18556622,0.2261714,-0.31634405,-0.8511114,-0.16226451,-0.07468755,-0.42538565,0.08899461,-0.10716278,-0.21632266,-0.15347728,0.3439183,-0.23862088,-0.050515417,-0.4353982,-0.59647137,0.45073497,-0.401862,-0.8627662,-0.004498782,-0.018983107,0.30199724,-0.05646872,0.25155476,-0.29951048,-0.33295527,0.20456654,-0.44111586,-0.19531074,-0.15021583,0.42519376,-0.49681315,-0.15858647,-0.16919127,0.25647813,0.5394727
-0.25470826,-0.22310838,0.7534179,0.19402407,0.567079,0.55444413,0.32944158,0.3682933,-0.30880952,-0.9069153,-0.20727944,-0.00039139102,-0.49638465,0.07032318,0.00509158,-0.18150103,-0.019399785,0.25570527,-0.30748898,-0.10758173,-0.5340779,-0.71822816,0.7272868,-0.5144384,-0.90182596,0.057897408,-0.021743942,0.44485107,-0.107681155,0.37826183,-0.23242576,-0.30150676,0.096060306,-0.62074435,0.105275415,-0.20764332,0.51275516,-0.381279,-0.03871362,-0.2452087,0.16995624,0.46851513
-0.25742644,-0.0431819,0.42245433,0.13869171,0.47165465,0.47515696,0.28328323,0.23263043,-0.27742535,-0.69555646,-0.1577016,0.013245512,-0.3388878,0.05034948,0.06703864,-0.28224054,0.003852883,0.2082547,-0.26430675,0.019830175,-0.36297083,-0.5059012,0.4112618,-0.41641283,-0.7242742,0.153087,-0.027433643,0.33254075,0.06539317,0.38101232,-0.14624272,-0.23524883,0.055939883,-0.5538233,-0.05625783,-0.21203604,0.5835808,-0.32183605,-0.11522322,-0.28967997,0.044236567,0.44101086
-0.5122373,-0.21061489,0.86337876,0.17081022,0.55205226,0.76307565,0.31350535,0.39671054,-0.42349258,-1.0544078,-0.22053584,-0.06569132,-0.44408917,0.090123035,-0.035072003,-0.31146878,-0.22575451,0.51873314,-0.49052897,-0.1793634,-0.7040718,-0.7485203,0.78584975,-0.5450034,-1.0431646,0.07399049,0.026269639,0.47626534,-0.090173535,0.4568044,-0.34931734,-0.4851324,0.17289564,-0.5688258,-0.23922522,-0.30521145,0.5360204,-0.5472682,-0.2690198,-0.34332773,0.19520831,0.6212595
-0.32600456,-0.33747458,0.5854481,0.100982115,0.32538685,0.3958032,0.25261515,0.27626204,-0.33075607,-0.8295809,-0.066056795,-0.018948551,-0.3431079,0.21465069,-0.011397164,-0.17264104,-0.12227725,0.20980863,-0.1326919,0.006371932,-0.3911357,-0.66956234,0.4859722,-0.3853554,-0.8132294,0.040064357,-0.06144622,0.21403228,-0.11472776,0.2557579,-0.16602366,-0.285297,0.25265014,-0.48373553,-0.06936616,-0.15446478,0.44985244,-0.39410096,-0.086087495,-0.1561583,0.14480317,0.44922885
-0.5728662,-0.50241303,0.71047616,0.10935676,0.614114,0.4934593,0.29161698,0.15087472,-0.38791987,-1.1326966,-0.2551374,-0.16947159,-0.40136707,0.25146884,0.13582027,-0.2772673,-0.27404884,0.44146246,-0.40055576,0.007093025,-0.37651277,-0.773068,0.44786522,-0.54473615,-1.1646609,0.092168584,-0.088664,0.10520717,-0.12551863,0.59082776,-0.09115222,-0.40273973,0.29129112,-0.6261069,-0.3368621,-0.21625616,0.7145625,-0.55330807,-0.1496389,-0.2673495,0.10129607,0.74967504
-0.32240966,-0.37046272,0.7080626,0.15667537,0.44421953,0.35196882,0.2894776,0.24751668,-0.29697004,-0.8736331,-0.13404225,-0.017434666,-0.26332107,0.07786348,0.018848471,-0.34003204,-0.2661695,0.31388944,-0.39960834,-0.031006219,-0.49951172,-0.6518718,0.55906147,-0.317205,-0.85424,0.06948982,0.09724318,0.20606242,-0.08491587,0.3388648,-0.006090165,-0.37141857,0.332151,-0.44431996,-0.2052884,-0.18380743,0.42505383,-0.4919379,-0.18770206,-0.2877545,0.15782504,0.59348625
-0.29424474,-0.34079364,0.62213486,0.0848794,0.34693995,0.4450465,0.19255151,0.2760452,-0.33010313,-0.85331434,-0.08435441,-0.016667845,-0.35172313,0.124366164,-0.07027732,-0.20110516,-0.12082922,0.28821117,-0.22649199,-0.086832516,-0.47305378,-0.59842575,0.47536445,-0.356185,-0.81569356,0.0047372472,0.00054726494,0.27632365,-0.07582582,0.24044384,-0.30099896,-0.34202856,0.23626782,-0.46517324,-0.1161613,-0.1426524,0.40600038,-0.4391638,-0.17138821,-0.19504467,0.22187804,0.5012681
-0.267032,-0.32405132,0.5004119,0.08772902,0.2895135,0.36215115,0.20906398,0.23320507,-0.27827436,-0.76379496,-0.07222793,-0.014565146,-0.30455968,0.14365482,0.015832515,-0.14570506,-0.092244156,0.1973367,-0.11791674,0.005923977,-0.34737533,-0.59529066,0.43935284,-0.36615762,-0.71178436,0.035625517,-0.06669374,0.21201174,-0.10102561,0.23730163,-0.15604824,-0.2537347,0.20929293,-0.43997285,-0.04417161,-0.1457727,0.40334287,-0.31509486,-0.081988856,-0.13298422,0.14679825,0.4393527
-0.2803732,-0.3311098,0.59895056,0.21561927,0.4156178,0.43875536,0.25086576,0.23467371,-0.26629612,-0.8412832,-0.027400969,0.026851885,-0.3162915,0.122339815,0.018962722,-0.12337877,-0.11943444,0.24374136,-0.19710113,0.0064718355,-0.398886,-0.68081224,0.5504604,-0.40721226,-0.80545676,0.033269204,-0.08590517,0.25187987,-0.12528802,0.2634015,-0.118538566,-0.33019388,0.21585046,-0.47129685,0.01644935,-0.12269653,0.46338326,-0.34608757,-0.07859713,-0.15841581,0.14022304,0.46635258
-0.35736302,-0.10638836,0.59504783,0.20741592,0.567566,0.5436369,0.3080023,0.27937278,-0.30065343,-0.88385093,-0.13582967,0.017159695,-0.4061631,0.19069919,0.0028250762,-0.14267778,-0.10117873,0.3502412,-0.31502965,0.0037303083,-0.3069246,-0.64955497,0.6208905,-0.4643309,-0.84869576,0.03932848,-0.077364095,0.28074008,-0.02636591,0.39638716,-0.13305128,-0.387959,0.1220775,-0.4947346,-0.04458496,-0.24995242,0.563909,-0.38727292,-0.045045316,-0.19755523,0.08892629,0.430408
-0.36017615,-0.32517812,0.6753326,0.1921987,0.4958767,0.4969452,0.23412715,0.25570765,-0.28456932,-0.9184742,-0.083447844,-0.012061568,-0.3963127,0.17304379,-0.006127355,-0.14651617,-0.18035913,0.35392568,-0.30953065,-0.037621763,-0.43123028,-0.71498716,0.6093837,-0.4512207,-0.9028376,3.6363253e-05,-0.058421835,0.25733238,-0.11492184,0.34579322,-0.16804895,-0.41434035,0.20433243,-0.4735481,-0.10031501,-0.18793245,0.482939,-0.4162025,-0.09579524,-0.18815936,0.18227877,0.521206
-0.20225564,-0.16625392,0.5539029,0.24304798,0.55280566,0.246602,0.3324181,0.14937872,-0.20748787,-0.71817577,-0.20475997,0.03841486,-0.045959357,0.02048617,0.11023441,-0.53335905,-0.2774284,0.31336778,-0.5768649,0.027580045,-0.3254231,-0.43848145,0.54722965,-0.22656916,-0.6789942,0.16115592,0.15292174,0.14957947,-0.015934018,0.36459592,0.29931867,-0.36589602,0.29679295,-0.4118219,-0.20110361,-0.22087911,0.37062272,-0.4097681,-0.11365745,-0.3735825,-0.008922984,0.52431184
-0.19636767,-0.2680607,0.5441809,0.108173154,0.36340636,0.3259243,0.2106813,0.23266216,-0.30911258,-0.72200346,-0.08968119,-0.027299497,-0.31498224,0.06294539,-0.12631701,-0.2655601,-0.08977107,0.203122,-0.2034459,-0.063620575,-0.41272146,-0.46164626,0.42280403,-0.25686187,-0.66710925,0.012617105,0.07463806,0.30886135,-0.061634123,0.1907274,-0.13587902,-0.2399681,0.22562887,-0.44935924,-0.041358225,-0.10399077,0.35654065,-0.3515184,-0.14078425,-0.23769478,0.18711527,0.38369668
-0.16690737,-0.13440311,0.30604464,0.0823351,0.19444449,0.22667073,0.0903699,0.11246957,-0.12519284,-0.4066287,-0.03786179,-0.021922467,-0.17439444,0.06871441,-0.0124753155,-0.060913723,-0.06709727,0.17542255,-0.115303874,-0.027011458,-0.19130199,-0.29060474,0.26948386,-0.1726617,-0.39873543,0.0012489922,-0.011869619,0.11886699,-0.043277342,0.140102,-0.11360697,-0.19302398,0.11565191,-0.21489166,-0.050272446,-0.0770408,0.2018738,-0.20698486,-0.07136417,-0.08201507,0.088553265,0.24102615
-0.1749642,-0.16689399,0.28033364,0.01544764,0.11145577,0.17717925,0.09275199,0.1212881,-0.16164821,-0.39855045,-0.026442697,-0.04280812,-0.17402427,0.064646766,-0.0453119,-0.08266003,-0.069248304,0.13141859,-0.06142328,-0.036105774,-0.20610064,-0.27508163,0.18646376,-0.15187168,-0.34948117,-0.0030394439,-0.01308637,0.097282395,-0.039994635,0.107341744,-0.13221686,-0.12793437,0.13669081,-0.19223782,-0.08411083,-0.078270614,0.2027628,-0.19851561,-0.07170951,-0.07455887,0.112356246,0.21420091
-0.16503115,-0.23949316,0.5354709,0.14773268,0.37146145,0.2976546,0.24289253,0.25373247,-0.3051452,-0.6749597,-0.0364952,0.039021876,-0.23071273,0.08509272,0.045234058,-0.34756884,-0.16678578,0.1157245,-0.2270154,0.0020844832,-0.40726703,-0.5562302,0.48074988,-0.2453037,-0.71177554,0.07716406,0.08096478,0.21406975,0.06835625,0.21557413,-0.033620007,-0.21173911,0.32303247,-0.48697412,-0.078255706,-0.054758586,0.43769142,-0.43902987,-0.10342955,-0.21545294,0.09473326,0.46655902
-0.16236714,-0.10449221,0.22361739,0.02662828,0.15645565,0.14871679,0.08000768,0.04728937,-0.11981985,-0.35108057,-0.061977047,-0.01939303,-0.134275,0.07076789,0.0012252172,-0.089312755,-0.045091517,0.13490756,-0.0902371,-0.0043924493,-0.1291039,-0.2050802,0.15259998,-0.14088362,-0.32611787,0.028037662,-0.016194772,0.061006326,-0.007530312,0.15686472,-0.06983498,-0.11927542,0.08421034,-0.21202303,-0.09494979,-0.06312012,0.22006121,-0.18395111,-0.039206255,-0.06439702,0.04933157,0.21834554
-0.21040297,-0.22607708,0.4292985,0.17519583,0.3746316,0.30981687,0.21207954,0.13240968,-0.19968267,-0.6579888,-0.07001737,0.001708257,-0.27278388,0.09242637,0.052048966,-0.16526313,-0.11074837,0.18868366,-0.19455831,0.027701953,-0.2623257,-0.5283312,0.42802963,-0.38374972,-0.63833266,0.044317495,-0.065410644,0.1763761,-0.048314966,0.24049132,-0.050913677,-0.25904834,0.14188483,-0.3984831,-0.010532505,-0.11773458,0.40637758,-0.30960178,-0.04122971,-0.15416607,0.10634905,0.41405353
-0.25613454,-0.4317293,0.65143394,0.14091271,0.4202389,0.27030268,0.29843298,0.20565613,-0.2937632,-0.8693884,-0.16665378,0.002189054,-0.19802907,0.028386176,0.038236845,-0.5149014,-0.261047,0.3042539,-0.42799228,-0.00018474623,-0.48232064,-0.6186796,0.49057266,-0.28202254,-0.8579942,0.099318944,0.11614057,0.1735157,-0.100118995,0.2885668,0.07675465,-0.38217613,0.4091443,-0.49482727,-0.24466138,-0.1529642,0.41993746,-0.5171737,-0.16028915,-0.30440548,0.1533331,0.6684035
-0.31446713,-0.33945704,0.6039564,0.12710263,0.31379992,0.39301237,0.2309895,0.24391577,-0.33310953,-0.8190192,-0.06831737,-0.024066955,-0.35519364,0.1660124,-0.03187969,-0.1531055,-0.14154172,0.26751232,-0.14600962,-0.037075352,-0.41262096,-0.6279889,0.47995982,-0.3329176,-0.8146612,0.0007503754,-0.030805131,0.22490281,-0.06595643,0.24562128,-0.22652622,-0.3191459,0.27414533,-0.46612316,-0.11678925,-0.14019996,0.45015907,-0.4203631,-0.11263233,-0.16276091,0.19055279,0.50792325
-0.34510568,-0.32729897,0.649842,0.2399183,0.3092527,0.42800465,0.2868636,0.3069455,-0.36858994,-0.9044252,0.07781375,0.023132248,-0.5650029,0.20399092,-0.07875478,-0.10462918,-0.035937503,0.12625268,0.045681506,-0.073878706,-0.5456595,-0.7543709,0.49375588,-0.31965378,-0.8932666,-0.0047573107,-0.01482202,0.27484217,-0.07388696,0.19156386,-0.3547068,-0.27620742,0.37521365,-0.60795766,-0.005756665,-0.027831774,0.63281065,-0.48113376,-0.09742839,-0.14845636,0.32422072,0.5405595
-0.3472287,-0.39216962,0.6614648,0.10860332,0.36165085,0.45255345,0.27097717,0.29876933,-0.33014575,-0.883318,-0.090782136,-0.028997255,-0.37698114,0.14250827,-0.020918386,-0.18174465,-0.16391428,0.27924117,-0.20980969,-0.011253532,-0.48774529,-0.72962296,0.5141973,-0.4184075,-0.8676398,0.038985945,-0.04021372,0.25123653,-0.118603446,0.2643183,-0.22232924,-0.34553728,0.2749115,-0.46994734,-0.101454645,-0.17548472,0.4657168,-0.4087344,-0.15588464,-0.19266479,0.2068356,0.5289953
-0.34748483,-0.29628676,0.6546434,0.083646595,0.45155638,0.46615362,0.2219172,0.25644377,-0.2950639,-0.8605084,-0.14453144,-0.035425223,-0.32431537,0.13387226,-0.027660133,-0.2183253,-0.19847184,0.33693132,-0.36366943,-0.0701061,-0.501023,-0.59791297,0.51213294,-0.39445797,-0.8620803,0.024663212,0.0052969735,0.2296635,-0.016054196,0.33008876,-0.21863542,-0.3797746,0.20129192,-0.44826877,-0.19881304,-0.21894333,0.4595649,-0.4592593,-0.1973184,-0.21898854,0.1537986,0.51762444
-0.5330049,-0.311106,1.047209,0.10757274,0.59228003,0.757689,0.24073647,0.47204053,-0.41804135,-1.0452095,-0.26887733,-0.19141215,-0.4080335,0.15694906,-0.11075801,-0.24655396,-0.2921787,0.6516466,-0.6543402,-0.24609374,-0.68881536,-0.72489184,0.85864264,-0.49740314,-1.0362921,0.019596726,0.05678322,0.4589775,-0.13727705,0.512669,-0.40087116,-0.5590133,0.17002672,-0.48512328,-0.34763128,-0.30860576,0.3839141,-0.62899435,-0.18963267,-0.27018672,0.22846645,0.63538325
-0.30440226,-0.30324927,0.577476,0.09707828,0.33408815,0.38258734,0.2028059,0.2251062,-0.2708081,-0.7343632,-0.103744976,-0.028212357,-0.31378648,0.090552725,-0.057716593,-0.16438086,-0.14625768,0.28473493,-0.24213368,-0.07036571,-0.43011862,-0.53808993,0.42898354,-0.3151101,-0.72892827,-0.008024239,0.0020786747,0.21679968,-0.072701156,0.2255216,-0.2438298,-0.3374832,0.19697236,-0.353355,-0.15622935,-0.148506,0.359226,-0.38352734,-0.16854374,-0.15870142,0.19472563,0.4604828
-0.39811075,-0.28843755,0.71211344,0.2275809,0.53745866,0.5518506,0.20597197,0.19724478,-0.122288145,-0.89053017,0.0055062748,0.0995804,-0.31242007,0.1734438,0.03833245,0.04562939,-0.17529516,0.4810053,-0.27770165,0.08949011,-0.30684853,-0.6974653,0.79953283,-0.47081846,-0.92823726,0.053446364,-0.17410056,0.22051302,-0.24425825,0.395464,-0.02479579,-0.46603918,0.17966527,-0.37834468,-0.01366364,-0.17235985,0.48639375,-0.31288323,-0.059815537,-0.1514762,0.11940817,0.46456704
-0.31096122,-0.39570507,0.61753297,0.0777073,0.30861777,0.4137386,0.20603135,0.25976783,-0.3066847,-0.82222813,-0.109228924,-0.05092571,-0.3666929,0.10270465,-0.068929374,-0.1934002,-0.16291374,0.31148538,-0.23347376,-0.070572734,-0.48567775,-0.5903031,0.45045882,-0.35165238,-0.79006743,0.005343115,-0.014967735,0.24422231,-0.09958611,0.23391458,-0.26652396,-0.34772685,0.23706776,-0.41632134,-0.15807474,-0.15765941,0.37543353,-0.4199999,-0.1716331,-0.16544469,0.24294738,0.5180094
-0.29892236,-0.25541988,0.48176822,0.06056306,0.3257355,0.34251526,0.26980582,0.22385557,-0.24735412,-0.75747484,-0.07144403,-0.014098911,-0.23622829,0.08536798,0.06391159,-0.17846304,-0.0786348,0.15168247,-0.15702903,0.021480817,-0.43413076,-0.5702734,0.372355,-0.37339658,-0.6869686,0.09703064,-0.05237621,0.1673631,-0.06675458,0.28026566,-0.11031136,-0.19871414,0.15003547,-0.42941394,-0.035844766,-0.1969558,0.45388994,-0.2875193,-0.1678161,-0.23231037,0.06354556,0.39600694
-0.28834316,-0.31231245,0.59353137,0.031989936,0.26249003,0.36649927,0.1754866,0.28057384,-0.30997142,-0.76384515,-0.109779455,-0.06569825,-0.31696987,0.06613095,-0.11298838,-0.21821174,-0.14964204,0.27931583,-0.20839089,-0.09422443,-0.4801305,-0.5124637,0.44829118,-0.2900723,-0.7104343,-0.001828271,0.026547076,0.29804945,-0.059501205,0.19256596,-0.31257236,-0.28375623,0.22632498,-0.38287506,-0.1603861,-0.15853141,0.352414,-0.42576125,-0.18008736,-0.1979398,0.22846934,0.44930297
-0.28136742,-0.29756242,0.6496599,0.16280328,0.46031004,0.4522613,0.2561443,0.28548598,-0.32730743,-0.91416794,-0.094347216,0.009333814,-0.41244188,0.07236575,-0.06662367,-0.20694678,-0.12021411,0.27023298,-0.24628921,-0.023422305,-0.49219745,-0.66484785,0.53875893,-0.39492542,-0.8681283,0.02844703,-0.0028950928,0.3646307,-0.08074617,0.27017528,-0.19330296,-0.31885853,0.23005903,-0.5403371,-0.0252514,-0.15859447,0.5306598,-0.4124471,-0.16356511,-0.23385073,0.21404333,0.47801393
-0.5058633,-0.33417302,0.8125986,0.18602176,0.6445733,0.49546468,0.31085536,0.16439563,-0.37514853,-1.0179557,-0.32861906,-0.1977847,-0.51759857,0.23937471,-0.051810745,-0.326593,-0.24222142,0.55811614,-0.49718958,-0.16552712,-0.41843045,-0.592201,0.6204825,-0.4460278,-1.0633007,-0.03593409,0.030457404,0.30624765,-0.08511688,0.5407125,-0.16502404,-0.4292507,0.21170753,-0.5999353,-0.33070198,-0.22668399,0.6250892,-0.56564206,-0.14233325,-0.30858532,0.18752354,0.64089185
-0.5260791,0.07283691,0.7957696,0.22913906,0.4500351,0.87313825,0.1397005,0.38548377,-0.012097095,-0.691061,0.090485096,0.003236104,-0.1735182,0.26071668,-0.16172336,0.06800971,-0.19723706,0.61060125,-0.45773894,-0.25620097,-0.6811969,-0.3978421,0.9695769,-0.38492128,-0.64518005,0.01607358,0.046326954,0.30331713,-0.081219085,0.27712873,-0.4720583,-0.6214676,0.085823424,-0.064110406,-0.13488136,-0.18681698,0.1952213,-0.38228917,-0.3927671,-0.3163262,0.1153637,0.31444117
-0.26895955,-0.32693025,0.66406184,0.10384391,0.3570276,0.41393808,0.20648313,0.3082426,-0.28838834,-0.8305965,-0.10149036,0.011093632,-0.2391877,0.039765816,-0.043790024,-0.16800794,-0.20997225,0.33907458,-0.3360526,-0.06053517,-0.48182067,-0.6036935,0.6196356,-0.36659566,-0.7720549,0.0018821389,0.009207124,0.3011723,-0.1017573,0.22529645,-0.19903268,-0.3599163,0.16477105,-0.3963907,-0.100251436,-0.21912524,0.324334,-0.38517204,-0.1639608,-0.20369238,0.16405457,0.41162592
-0.076139174,-0.15527248,0.16160037,-0.020194916,0.067205,0.08950752,0.059156854,0.060776338,-0.09878459,-0.26159662,-0.012859258,-0.02483893,-0.12543581,0.03730912,-0.035464454,-0.057351407,-0.009288415,0.015390975,0.006063733,-0.011860806,-0.13826197,-0.17356677,0.06774907,-0.12514344,-0.24792926,0.00788991,-0.0135242855,0.06722104,-0.017383637,0.055357587,-0.108588144,-0.06915154,0.08664265,-0.14393064,-0.033155054,-0.004214185,0.13744032,-0.13239919,-0.05862099,-0.049427725,0.063508324,0.16698137
-0.27633393,0.05657091,0.30271757,0.02815256,0.43531927,0.30702132,-0.008922653,-0.0051379544,-0.07446599,-0.2889567,-0.22730596,-0.16477926,-0.15602407,0.19075008,0.0605712,-0.075338535,-0.15511297,0.42051226,-0.4441805,-0.0949639,-0.06795497,-0.03681935,0.26396388,-0.23717874,-0.41921192,0.031343695,-0.039692536,-2.367096e-05,0.104827166,0.4076773,0.013958596,-0.2709034,-0.109680064,-0.15475357,-0.32377517,-0.20480826,0.21150637,-0.2794098,-0.026921634,-0.1068673,-0.066917114,0.19837897
-0.20399252,-0.23635899,0.47369355,0.10295694,0.2760147,0.24502735,0.18927749,0.21757676,-0.22792937,-0.6256399,-0.07033448,0.019759063,-0.16153146,0.017995473,-0.04503245,-0.29065788,-0.17193447,0.23043106,-0.2647322,0.003367497,-0.38699445,-0.4276193,0.4054278,-0.17460302,-0.5452833,0.064675115,0.07572991,0.227689,-0.049932975,0.16614597,-0.044359833,-0.23989171,0.26399767,-0.2843406,-0.10828727,-0.118338026,0.2855952,-0.36224303,-0.14767037,-0.22831239,0.116421685,0.38773713
-0.103605255,-0.16932589,0.2779107,0.03470988,0.1217401,0.17953347,0.110951394,0.17524335,-0.18047453,-0.39952263,-0.0033287653,0.005692272,-0.17392063,0.055351585,-0.034650724,-0.100357406,-0.042232487,0.06378886,-0.024555927,0.011762657,-0.2543083,-0.3272337,0.20152646,-0.15989025,-0.361796,0.01953352,-0.014789356,0.16833054,-0.026376806,0.06259853,-0.13656083,-0.097220905,0.1234369,-0.23781507,0.00036855915,-0.051722392,0.20651612,-0.20034255,-0.07013307,-0.09202654,0.120968185,0.20291223
-0.6863973,0.6024777,0.9367974,0.022510996,0.75626755,0.8432234,0.7833849,0.74890393,-0.58424234,-0.9519655,-0.5326921,-0.19332694,-0.18125583,0.43917152,0.27300885,-0.037304986,-0.11759655,0.40178528,-0.725778,-0.05599552,-0.59051526,-0.5253719,0.80804914,-0.8761912,-0.57309306,0.39523605,-0.047255795,0.40847957,0.09602368,0.7993002,-0.09917484,-0.24280055,-0.6369945,-0.3379674,-0.12165049,-1.2660272,0.49261045,-0.40957165,-0.14434429,-0.5012131,-0.2918422,-0.293953
-0.3154227,-0.34678036,0.60958403,0.17740065,0.35273543,0.43068555,0.29991058,0.2919632,-0.37918147,-0.89499176,-0.0064785993,0.04834492,-0.3332779,0.17339453,0.012401085,-0.16215508,-0.11977499,0.2338923,-0.1263135,0.014183148,-0.42263943,-0.72467625,0.57758814,-0.39482558,-0.84870607,0.048779957,-0.072124384,0.25764194,-0.07740499,0.24559294,-0.16847405,-0.31529945,0.30807585,-0.5317114,-0.017452627,-0.16374974,0.51669985,-0.3973136,-0.048711486,-0.15885033,0.15204594,0.514283
-0.27889025,-0.3253264,0.5608546,0.17554855,0.41457108,0.423999,0.26792154,0.23039341,-0.2888846,-0.8613133,-0.08811478,0.02857227,-0.36688337,0.13844083,0.029782109,-0.15637183,-0.08876537,0.23035896,-0.15818559,0.038603887,-0.38464767,-0.7103569,0.5056792,-0.43091407,-0.8240687,0.04115474,-0.091121785,0.25868475,-0.11906771,0.2927674,-0.1214084,-0.29414642,0.21083817,-0.52364105,0.0013286306,-0.15348487,0.51992804,-0.3503245,-0.05920928,-0.15916099,0.14727457,0.5031097
-0.41632202,-0.29406452,0.75066346,0.54634625,0.7890618,0.69074315,0.532975,0.24656138,-0.50618047,-1.4102725,-0.055438448,0.17430767,-0.41900843,0.3414458,0.20949619,-0.20493788,-0.04929806,0.29704362,-0.21561788,0.11099611,-0.2469887,-1.06126,0.9771437,-0.7942369,-1.2361813,0.18844783,-0.3290939,0.35690242,-0.04150268,0.49508494,0.056152713,-0.49881342,0.33844948,-1.0057198,0.25761256,-0.24728191,0.97660136,-0.5136341,0.09715087,-0.22504587,0.0012552018,0.7595565
-0.34261128,-0.40770072,0.65883386,0.057759628,0.31626004,0.38407674,0.25060043,0.30367106,-0.35968727,-0.863532,-0.10112384,-0.05755235,-0.32523528,0.111507066,-0.059972968,-0.23469336,-0.18076466,0.26246077,-0.2077309,-0.031590685,-0.50102097,-0.6789623,0.47747314,-0.36552602,-0.85057086,0.029704327,0.009822787,0.24615955,-0.073948,0.24406542,-0.24036092,-0.3342225,0.2601029,-0.4222461,-0.18184116,-0.18742183,0.4074732,-0.45565572,-0.18321641,-0.19011058,0.23132172,0.53649443
-0.3096176,-0.35112727,0.5895429,0.10768866,0.32179686,0.40473554,0.2066049,0.23553294,-0.28864756,-0.79860246,-0.0700093,-0.03689761,-0.35529086,0.13015865,-0.023658892,-0.18132795,-0.12910788,0.25698647,-0.19328666,-0.06402093,-0.44311383,-0.6036476,0.44637868,-0.354693,-0.78150785,0.021400068,-0.035398442,0.20908727,-0.094619595,0.24517398,-0.21929672,-0.30948952,0.2487287,-0.43336165,-0.11564591,-0.1480768,0.4203976,-0.3897381,-0.1301163,-0.17194273,0.18673347,0.4955701
-0.4017243,-0.32806617,0.8246106,0.07500108,0.53649336,0.5749966,0.3894833,0.39673012,-0.47513387,-1.0898284,-0.21786532,-0.037785742,-0.34180063,0.17158906,0.03896228,-0.31661323,-0.22656241,0.3525363,-0.40471599,0.004766875,-0.58918566,-0.8295749,0.76595724,-0.5595439,-1.0352261,0.13017197,-0.03125722,0.33680958,-0.06545506,0.40588886,-0.14554782,-0.34129494,0.18000162,-0.6709919,-0.12379123,-0.30941638,0.5808389,-0.56143725,-0.15043008,-0.32534242,0.13036585,0.5357788
-0.3333734,-0.36796382,0.65469545,0.10631792,0.38876584,0.44985574,0.23403919,0.2661312,-0.32041076,-0.8759183,-0.11343872,-0.052579913,-0.42130512,0.155206,-0.048050012,-0.19264193,-0.10377083,0.3123622,-0.22504045,-0.09249316,-0.44352865,-0.64832926,0.51684976,-0.40725884,-0.8873621,-0.007171063,-0.03423371,0.25530365,-0.12111588,0.29603264,-0.25601143,-0.35793266,0.2250028,-0.50260013,-0.12172597,-0.17662974,0.46843904,-0.43757474,-0.12397743,-0.17109506,0.20390932,0.52974916
-0.355825,-0.41953334,0.69579774,0.12764777,0.38738006,0.41143528,0.20754759,0.20437647,-0.2797836,-0.8523598,-0.12220261,-0.062904015,-0.4076767,0.087436765,-0.035644464,-0.13756527,-0.2071963,0.35398367,-0.28895387,-0.069710284,-0.44357517,-0.63699454,0.48770678,-0.39887255,-0.8473751,-0.03555307,-0.049956195,0.25409928,-0.14535779,0.268244,-0.23058128,-0.34168878,0.2296966,-0.4162461,-0.15378739,-0.14536482,0.4205576,-0.41937375,-0.14689521,-0.16387191,0.24511655,0.5259605
-0.31387386,-0.35660797,0.5991113,0.10344786,0.34447116,0.39472717,0.20519497,0.19694701,-0.30633226,-0.79193443,-0.1240277,-0.07060598,-0.37250173,0.10674262,-0.04385178,-0.16650145,-0.18081571,0.31009746,-0.25022522,-0.06604322,-0.4000111,-0.6006457,0.4188164,-0.3578025,-0.80140495,-0.027117278,-0.023174582,0.2183409,-0.097195156,0.25456873,-0.23321302,-0.35790956,0.22144309,-0.39356476,-0.18225676,-0.16247869,0.39164296,-0.4237751,-0.1256572,-0.14417318,0.21852008,0.5127472
-0.29098046,-0.3709422,0.6270969,0.026253277,0.26864216,0.38940072,0.17427047,0.2924338,-0.34985706,-0.78586286,-0.13841052,-0.07284348,-0.357191,0.07353291,-0.08469933,-0.22219317,-0.1607087,0.28742522,-0.22605859,-0.11492689,-0.50304353,-0.587504,0.43933785,-0.33797807,-0.76918614,0.007633438,0.020515082,0.2912845,-0.10439038,0.20551932,-0.3041074,-0.2932462,0.22498266,-0.41976857,-0.18435077,-0.15014946,0.3335499,-0.43403134,-0.16767584,-0.1860532,0.22599676,0.4646954
-0.3241771,-0.16940144,0.5204039,0.3284611,0.44665,0.39243004,0.15700036,0.056643046,-0.14028442,-0.62088656,-0.008585659,0.06059086,-0.19356664,0.18161376,0.0986835,0.1447413,-0.16351254,0.3870825,-0.2798584,-0.08643696,-0.10305776,-0.46319574,0.5161651,-0.27038154,-0.6033509,-0.08029887,-0.1387126,0.082046,-0.12769268,0.3465288,0.017269,-0.3831361,0.18514667,-0.29204997,-0.068555735,-0.1492625,0.36126608,-0.2102752,0.013277394,-0.00095315697,0.011015697,0.32279247
-0.27049738,-0.17546122,0.5133871,0.2630453,0.42047262,0.41192755,0.2768449,0.24053736,-0.26906458,-0.7823368,-0.018923068,0.06402693,-0.30606934,0.13730946,0.027151298,-0.12853733,-0.10338537,0.21168329,-0.19245799,0.022113789,-0.36211085,-0.62508285,0.5232513,-0.35407153,-0.7329137,0.03317789,-0.07532395,0.2656767,-0.011954826,0.24078521,-0.14148863,-0.29538232,0.19816205,-0.48229295,0.039587688,-0.15945154,0.4968053,-0.356719,-0.08140111,-0.17479852,0.10947476,0.40779272
-0.23410173,-0.16394044,0.44731897,0.1617327,0.3754884,0.36916223,0.2056975,0.15775885,-0.1863938,-0.6560827,-0.04554698,0.035076436,-0.2706056,0.12647007,0.04709753,-0.09634154,-0.0598627,0.20593457,-0.20105556,-0.03785643,-0.27289727,-0.48121488,0.42407644,-0.33324262,-0.6576888,0.031799123,-0.059169948,0.17812666,-0.07463091,0.27002227,-0.097024865,-0.29725203,0.119992144,-0.40220967,-0.005177022,-0.14638877,0.4187183,-0.26611838,-0.0701927,-0.16273253,0.06776036,0.3864168
-0.4566502,-0.185444,0.8318499,0.20277077,1.0783622,0.6832314,0.58384526,0.22576615,-0.2654024,-1.0579216,-0.39744815,-0.031600382,-0.32225826,0.23833588,0.65086687,-0.4545152,-0.10387646,0.30597025,-0.6901806,0.16780698,-0.5682825,-0.9381589,0.7582657,-0.9370095,-1.2308196,0.4002589,-0.27829528,0.2328363,0.019332971,0.9301653,0.35008305,-0.18174647,-0.06635982,-0.92552686,0.043804202,-0.47001198,0.9391437,-0.41277036,-0.03358918,-0.36115602,-0.36758178,0.5984844
-0.4326021,-0.27595568,0.5554262,0.17337312,0.48753804,0.44182166,0.26299194,0.19160984,-0.4327637,-0.9494928,-0.17008688,-0.05057947,-0.2874324,0.34025556,0.08024856,-0.22205837,-0.23662621,0.42116907,-0.24936448,0.024926983,-0.08386695,-0.6962593,0.6095812,-0.39631072,-0.8777609,0.022494309,-0.13983394,0.22524405,-0.17865595,0.41269803,0.017374443,-0.3743607,0.22046265,-0.5961116,-0.14092816,-0.26824364,0.47408947,-0.44778,0.056905713,-0.1680635,0.045190934,0.48651004
-0.18446772,-0.05342556,0.5000936,0.43167502,0.45079166,0.51632524,0.71101224,0.25827602,-0.3298995,-0.7084967,-0.06738224,0.116295174,-0.09551727,-0.045649182,0.31260124,-0.4380616,-0.12516516,0.14140116,-0.1400935,0.24447174,-0.41186383,-0.76244015,0.8237946,-0.57473886,-0.8288941,0.119693816,-0.17133583,0.38703233,-0.09201467,0.49905038,0.07953552,-0.19369999,0.2351766,-0.6922639,0.33358604,-0.24489108,0.8497447,-0.27765402,0.014961607,-0.4521663,-0.0945891,0.5688926
-0.22913049,-0.16040418,0.6380478,0.13049716,0.4679278,0.4297747,0.4863015,0.31304938,-0.37226647,-0.9688311,-0.23811676,0.04450213,-0.6098321,0.099143654,0.024000231,-0.24586593,0.11041414,0.072057664,-0.052061435,0.02166508,-0.41562605,-0.78817844,0.5211191,-0.57798827,-1.0037328,0.15733929,-0.02971858,0.32495165,-0.09587698,0.39179194,-0.14617573,-0.21314321,0.112808436,-0.84533566,0.112047985,-0.29776376,0.8172113,-0.2660386,0.00060276967,-0.32836524,0.16091244,0.496078
-0.42810625,-0.50184524,0.6385891,0.095773146,0.35626087,0.42695114,0.27572447,0.27473363,-0.3869489,-1.0036328,-0.077449396,-0.06740285,-0.3874721,0.20130788,-0.025643013,-0.26153442,-0.13344933,0.23313256,-0.13777499,-0.012879976,-0.48286378,-0.7612744,0.4784125,-0.40019,-0.985578,0.049678333,-0.028041765,0.23880662,-0.14877766,0.31228015,-0.23170966,-0.33609167,0.37074253,-0.5732078,-0.15813601,-0.1182696,0.5605512,-0.4831872,-0.16820939,-0.2118493,0.1882803,0.6349538
-0.16920128,-0.12476525,0.37370875,0.13013643,0.2759636,0.28395337,0.0844143,0.12274013,-0.078691125,-0.467453,-0.042079393,0.017028498,-0.17702761,0.016065694,-0.04292009,-0.031135432,-0.11531064,0.27769667,-0.23428145,-0.045890655,-0.22874393,-0.2823771,0.35294434,-0.19677077,-0.4194627,-0.01931845,-0.017099213,0.16093305,-0.048173133,0.15695593,-0.12588798,-0.26567662,0.07171677,-0.16911076,-0.058860335,-0.089903556,0.20941168,-0.21150976,-0.08928515,-0.12075919,0.10330529,0.25336117
-0.33530015,-0.432199,0.5223508,0.18175448,0.39370623,0.29788655,0.25327387,0.03320617,-0.31360266,-0.85252106,-0.1677786,-0.028105926,-0.39776152,0.23696804,0.09618289,-0.2807955,-0.08866765,0.23312493,-0.11604902,-0.00815616,-0.24581334,-0.6217397,0.31639713,-0.4478615,-0.92034227,0.12677749,-0.11576403,0.16111442,-0.21883617,0.32634574,-0.043742992,-0.19643475,0.20914456,-0.72424304,-0.03127146,-0.06575596,0.59231126,-0.346801,-0.0020126528,-0.27059203,0.08312334,0.5711936
-0.13708316,-0.17214683,0.2980346,-0.015682686,0.1360252,0.21461107,0.18519832,0.17062753,-0.23877412,-0.5236541,-0.045382947,0.013541593,-0.19241239,0.07023977,-0.038021665,-0.16046177,0.014638598,0.027822899,-0.041277282,0.0073247794,-0.29441187,-0.38142818,0.19977038,-0.24204925,-0.49385193,0.09186176,0.009155949,0.14498383,-0.024854226,0.12562093,-0.18210602,-0.108969115,0.10370222,-0.33624643,-0.038549516,-0.12443024,0.31206495,-0.20878676,-0.13537417,-0.13726221,0.084931225,0.28476626
-0.08425892,-0.16016921,0.22965641,0.08303798,0.14785653,0.18368779,0.055308834,0.117184915,-0.10525631,-0.3624583,0.013523917,0.031420127,-0.16848081,0.019327823,-0.037510052,-0.051914908,-0.018516159,0.06900997,-0.07555092,-0.025463864,-0.23122743,-0.27141207,0.21388267,-0.18206921,-0.3306668,-0.0053643566,-0.030079452,0.14276893,-0.037209295,0.042915806,-0.13159108,-0.15955447,0.10770145,-0.18668073,0.009773035,-0.022144414,0.17498225,-0.16799481,-0.09100786,-0.07192222,0.10914634,0.21040529
-0.2599356,-0.31723857,0.46922123,0.19217485,0.31137347,0.31434834,0.22885305,0.14731725,-0.2152056,-0.73162407,-0.011180877,0.025649017,-0.31228378,0.13236277,0.028405432,-0.11194433,-0.0774186,0.18830317,-0.07740437,-0.0033529177,-0.29356924,-0.6187171,0.38028044,-0.33070627,-0.74128777,-0.00072813156,-0.06426406,0.15311787,-0.12334502,0.24000585,-0.10171134,-0.30827516,0.25997216,-0.441353,-0.047223795,-0.067089885,0.43128082,-0.30923524,-0.083156735,-0.13524128,0.14446874,0.48346725
-0.16132455,-0.22001922,0.30847204,0.054830264,0.084679775,0.176648,0.14987937,0.16772538,-0.17963459,-0.43931046,0.004546085,0.0018966545,-0.20920752,0.047403954,-0.06521527,-0.06709437,-0.06289519,0.07108285,-0.00049799966,0.011251355,-0.27555913,-0.36992967,0.21561326,-0.16543335,-0.39967406,0.0139820445,-0.011370768,0.14646776,-0.058737163,0.062465683,-0.16965316,-0.12030816,0.1787002,-0.21983185,-0.0036935082,-0.04690854,0.21872151,-0.19886146,-0.08599278,-0.07612326,0.15201175,0.241329
-0.68376476,-0.27201885,0.49716905,-0.05098732,0.65941066,0.517364,0.5734344,0.0093350485,-0.49895328,-1.2617139,-0.43747023,-0.10581458,-0.21122435,0.30234316,0.5365733,-0.5186599,-0.012965799,0.30353436,-0.3428,0.29524758,0.080689386,-0.798684,0.40488115,-0.69817567,-1.1410762,0.4314878,-0.26827392,-0.050109304,-0.1547253,0.89242864,0.41867974,-0.21763785,0.1728567,-0.86131066,-0.21265092,-0.5765077,1.024411,-0.37941948,0.03730145,-0.18967752,-0.37510422,0.65463805
-0.16642722,-0.12511985,0.4520561,0.11627408,0.43923384,0.36368474,0.13535644,0.2051707,-0.16881868,-0.48984012,0.01909404,0.039118856,-0.10473648,0.18756245,0.19889458,-0.10408681,-0.09146984,0.08121385,-0.20639412,0.03591914,-0.3920475,-0.44054222,0.4479629,-0.30958822,-0.6194074,0.08776332,-0.07072161,0.07086822,0.11489022,0.3134002,0.0063247634,-0.16304843,0.09342918,-0.3815418,-0.0143008875,-0.110885955,0.39471683,-0.27792922,-0.09138619,-0.12055061,-0.07489592,0.27669472
-0.114543885,-0.13744117,0.23103589,0.081733145,0.1640222,0.1798074,0.098199144,0.1019343,-0.121529475,-0.3689975,-0.020066813,0.005386398,-0.149596,0.022448272,-0.033931777,-0.061567534,-0.047435608,0.09333308,-0.07423992,0.0066681495,-0.17615065,-0.28237256,0.22432727,-0.19265227,-0.34062806,0.017373912,-0.027718779,0.14818409,-0.020530436,0.08128928,-0.09004243,-0.15658584,0.07310869,-0.17351191,0.012590075,-0.05036834,0.19314432,-0.16454345,-0.0558422,-0.07233751,0.09894904,0.22279207
-0.097242534,-0.17474973,0.2700042,0.07581128,0.16798645,0.17632163,0.19487701,0.17268574,-0.1835024,-0.44788164,-0.028593527,0.038877707,-0.21144742,0.03998531,-0.012232851,-0.08816453,-0.023858372,0.028126802,0.004185265,0.036629625,-0.19447078,-0.41252407,0.2521969,-0.24116848,-0.4021494,0.019301018,-0.03347816,0.14824723,-0.05735697,0.066580504,-0.07944881,-0.11217975,0.10417619,-0.30952615,0.07328284,-0.08986483,0.26669174,-0.16664635,-0.0034825678,-0.088422865,0.1165196,0.21029681
-0.10944913,-0.15684351,0.26947936,0.020819435,0.13814598,0.16699019,0.13313045,0.17026275,-0.17842293,-0.38265508,-0.023484817,0.0028966384,-0.17904979,0.048820123,-0.016327461,-0.14845754,-0.031428963,0.035689548,-0.04828886,0.025328659,-0.27136585,-0.32521877,0.20258637,-0.17182899,-0.36549723,0.052307542,-0.012771679,0.14368732,-0.0017521684,0.04969852,-0.1260374,-0.08289703,0.11567416,-0.2543502,-0.0028930134,-0.079055525,0.22440754,-0.19003822,-0.07914318,-0.11859511,0.084312946,0.2242245
-0.21213889,-0.24655738,0.4210721,0.13102528,0.31050602,0.22205493,0.21860611,0.102428146,-0.18336573,-0.60247743,-0.0814525,-0.0054806406,-0.23902455,0.003635352,-0.032109823,-0.0933645,-0.1745263,0.18719223,-0.21985227,0.07967989,-0.31146556,-0.4931581,0.29362652,-0.32734153,-0.576921,0.02588709,-0.048370376,0.16333313,0.004791214,0.1606226,-0.07664175,-0.24075085,0.12278646,-0.28602505,-0.07443916,-0.100776844,0.32768118,-0.2818056,-0.15790579,-0.116659686,0.17655389,0.40064603
-1.0478274,0.5929563,1.1062824,0.0003999552,1.5462826,0.9196015,0.3811256,0.03167079,-0.5972117,-0.7684581,-1.3579602,-0.777812,-0.6229994,0.5284344,0.4813892,-0.37199363,-0.71664506,1.3915952,-1.9585879,-0.53830516,-0.20394085,-0.072080575,0.623717,-0.810854,-1.0195426,0.2777453,-0.04468752,0.1595441,0.43920523,1.4273366,0.058697652,-0.44441852,-0.95526224,-0.53319055,-1.0917177,-1.170149,0.55652726,-0.8759822,-0.009582288,-0.4761852,-0.3475053,0.22954454
-0.40318355,-0.18294095,0.78235954,0.08772758,0.6736238,0.5479738,0.086103946,0.20385692,-0.1568221,-0.75645584,-0.19677614,-0.086467564,-0.21450555,0.20976773,0.19280455,-0.078657076,-0.30348918,0.54682845,-0.6390072,-0.09910965,-0.486127,-0.46510458,0.61823165,-0.38149956,-0.8540922,0.057258192,-0.020298837,0.10207607,0.0016201464,0.61891925,-0.001580625,-0.38304836,0.022578105,-0.3677711,-0.33919832,-0.2989147,0.42576343,-0.4190797,-0.14361037,-0.14333116,-0.011406452,0.40838712
-0.14871354,-0.3246799,0.49450025,0.17011347,0.31748632,0.26837265,0.26500922,0.23930319,-0.2517801,-0.6684206,0.046833,0.081203595,-0.20385233,0.07257363,0.047693904,-0.27320257,-0.13255033,0.018404163,-0.1467171,0.054272104,-0.44859016,-0.64172685,0.45022112,-0.2793599,-0.67066723,0.053361837,0.038444474,0.17395405,0.010011434,0.13595624,-0.04646838,-0.22943878,0.33013248,-0.45473352,0.025694603,-0.0071655973,0.36999393,-0.39322793,-0.113644995,-0.19681089,0.11093851,0.46638158
-0.42111886,-0.05607238,0.7556339,0.19251019,0.78575575,0.635387,0.32806846,0.35057852,-0.2151971,-0.84015244,-0.23722239,-0.03919988,-0.20753007,0.2639079,0.2673605,-0.116030924,-0.20065089,0.37833324,-0.6021986,-0.017682614,-0.4816615,-0.66505295,0.76645267,-0.7049916,-0.84251636,0.19664165,-0.1314694,0.2913802,-0.06521548,0.4694715,-0.011630942,-0.4389614,-0.1976976,-0.4791855,-0.05020545,-0.45745468,0.44501814,-0.35582697,-0.07048553,-0.22469589,-0.042592213,0.2888527
-0.24295497,-0.2615322,0.43180317,0.060423337,0.1988256,0.25069982,0.171341,0.19053459,-0.25044826,-0.58393735,-0.08051361,-0.0372452,-0.2342201,0.052809674,-0.050291624,-0.14523672,-0.12473257,0.18682447,-0.1529389,-0.0062381234,-0.3281157,-0.45037058,0.3254517,-0.23680925,-0.5485328,0.012030599,0.0024831635,0.20601009,-0.05002339,0.12732084,-0.16396625,-0.20276377,0.18289003,-0.2864933,-0.10484326,-0.10879872,0.25917807,-0.31551588,-0.1071087,-0.1067429,0.16569453,0.35478872
-0.32840976,-0.27469727,0.5082215,0.21644926,0.48063886,0.35782415,0.40093273,0.22415018,-0.35917598,-0.89498025,-0.14446715,0.069818884,-0.27545205,0.21730341,0.13641864,-0.23685041,-0.1750772,0.21047218,-0.20226264,0.1456609,-0.22435816,-0.7550525,0.5421672,-0.47738463,-0.85043555,0.08982904,-0.13528292,0.25302264,-0.12708434,0.3743482,0.074515,-0.3042135,0.17247348,-0.58407944,0.030303141,-0.2552683,0.5376925,-0.342332,-0.0035519314,-0.24137779,0.032948088,0.47963923
-0.20716675,-0.21858595,0.3827603,0.10292807,0.2218855,0.26881865,0.14093147,0.14879833,-0.16076192,-0.5054819,-0.01647018,0.0013600748,-0.22239892,0.06338797,-0.02172754,-0.09589114,-0.08452267,0.18103322,-0.1382687,-0.039842848,-0.29364124,-0.39881992,0.30358195,-0.22588637,-0.49331406,0.00010165083,-0.025883459,0.13788894,-0.07293242,0.14336021,-0.14910123,-0.22551854,0.16411507,-0.25138873,-0.056853786,-0.065511934,0.26173002,-0.24777345,-0.103442006,-0.09917115,0.12965864,0.32194757
-0.114174075,-0.18178098,0.23880965,0.058245324,0.10933976,0.16256705,0.112607844,0.108305685,-0.11318808,-0.37291256,0.011128298,0.0113559645,-0.16231401,0.04008343,-0.030658526,-0.05701051,-0.025253797,0.056515463,-0.007898297,0.009496566,-0.21706563,-0.3146705,0.20364854,-0.17291377,-0.34011728,0.011757479,-0.034045048,0.098748155,-0.061206777,0.059026275,-0.11102081,-0.105722256,0.13953435,-0.18530189,0.010865112,-0.01566917,0.21096015,-0.15893497,-0.06995878,-0.06355668,0.098673634,0.21235384
-0.16490681,-0.24414697,0.3415613,0.095268555,0.19755861,0.25579843,0.12131696,0.14449537,-0.13519448,-0.46944243,-0.01270401,0.001585908,-0.17077006,0.062111106,0.010997671,-0.06590043,-0.08018568,0.14701428,-0.10437981,-0.011811643,-0.26509684,-0.38340876,0.26274464,-0.21604817,-0.44725513,0.011473568,-0.027902834,0.12116086,-0.09090843,0.14796959,-0.11893658,-0.1808138,0.1554034,-0.24513829,-0.019872366,-0.061848823,0.24238655,-0.20261757,-0.08055175,-0.10307076,0.10373491,0.28971344
-0.23441976,-0.08792177,0.39249024,0.13231932,0.26647162,0.35711914,0.24111128,0.13374084,-0.19707455,-0.43490088,-0.10304961,-0.04020606,-0.04609605,0.012925237,0.06642015,-0.22642973,-0.19951229,0.30463746,-0.26527664,-0.039225485,-0.30963308,-0.3270595,0.48697278,-0.28389975,-0.49882397,-0.009981921,-0.01603738,0.18966272,-0.05275904,0.29135358,-0.0837552,-0.24414921,0.094747335,-0.24146093,-0.07148276,-0.15596497,0.29440233,-0.2513727,-0.08240583,-0.22454411,0.017964728,0.33085456
-0.094944045,-0.19970848,0.41978076,0.19126837,0.39647216,0.020278359,0.24194936,0.06880365,-0.071579725,-0.54843235,-0.118704565,0.102068745,0.21192539,-0.13136579,0.10137987,-0.588582,-0.3682602,0.28098115,-0.592004,0.046780765,-0.27062833,-0.23266068,0.4242169,-0.0463757,-0.45384187,0.16769643,0.2504941,0.046098277,-0.02929297,0.22679773,0.45926058,-0.3349435,0.37728298,-0.16040924,-0.27059406,-0.14747357,0.1816129,-0.36797225,-0.16159016,-0.38190243,-0.019464307,0.49519804
-0.23355517,-0.31325632,0.4894591,0.18638591,0.29151082,0.32484517,0.165359,0.1979732,-0.23306799,-0.7092653,-0.023213802,-0.011341984,-0.31083056,0.061246555,-0.111495376,-0.11395854,-0.12355809,0.24925421,-0.19630404,-0.027726797,-0.37153932,-0.4933167,0.40256238,-0.28290772,-0.62821984,-0.032541998,0.0054407488,0.28233948,-0.10955802,0.12368193,-0.20468435,-0.3172009,0.20682219,-0.31024575,-0.028237153,-0.07595277,0.29464856,-0.30990487,-0.1531566,-0.15813217,0.21656829,0.39472798
-0.19189548,-0.21412206,0.42374468,0.033206012,0.17642456,0.27958277,0.112343684,0.1797966,-0.15968598,-0.49329126,-0.05180725,-0.031826515,-0.2944875,0.03171655,-0.11305625,-0.115363635,-0.06368275,0.20252623,-0.15859875,-0.08643766,-0.37944603,-0.3693709,0.29976237,-0.20635164,-0.51156104,-0.003069591,0.021415096,0.18327515,-0.0514231,0.112624146,-0.2597307,-0.2245014,0.13883902,-0.19388534,-0.1299412,-0.070151635,0.21289344,-0.28330413,-0.15116008,-0.12534949,0.20183282,0.3460759
-0.19250953,-0.17946738,0.3048071,0.1305262,0.25587714,0.25655168,0.14157717,0.07752609,-0.18921821,-0.52884984,-0.011123513,0.02071219,-0.23871374,0.1631825,0.055425256,-0.062485907,-0.0011687062,0.12321741,-0.03102009,0.0016474217,-0.11193642,-0.3996167,0.27032852,-0.26142427,-0.5321654,0.028342335,-0.109489396,0.0880228,-0.05656199,0.21656485,-0.048315536,-0.21406442,0.1822374,-0.3477787,-0.01445451,-0.061870772,0.37503138,-0.20711656,0.0161513,-0.058392707,0.06526487,0.32923156
-0.18727677,-0.22744912,0.33528337,-0.0047442736,0.10940811,0.1808279,0.08612996,0.13623095,-0.17814957,-0.3909051,-0.06358495,-0.06672171,-0.19333723,0.043998994,-0.0774546,-0.084515356,-0.11545015,0.18291399,-0.12321212,-0.0842223,-0.26787487,-0.278893,0.19611123,-0.1292246,-0.41044453,-0.05517249,0.034055825,0.11803457,-0.076753534,0.08897584,-0.20863193,-0.19408853,0.13969326,-0.14803311,-0.14861606,-0.06232986,0.13040285,-0.24052882,-0.108204715,-0.07218429,0.1793059,0.2684355
-0.20337242,-0.251131,0.3513617,0.06380865,0.1639106,0.2172742,0.12971719,0.12933351,-0.13356154,-0.48934457,-0.0058633974,-0.007943128,-0.19702338,0.07723189,-0.008524336,-0.025850413,-0.05918997,0.12639542,-0.048435688,-0.027678344,-0.26306343,-0.40384376,0.23373567,-0.20685545,-0.4530103,-0.012058415,-0.03398296,0.09962118,-0.08883465,0.13833591,-0.12900871,-0.18671927,0.15731612,-0.21027316,-0.060132653,-0.06868335,0.24098918,-0.18492554,-0.090197496,-0.057118747,0.13028643,0.28444174
-0.32394332,-0.36924046,0.659162,0.15060763,0.38190478,0.42067558,0.25778908,0.2585404,-0.3164931,-0.88004345,-0.05697314,-0.027704438,-0.3180105,0.11724739,-0.081762254,-0.23125716,-0.17731515,0.31518018,-0.2314823,-0.059615586,-0.45962915,-0.65107274,0.5147956,-0.31848806,-0.84622425,-0.0183162,0.013874572,0.26893583,-0.11723496,0.27979106,-0.17415947,-0.37684798,0.30043182,-0.4731816,-0.14768004,-0.14057755,0.41645738,-0.41153535,-0.17436232,-0.22658248,0.1978373,0.5194371
-0.19909851,-0.29088527,0.4277925,0.094363764,0.23252247,0.30124283,0.14607918,0.20000364,-0.19811593,-0.6161325,-0.01109509,0.025297914,-0.21646693,0.077500366,-0.0067411736,-0.090918794,-0.0891739,0.15911599,-0.13058479,-0.009801129,-0.3334191,-0.47695887,0.3472409,-0.29169893,-0.57310957,0.011718818,-0.038257804,0.17521806,-0.089536674,0.15394264,-0.14973608,-0.22425972,0.16608015,-0.30419213,-0.024929376,-0.09118702,0.30043715,-0.2612146,-0.10036977,-0.11682969,0.13035384,0.33436263
-0.15888874,-0.15589032,0.37685552,0.20790799,0.3348887,0.3215341,0.17333733,0.15813309,-0.16693468,-0.59738636,0.03535133,0.08287093,-0.25705302,0.08772715,-0.03641115,-0.026902048,-0.00042601445,0.15379271,-0.07992621,-0.0056541334,-0.19468795,-0.48091123,0.45892832,-0.32204276,-0.57525176,-0.009713083,-0.0702586,0.21065906,-0.07040234,0.1539116,-0.11723583,-0.2721372,0.12708266,-0.36573315,0.09544927,-0.0905661,0.36247402,-0.22589621,-0.03799414,-0.09773918,0.13036099,0.3114088
-0.16573402,-0.14185816,0.31096137,0.1223018,0.24531521,0.25026312,0.10409293,0.1181202,-0.1333402,-0.46668136,0.017162114,0.031254515,-0.16735275,0.08551793,-0.011110769,-0.061924573,-0.028464263,0.1318789,-0.09482097,-0.03711932,-0.2125507,-0.3499213,0.28827792,-0.21675734,-0.44094282,-0.02237068,-0.03588701,0.15376386,-0.05297452,0.13950971,-0.12614785,-0.1939338,0.13728547,-0.25975367,0.0061485833,-0.061872873,0.2548782,-0.21433124,-0.07269419,-0.09665115,0.09095102,0.25749084
-0.11878712,-0.22540824,0.2986897,0.04931284,0.13312371,0.1712395,0.1088479,0.13169329,-0.15050514,-0.42988512,-0.027987884,-0.011822545,-0.19664852,0.0037345623,-0.06564885,-0.07809935,-0.092882365,0.10782705,-0.09250228,-0.011022992,-0.24388276,-0.32618082,0.20969549,-0.18826513,-0.3797801,-0.0004554454,-0.0151538,0.15084915,-0.036818728,0.056071885,-0.15943575,-0.18074389,0.13281657,-0.19906603,-0.057652224,-0.061578475,0.18741292,-0.21273759,-0.094506636,-0.074888445,0.15325668,0.26163477
-0.52521294,-0.036739994,0.7189023,0.35118607,1.0553405,0.57477516,0.25356647,0.08507698,-0.46225157,-1.0464647,-0.3731984,-0.067437775,-0.09630491,0.40066135,0.34753585,-0.21223655,-0.30484563,0.68769443,-0.91630036,0.10707385,-0.10292156,-0.5527392,0.9352942,-0.5493998,-0.92966455,0.119648606,-0.24182163,0.21188296,0.2450137,0.8562725,0.38552073,-0.45704055,0.10248262,-0.7387044,-0.37376085,-0.4759328,0.64009005,-0.7648778,0.09205791,-0.183811,-0.35192674,0.5683885
-0.18334246,-0.23896968,0.3717938,0.0540621,0.17499328,0.24126057,0.123932205,0.1716513,-0.20975661,-0.50754637,-0.058011644,-0.036237948,-0.21667735,0.052679893,-0.08445626,-0.11047747,-0.10456064,0.17157277,-0.12889552,-0.04154919,-0.30837005,-0.386992,0.28000692,-0.19258812,-0.48704502,-0.023166368,0.024589414,0.16686139,-0.04542566,0.11626869,-0.20949478,-0.232438,0.1618977,-0.2371084,-0.094715096,-0.08872604,0.2223745,-0.2758979,-0.12745595,-0.10391777,0.16129205,0.32216159
-0.2432542,-0.30809814,0.47062773,0.0986683,0.23620366,0.3131558,0.18180592,0.19061282,-0.27764505,-0.6645838,-0.05415666,-0.012093502,-0.3074833,0.10027867,-0.04304534,-0.17062321,-0.08781037,0.17411606,-0.12396279,-0.049867723,-0.3631688,-0.5159284,0.3453108,-0.28121108,-0.65689564,0.0067788744,-0.018378347,0.17878635,-0.08370403,0.16307874,-0.21516666,-0.27656484,0.24464738,-0.38987312,-0.092844166,-0.09077479,0.3661963,-0.3381263,-0.103047766,-0.13075408,0.1899975,0.4428931
-0.23270166,-0.14958656,0.48585966,0.13421856,0.18304083,0.41672128,0.09687029,0.22176464,-0.08556373,-0.48382878,0.06903867,0.041653834,-0.15649568,0.0858467,-0.09267249,0.007393978,-0.11088174,0.2674222,-0.16801395,-0.14320423,-0.3977426,-0.35252783,0.53492826,-0.2135467,-0.43129116,-0.037877493,0.024664031,0.20394257,-0.12820657,0.059804272,-0.2516081,-0.32700247,0.18257599,-0.14807576,-0.011080079,-0.025535045,0.0980184,-0.24866344,-0.19234265,-0.14684838,0.17400748,0.24344847
-0.19727741,-0.16284788,0.4132917,0.115523376,0.20503984,0.31879002,0.1470447,0.19984981,-0.1759169,-0.48825842,0.0096281925,-0.0013568428,-0.17826506,0.070305124,-0.03836494,-0.08813574,-0.07997629,0.18543385,-0.14208035,-0.1120698,-0.31289706,-0.38035515,0.3837944,-0.20476508,-0.44138724,-0.00960686,0.023678977,0.16818397,-0.07681984,0.13675274,-0.2002936,-0.25353655,0.15025702,-0.23177609,-0.051702615,-0.07557486,0.18378638,-0.25889522,-0.0928719,-0.112719715,0.14528632,0.25784037
-0.20306265,-0.19630168,0.46370336,0.08782224,0.22295564,0.34052294,0.16726549,0.25576106,-0.2177405,-0.55066097,-0.034636963,0.0021103662,-0.20814501,0.05761985,-0.0725624,-0.110328086,-0.0888223,0.17505716,-0.16763885,-0.090182304,-0.37641093,-0.4473211,0.42495567,-0.23538794,-0.48130557,0.006766778,0.022168443,0.23297021,-0.087500386,0.1256224,-0.2060269,-0.24171665,0.17283091,-0.27184013,-0.04146028,-0.08415066,0.20357428,-0.3053487,-0.10218626,-0.13606922,0.16900776,0.29059413
-0.16394606,-0.18319218,0.3143204,0.11656511,0.23494038,0.25945348,0.16276254,0.14934634,-0.12936512,-0.51321995,-0.007305103,0.037368607,-0.21106842,0.07571405,0.041604195,-0.04683604,-0.038595095,0.10554672,-0.053118207,0.038150635,-0.1994124,-0.42190632,0.31188688,-0.24810068,-0.44892284,0.02884594,-0.063794374,0.15583685,-0.096324794,0.16794753,-0.05927561,-0.1567181,0.1321217,-0.30427074,0.062388856,-0.06526864,0.30809242,-0.16695772,-0.006224295,-0.09446126,0.07452178,0.24736731
