0.0001613191,0.0001613191,0.0001613191,0.0001613191,0.0001613191,0.0001613191,0.0001613191,0.0001613191,0.17210788,0.0001613191,0.0001613191,0.0001613191,0.0001613191,0.0001613191,0.0001613191,0.0001613191,0.0001613191,0.0001613191,0.0001613191,0.0001613191,0.5196804,0.00016199556,0.0001613191,0.0001613191,0.0001613191,0.0001613191,0.0001613191,0.0001613191,0.0001613191,0.0001613191,0.0001613191,0.0001613191,0.0001613191,0.30062905,0.0001613191,0.0001613191,0.0001613191,0.0001613191,0.0001613191,0.0001613191,0.0001613191,0.0001613191,0.0001613191,0.0001613191,0.0001613191,0.0001613191,0.0001613191,0.0001613191,0.0001613191,0.0001613191
0.00014389481,0.00014389481,0.00014389481,0.00014389481,0.00014389481,0.00014389481,0.09198124,0.00014389481,0.00014389481,0.00014389481,0.00014389481,0.00014389481,0.00014389481,0.00014389481,0.00014389481,0.00014389481,0.00014389481,0.00014389481,0.00014389481,0.00014389481,0.1988914,0.00014389481,0.00014389481,0.00014389481,0.00014389481,0.00014389481,0.00014389481,0.00014389481,0.00014389481,0.00014389481,0.00014389481,0.00014389481,0.00014389481,0.40138412,0.00014389481,0.00014389481,0.00014389481,0.00014389481,0.00014389481,0.00014389481,0.00014389481,0.00014389481,0.00014389481,0.00014389481,0.00014389481,0.00014389481,0.00014389481,0.00014389481,0.00014389481,0.30112416
0.0005000077,0.0005000077,0.0005000077,0.0005000077,0.0005000077,0.0005000077,0.0005000077,0.0005000077,0.0005000077,0.0005000077,0.0005000077,0.0005000077,0.0005000077,0.0005000077,0.0005000077,0.0005000077,0.0005000077,0.0005000077,0.0005000077,0.0005000077,0.97549963,0.0005000077,0.0005000077,0.0005000077,0.0005000077,0.0005000077,0.0005000077,0.0005000077,0.0005000077,0.0005000077,0.0005000077,0.0005000077,0.0005000077,0.0005000077,0.0005000077,0.0005000077,0.0005000077,0.0005000077,0.0005000077,0.0005000077,0.0005000077,0.0005000077,0.0005000077,0.0005000077,0.0005000077,0.0005000077,0.0005000077,0.0005000077,0.0005000077,0.0005000077
2.1099044e-05,2.1099044e-05,2.1099044e-05,0.01574502,2.1099044e-05,2.1099044e-05,0.10787831,2.1099044e-05,2.1099044e-05,0.86542946,2.1099044e-05,2.1099044e-05,2.1099044e-05,2.1099044e-05,2.1099044e-05,2.1099044e-05,2.1099044e-05,2.1099044e-05,2.1099044e-05,2.1099044e-05,2.1099044e-05,2.1099044e-05,2.1099044e-05,2.1099044e-05,2.1099044e-05,2.1099044e-05,2.1099044e-05,2.1099044e-05,2.1099044e-05,0.009976637,2.1099044e-05,2.1099044e-05,2.1099044e-05,2.1099044e-05,2.1099044e-05,2.1099044e-05,2.1099044e-05,2.1099044e-05,2.1099044e-05,2.1099044e-05,2.1099044e-05,2.1099044e-05,2.1099044e-05,2.1099044e-05,2.1099044e-05,2.1099044e-05,2.1099044e-05,2.1099044e-05,2.1099044e-05,2.1099044e-05
5.4797067e-05,5.4797067e-05,5.4797067e-05,0.98469776,5.4797067e-05,5.4797067e-05,5.4797067e-05,5.4797067e-05,0.012672001,5.4797067e-05,5.4797067e-05,5.4797067e-05,5.4797067e-05,5.4797067e-05,5.4797067e-05,5.4797067e-05,5.4797067e-05,5.4797067e-05,5.4797067e-05,5.4797067e-05,5.4797067e-05,5.4797067e-05,5.4797067e-05,5.4797067e-05,5.4797067e-05,5.4797067e-05,5.4797067e-05,5.4797067e-05,5.4797067e-05,5.4797067e-05,5.4797067e-05,5.4797067e-05,5.4797067e-05,5.4797067e-05,5.4797067e-05,5.4797067e-05,5.4797067e-05,5.4797067e-05,5.4797067e-05,5.4797067e-05,5.4797067e-05,5.4797067e-05,5.4797067e-05,5.4797067e-05,5.4797067e-05,5.4797067e-05,5.4797067e-05,5.4797067e-05,5.4797067e-05,5.4797067e-05
0.00021052895,0.00021052895,0.00021052895,0.00021052895,0.00021052895,0.00021052895,0.00021052895,0.00021052895,0.00021052895,0.00021052895,0.00021052895,0.00021052895,0.00021052895,0.00021052895,0.00021052895,0.00021052895,0.00021052895,0.00021052895,0.00021052895,0.00021052895,0.98968405,0.00021052895,0.00021052895,0.00021052895,0.00021052895,0.00021052895,0.00021052895,0.00021052895,0.00021052895,0.00021052895,0.00021052895,0.00021052895,0.00021052895,0.00021052895,0.00021052895,0.00021052895,0.00021052895,0.00021052895,0.00021052895,0.00021052895,0.00021052895,0.00021052895,0.00021052895,0.00021052895,0.00021052895,0.00021052895,0.00021052895,0.00021052895,0.00021052895,0.00021052895
0.00021505936,0.14414366,0.00021505936,0.00021505936,0.00021505936,0.00021505936,0.00021505936,0.00021505936,0.00021505936,0.00021505936,0.00021505936,0.00021505936,0.00021505936,0.00021505936,0.00021505936,0.00021505936,0.00021505936,0.00021505936,0.00021505936,0.00021505936,0.8455335,0.00021505936,0.00021505936,0.00021505936,0.00021505936,0.00021505936,0.00021505936,0.00021505936,0.00021505936,0.00021505936,0.00021505936,0.00021505936,0.00021505936,0.00021505936,0.00021505936,0.00021505936,0.00021505936,0.00021505936,0.00021505936,0.00021505936,0.00021505936,0.00021505936,0.00021505936,0.00021505936,0.00021505936,0.00021505936,0.00021505936,0.00021505936,0.00021505936,0.00021505936
0.0004255356,0.0004255356,0.0004255356,0.0004255356,0.0004255356,0.0004255356,0.0004255356,0.0004255356,0.0004255356,0.0004255356,0.0004255356,0.0004255356,0.0004255356,0.0004255356,0.0004255356,0.0004255356,0.0004255356,0.0004255356,0.0004255356,0.0004255356,0.97914875,0.0004255356,0.0004255356,0.0004255356,0.0004255356,0.0004255356,0.0004255356,0.0004255356,0.0004255356,0.0004255356,0.0004255356,0.0004255356,0.0004255356,0.0004255356,0.0004255356,0.0004255356,0.0004255356,0.0004255356,0.0004255356,0.0004255356,0.0004255356,0.0004255356,0.0004255356,0.0004255356,0.0004255356,0.0004255356,0.0004255356,0.0004255356,0.0004255356,0.0004255356
0.00043479024,0.00043479024,0.00043479024,0.00043479024,0.00043479024,0.00043479024,0.00043479024,0.00043479024,0.00043479024,0.00043479024,0.00043479024,0.00043479024,0.00043479024,0.00043479024,0.00043479024,0.00043479024,0.00043479024,0.00043479024,0.00043479024,0.00043479024,0.763387,0.21574308,0.00043479024,0.00043479024,0.00043479024,0.00043479024,0.00043479024,0.00043479024,0.00043479024,0.00043479024,0.00043479024,0.00043479024,0.00043479024,0.00043479024,0.00043479024,0.00043479024,0.00043479024,0.00043479024,0.00043479024,0.00043479024,0.00043479024,0.00043479024,0.00043479024,0.00043479024,0.00043479024,0.00043479024,0.00043479024,0.00043479024,0.00043479024,0.00043479024
0.00038461838,0.00038461838,0.00038461838,0.00038461838,0.00038461838,0.00038461838,0.00038461838,0.00038461838,0.00038461838,0.00038461838,0.00038461838,0.00038461838,0.00038461838,0.00038461838,0.00038461838,0.00038461838,0.00038461838,0.00038461838,0.00038461838,0.00038461838,0.00038461838,0.00038461838,0.00038461838,0.00038461838,0.00038461838,0.00038461838,0.00038461838,0.00038461838,0.00038461838,0.00038461838,0.00038461838,0.00038461838,0.00038461838,0.00038461838,0.00038461838,0.00038461838,0.00038461838,0.9811537,0.00038461838,0.00038461838,0.00038461838,0.00038461838,0.00038461838,0.00038461838,0.00038461838,0.00038461838,0.00038461838,0.00038461838,0.00038461838,0.00038461838
0.00016949468,0.00016949468,0.00016949468,0.00016949468,0.00016949468,0.00016949468,0.00016949468,0.00016949468,0.00016949468,0.00016949468,0.00016949468,0.00016949468,0.00016949468,0.00016949468,0.00016949468,0.00016949468,0.00016949468,0.00016949468,0.00016949468,0.00016949468,0.36195695,0.00016949468,0.00016949468,0.00016949468,0.00016949468,0.052005325,0.00016949468,0.00016949468,0.00016949468,0.00016949468,0.00016949468,0.00016949468,0.00016949468,0.00016949468,0.00016949468,0.00016949468,0.00016949468,0.00016949468,0.00016949468,0.00016949468,0.00016949468,0.00016949468,0.00016949468,0.00016949468,0.00016949468,0.00016949468,0.00016949468,0.5780715,0.00016949468,0.00016949468
0.00010152655,0.00010152655,0.00010152655,0.00010152655,0.00010152655,0.00010152655,0.00010152655,0.00010152655,0.00010152655,0.00010152655,0.00010152655,0.00010152655,0.00010152655,0.00010152655,0.00010152655,0.00010152655,0.00010152655,0.00010152655,0.00010152655,0.9640234,0.031103345,0.00010152655,0.00010152655,0.00010152655,0.00010152655,0.00010152655,0.00010152655,0.00010152655,0.00010152655,0.00010152655,0.00010152655,0.00010152655,0.00010152655,0.00010152655,0.00010152655,0.00010152655,0.00010152655,0.00010152655,0.00010152655,0.00010152655,0.00010152655,0.00010152655,0.00010152655,0.00010152655,0.00010152655,0.00010152655,0.00010152655,0.00010152655,0.00010152655,0.00010152655
0.0002381086,0.0002381086,0.0002381086,0.0002381086,0.0002381086,0.0002381086,0.0002381086,0.0002381086,0.0002381086,0.0002381086,0.0002381086,0.0002381086,0.0002381086,0.0002381086,0.0002381086,0.0002381086,0.0002381086,0.0002381086,0.0002381086,0.01501001,0.97356075,0.0002381086,0.0002381086,0.0002381086,0.0002381086,0.0002381086,0.0002381086,0.0002381086,0.0002381086,0.0002381086,0.0002381086,0.0002381086,0.0002381086,0.0002381086,0.0002381086,0.0002381086,0.0002381086,0.0002381086,0.0002381086,0.0002381086,0.0002381086,0.0002381086,0.0002381086,0.0002381086,0.0002381086,0.0002381086,0.0002381086,0.0002381086,0.0002381086,0.0002381086
0.00031251393,0.00031251393,0.00031251393,0.00031251393,0.00031251393,0.00031251393,0.00031251393,0.00031251393,0.00031251393,0.00031251393,0.00031251393,0.00031251393,0.00031251393,0.00031251393,0.00031251393,0.00031251393,0.00031251393,0.00031251393,0.00031251393,0.36418077,0.62081856,0.00031251393,0.00031251393,0.00031251393,0.00031251393,0.00031251393,0.00031251393,0.00031251393,0.00031251393,0.00031251393,0.00031251393,0.00031251393,0.00031251393,0.00031251393,0.00031251393,0.00031251393,0.00031251393,0.00031251393,0.00031251393,0.00031251393,0.00031251393,0.00031251393,0.00031251393,0.00031251393,0.00031251393,0.00031251393,0.00031251393,0.00031251393,0.00031251393,0.00031251393
0.00028572237,0.00028572237,0.00028572237,0.00028572237,0.00028572237,0.00028572237,0.00028572237,0.00028572237,0.00028572237,0.00028572237,0.00028572237,0.00028572237,0.00028572237,0.00028572237,0.00028572237,0.00028572237,0.00028572237,0.00028572237,0.00028572237,0.00028572237,0.9859996,0.00028572237,0.00028572237,0.00028572237,0.00028572237,0.00028572237,0.00028572237,0.00028572237,0.00028572237,0.00028572237,0.00028572237,0.00028572237,0.00028572237,0.00028572237,0.00028572237,0.00028572237,0.00028572237,0.00028572237,0.00028572237,0.00028572237,0.00028572237,0.00028572237,0.00028572237,0.00028572237,0.00028572237,0.00028572237,0.00028572237,0.00028572237,0.00028572237,0.00028572237
0.00024097163,0.00024097163,0.00024097163,0.00024097163,0.00024097163,0.00024097163,0.00024097163,0.00024097163,0.00024097163,0.00024097163,0.00024097163,0.00024097163,0.00024097163,0.00024097163,0.00024097163,0.00024097163,0.00024097163,0.00024097163,0.00024097163,0.00024097163,0.9881924,0.00024097163,0.00024097163,0.00024097163,0.00024097163,0.00024097163,0.00024097163,0.00024097163,0.00024097163,0.00024097163,0.00024097163,0.00024097163,0.00024097163,0.00024097163,0.00024097163,0.00024097163,0.00024097163,0.00024097163,0.00024097163,0.00024097163,0.00024097163,0.00024097163,0.00024097163,0.00024097163,0.00024097163,0.00024097163,0.00024097163,0.00024097163,0.00024097163,0.00024097163
0.00010001252,0.00010001252,0.00010001252,0.00010001252,0.00010001252,0.00010001252,0.00010001252,0.00010001252,0.00010001252,0.00010001252,0.00010001252,0.00010001252,0.00010001252,0.00010001252,0.00010001252,0.00010001252,0.00010001252,0.00010001252,0.00010001252,0.5552499,0.38110465,0.00010001252,0.00010001252,0.00010001252,0.00010001252,0.00010001252,0.00010001252,0.00010001252,0.00010001252,0.00010001252,0.00010001252,0.00010001252,0.00010001252,0.00010001252,0.00010001252,0.00010001252,0.00010001252,0.058944862,0.00010001252,0.00010001252,0.00010001252,0.00010001252,0.00010001252,0.00010001252,0.00010001252,0.00010001252,0.00010001252,0.00010001252,0.00010001252,0.00010001252
0.00015748848,0.00015748848,0.00015748848,0.00015748848,0.00015748848,0.00015748848,0.00015748848,0.00015748848,0.00015748848,0.00015748848,0.00015748848,0.00015748848,0.00015748848,0.00015748848,0.00015748848,0.00015748848,0.00015748848,0.00015748848,0.00015748848,0.00015748848,0.8374288,0.00015748848,0.00015748848,0.00015748848,0.00015748848,0.00015748848,0.00015748848,0.00015748848,0.00015748848,0.00015748848,0.00015748848,0.00015748848,0.00015748848,0.00015748848,0.00015748848,0.00015748848,0.00015748848,0.15501174,0.00015748848,0.00015748848,0.00015748848,0.00015748848,0.00015748848,0.00015748848,0.00015748848,0.00015748848,0.00015748848,0.00015748848,0.00015748848,0.00015748848
0.00014288009,0.00014288009,0.00014288009,0.00014288009,0.00014288009,0.00014288009,0.00014288009,0.00014288009,0.00014288009,0.00014288009,0.00014288009,0.00014288009,0.00014288009,0.00014288009,0.00014288009,0.00014288009,0.00014288009,0.00014288009,0.00014288009,0.1345826,0.24040987,0.00014288009,0.00014288009,0.00014288009,0.00014288009,0.00014288009,0.00014288009,0.00014288009,0.00014288009,0.00014288009,0.00014288009,0.00014288009,0.00014288009,0.37267947,0.00014288009,0.00014288009,0.00014288009,0.00014288009,0.00014288009,0.00014288009,0.00014288009,0.00014288009,0.00014288009,0.00014288009,0.00014288009,0.00014288009,0.00014288009,0.00014288009,0.00014288009,0.24575563
0.00012658963,0.00012658963,0.00012658963,0.00012658963,0.00012658963,0.08810441,0.00012658963,0.00012658963,0.00012658963,0.00012658963,0.00012658963,0.00012658963,0.00012658963,0.00012658963,0.00012658963,0.00012658963,0.00012658963,0.00012658963,0.00012658963,0.39665103,0.37277925,0.00012658963,0.00012658963,0.00012658963,0.00012658963,0.00012658963,0.00012658963,0.00012658963,0.00012658963,0.00012658963,0.00012658963,0.00012658963,0.00012658963,0.00012658963,0.00012658963,0.00012658963,0.13664216,0.00012658963,0.00012658963,0.00012658963,0.00012658963,0.00012658963,0.00012658963,0.00012658963,0.00012658963,0.00012658963,0.00012658963,0.00012658963,0.00012658963,0.00012658963
6.390347e-05,6.390347e-05,6.390347e-05,6.390347e-05,6.390347e-05,6.390347e-05,6.390347e-05,6.390347e-05,6.390347e-05,6.390347e-05,6.390347e-05,0.99686867,6.390347e-05,6.390347e-05,6.390347e-05,6.390347e-05,6.390347e-05,6.390347e-05,6.390347e-05,6.390347e-05,6.390347e-05,6.390347e-05,6.390347e-05,6.390347e-05,6.390347e-05,6.390347e-05,6.390347e-05,6.390347e-05,6.390347e-05,6.390347e-05,6.390347e-05,6.390347e-05,6.390347e-05,6.390347e-05,6.390347e-05,6.390347e-05,6.390347e-05,6.390347e-05,6.390347e-05,6.390347e-05,6.390347e-05,6.390347e-05,6.390347e-05,6.390347e-05,6.390347e-05,6.390347e-05,6.390347e-05,6.390347e-05,6.390347e-05,6.390347e-05
5.7309386e-05,5.7309386e-05,5.7309386e-05,5.7309386e-05,5.7309386e-05,5.7309386e-05,5.7309386e-05,5.7309386e-05,5.7309386e-05,5.7309386e-05,5.7309386e-05,0.07455643,5.7309386e-05,5.7309386e-05,5.7309386e-05,5.7309386e-05,5.7309386e-05,5.7309386e-05,5.7309386e-05,5.7309386e-05,5.7309386e-05,5.7309386e-05,5.7309386e-05,5.7309386e-05,5.7309386e-05,5.7309386e-05,5.7309386e-05,5.7309386e-05,5.7309386e-05,5.7309386e-05,5.7309386e-05,5.7309386e-05,5.7309386e-05,5.7309386e-05,5.7309386e-05,5.7309386e-05,5.7309386e-05,5.7309386e-05,0.9226928,5.7309386e-05,5.7309386e-05,5.7309386e-05,5.7309386e-05,5.7309386e-05,5.7309386e-05,5.7309386e-05,5.7309386e-05,5.7309386e-05,5.7309386e-05,5.7309386e-05
0.00016949818,0.00016949818,0.00016949818,0.00016949818,0.00016949818,0.00016949818,0.00016949818,0.00016949818,0.00016949818,0.00016949818,0.00016949818,0.00016949818,0.00016949818,0.00016949818,0.00016949818,0.00016949818,0.00016949818,0.00016949818,0.00016949818,0.00016949818,0.00016949818,0.00016949818,0.00016949818,0.00016949818,0.00016949818,0.00016949818,0.00016949818,0.00016949818,0.00016949818,0.00016949818,0.00016949818,0.00016949818,0.00016949818,0.00016949818,0.00016949818,0.00016949818,0.00016949818,0.00016949818,0.00016949818,0.00016949818,0.00016949818,0.00016949818,0.00016949818,0.00016949818,0.023690643,0.00016949818,0.00016949818,0.96817344,0.00016949818,0.00016949818
0.00034483752,0.00034483752,0.00034483752,0.00034483752,0.62458014,0.00034483752,0.35886765,0.00034483752,0.00034483752,0.00034483752,0.00034483752,0.00034483752,0.00034483752,0.00034483752,0.00034483752,0.00034483752,0.00034483752,0.00034483752,0.00034483752,0.00034483752,0.00034483752,0.00034483752,0.00034483752,0.00034483752,0.00034483752,0.00034483752,0.00034483752,0.00034483752,0.00034483752,0.00034483752,0.00034483752,0.00034483752,0.00034483752,0.00034483752,0.00034483752,0.00034483752,0.00034483752,0.00034483752,0.00034483752,0.00034483752,0.00034483752,0.00034483752,0.00034483752,0.00034483752,0.00034483752,0.00034483752,0.00034483752,0.00034483752,0.00034483752,0.00034483752
1.4463685e-05,1.4463685e-05,1.4463685e-05,1.4463685e-05,1.4463685e-05,1.4463685e-05,1.4463685e-05,1.4463685e-05,0.044560872,1.4463685e-05,1.4463685e-05,1.4463685e-05,1.4463685e-05,0.0024483814,1.4463685e-05,1.4463685e-05,1.4463685e-05,1.4463685e-05,0.92507,1.4463685e-05,1.4463685e-05,1.4463685e-05,1.4463685e-05,1.4463685e-05,1.4463685e-05,1.4463685e-05,1.4463685e-05,1.4463685e-05,1.4463685e-05,1.4463685e-05,1.4463685e-05,1.4463685e-05,1.4463685e-05,1.4463685e-05,1.4463685e-05,1.4463685e-05,0.027255455,1.4463685e-05,1.4463685e-05,1.4463685e-05,1.4463685e-05,1.4463685e-05,1.4463685e-05,1.4463685e-05,1.4463685e-05,1.4463685e-05,1.4463685e-05,1.4463685e-05,1.4463685e-05,1.4463685e-05
4.3479355e-05,4.3479355e-05,4.3479355e-05,4.3479355e-05,4.3479355e-05,4.3479355e-05,4.3479355e-05,4.3479355e-05,4.3479355e-05,4.3479355e-05,4.3479355e-05,4.3479355e-05,4.3479355e-05,4.3479355e-05,4.3479355e-05,4.3479355e-05,4.3479355e-05,4.3479355e-05,4.3479355e-05,4.3479355e-05,4.3479355e-05,4.3479355e-05,4.3479355e-05,4.3479355e-05,4.3479355e-05,4.3479355e-05,4.3479355e-05,4.3479355e-05,4.3479355e-05,4.3479355e-05,4.3479355e-05,4.3479355e-05,0.23837498,4.3479355e-05,4.3479355e-05,4.3479355e-05,0.759538,4.3479355e-05,4.3479355e-05,4.3479355e-05,4.3479355e-05,4.3479355e-05,4.3479355e-05,4.3479355e-05,4.3479355e-05,4.3479355e-05,4.3479355e-05,4.3479355e-05,4.3479355e-05,4.3479355e-05
2.2859373e-05,2.2859373e-05,2.2859373e-05,2.2859373e-05,2.2859373e-05,2.2859373e-05,2.2859373e-05,2.2859373e-05,0.05078094,2.2859373e-05,2.2859373e-05,2.2859373e-05,2.2859373e-05,2.2859373e-05,2.2859373e-05,2.2859373e-05,2.2859373e-05,2.2859373e-05,2.2859373e-05,2.2859373e-05,2.2859373e-05,2.2859373e-05,2.2859373e-05,2.2859373e-05,2.2859373e-05,2.2859373e-05,2.2859373e-05,2.2859373e-05,2.2859373e-05,2.2859373e-05,2.2859373e-05,2.2859373e-05,0.94812185,2.2859373e-05,2.2859373e-05,2.2859373e-05,2.2859373e-05,2.2859373e-05,2.2859373e-05,2.2859373e-05,2.2859373e-05,2.2859373e-05,2.2859373e-05,2.2859373e-05,2.2859373e-05,2.2859373e-05,2.2859373e-05,2.2859373e-05,2.2859373e-05,2.2859373e-05
3.2367774e-05,3.2367774e-05,3.2367774e-05,3.2367774e-05,3.2367774e-05,3.2367774e-05,0.04944448,3.2367774e-05,3.2367774e-05,3.2367774e-05,3.2367774e-05,3.2367774e-05,0.057084035,3.2367774e-05,3.2367774e-05,3.2367774e-05,3.2367774e-05,3.2367774e-05,3.2367774e-05,0.7239788,3.2367774e-05,3.2367774e-05,3.2367774e-05,3.2367774e-05,3.2367774e-05,3.2367774e-05,3.2367774e-05,3.2367774e-05,3.2367774e-05,3.2367774e-05,3.2367774e-05,3.2367774e-05,3.2367774e-05,3.2367774e-05,3.2367774e-05,3.2367774e-05,3.2367774e-05,3.2367774e-05,3.2367774e-05,3.2367774e-05,3.2367774e-05,3.2367774e-05,3.2367774e-05,3.2367774e-05,3.2367774e-05,3.2367774e-05,0.16800374,3.2367774e-05,3.2367774e-05,3.2367774e-05
5.3769156e-05,5.3769156e-05,5.3769156e-05,5.3769156e-05,5.3769156e-05,5.3769156e-05,5.3769156e-05,5.3769156e-05,5.3769156e-05,5.3769156e-05,5.3769156e-05,5.3769156e-05,0.9973653,5.3769156e-05,5.3769156e-05,5.3769156e-05,5.3769156e-05,5.3769156e-05,5.3769156e-05,5.3769156e-05,5.3769156e-05,5.3769156e-05,5.3769156e-05,5.3769156e-05,5.3769156e-05,5.3769156e-05,5.3769156e-05,5.3769156e-05,5.3769156e-05,5.3769156e-05,5.3769156e-05,5.3769156e-05,5.3769156e-05,5.3769156e-05,5.3769156e-05,5.3769156e-05,5.3769156e-05,5.3769156e-05,5.3769156e-05,5.3769156e-05,5.3769156e-05,5.3769156e-05,5.3769156e-05,5.3769156e-05,5.3769156e-05,5.3769156e-05,5.3769156e-05,5.3769156e-05,5.3769156e-05,5.3769156e-05
0.00018183263,0.00018183263,0.00018183263,0.00018183263,0.00018183263,0.00018183263,0.00018183263,0.00018183263,0.00018183263,0.00018183263,0.00018183263,0.00018183263,0.00018183263,0.00018183263,0.00018183263,0.00018183263,0.00018183263,0.00018183263,0.00018183263,0.00018183263,0.00018183263,0.00018183263,0.00018183263,0.00018183263,0.00018183263,0.00018183263,0.00018183263,0.00018183263,0.00018183263,0.00018183263,0.00018183263,0.00018183263,0.00018183263,0.00018183263,0.00018183263,0.00018183263,0.00018183263,0.00018183263,0.00018183263,0.00018183263,0.00018183263,0.00018183263,0.00018183263,0.00018183263,0.00018183263,0.00018183263,0.00018183263,0.9910902,0.00018183263,0.00018183263
5.9348487e-05,5.9348487e-05,5.9348487e-05,5.9348487e-05,0.9970919,5.9348487e-05,5.9348487e-05,5.9348487e-05,5.9348487e-05,5.9348487e-05,5.9348487e-05,5.9348487e-05,5.9348487e-05,5.9348487e-05,5.9348487e-05,5.9348487e-05,5.9348487e-05,5.9348487e-05,5.9348487e-05,5.9348487e-05,5.9348487e-05,5.9348487e-05,5.9348487e-05,5.9348487e-05,5.9348487e-05,5.9348487e-05,5.9348487e-05,5.9348487e-05,5.9348487e-05,5.9348487e-05,5.9348487e-05,5.9348487e-05,5.9348487e-05,5.9348487e-05,5.9348487e-05,5.9348487e-05,5.9348487e-05,5.9348487e-05,5.9348487e-05,5.9348487e-05,5.9348487e-05,5.9348487e-05,5.9348487e-05,5.9348487e-05,5.9348487e-05,5.9348487e-05,5.9348487e-05,5.9348487e-05,5.9348487e-05,5.9348487e-05
9.75643e-05,9.75643e-05,9.75643e-05,9.75643e-05,9.75643e-05,9.75643e-05,9.75643e-05,9.75643e-05,9.75643e-05,9.75643e-05,9.75643e-05,9.75643e-05,9.75643e-05,9.75643e-05,9.75643e-05,9.75643e-05,9.75643e-05,9.75643e-05,9.75643e-05,9.75643e-05,9.75643e-05,9.75643e-05,9.75643e-05,9.75643e-05,9.75643e-05,9.75643e-05,9.75643e-05,9.75643e-05,9.75643e-05,9.75643e-05,9.75643e-05,9.75643e-05,9.75643e-05,9.75643e-05,0.99521935,9.75643e-05,9.75643e-05,9.75643e-05,9.75643e-05,9.75643e-05,9.75643e-05,9.75643e-05,9.75643e-05,9.75643e-05,9.75643e-05,9.75643e-05,9.75643e-05,9.75643e-05,9.75643e-05,9.75643e-05
7.272815e-05,7.272815e-05,7.272815e-05,7.272815e-05,7.272815e-05,7.272815e-05,7.272815e-05,7.272815e-05,7.272815e-05,7.272815e-05,7.272815e-05,7.272815e-05,7.272815e-05,7.272815e-05,7.272815e-05,7.272815e-05,7.272815e-05,7.272815e-05,7.272815e-05,7.272815e-05,7.272815e-05,7.272815e-05,7.272815e-05,7.272815e-05,7.272815e-05,0.9964363,7.272815e-05,7.272815e-05,7.272815e-05,7.272815e-05,7.272815e-05,7.272815e-05,7.272815e-05,7.272815e-05,7.272815e-05,7.272815e-05,7.272815e-05,7.272815e-05,7.272815e-05,7.272815e-05,7.272815e-05,7.272815e-05,7.272815e-05,7.272815e-05,7.272815e-05,7.272815e-05,7.272815e-05,7.272815e-05,7.272815e-05,7.272815e-05
8.197548e-05,0.58573586,8.197548e-05,8.197548e-05,8.197548e-05,8.197548e-05,8.197548e-05,8.197548e-05,8.197548e-05,8.197548e-05,8.197548e-05,8.197548e-05,8.197548e-05,8.197548e-05,8.197548e-05,8.197548e-05,8.197548e-05,8.197548e-05,8.197548e-05,0.41032934,8.197548e-05,8.197548e-05,8.197548e-05,8.197548e-05,8.197548e-05,8.197548e-05,8.197548e-05,8.197548e-05,8.197548e-05,8.197548e-05,8.197548e-05,8.197548e-05,8.197548e-05,8.197548e-05,8.197548e-05,8.197548e-05,8.197548e-05,8.197548e-05,8.197548e-05,8.197548e-05,8.197548e-05,8.197548e-05,8.197548e-05,8.197548e-05,8.197548e-05,8.197548e-05,8.197548e-05,8.197548e-05,8.197548e-05,8.197548e-05
5.2502655e-05,5.2502655e-05,5.2502655e-05,5.2502655e-05,5.2502655e-05,5.2502655e-05,5.2502655e-05,5.2502655e-05,0.9768403,5.2502655e-05,5.2502655e-05,5.2502655e-05,5.2502655e-05,5.2502655e-05,5.2502655e-05,5.2502655e-05,5.2502655e-05,5.2502655e-05,5.2502655e-05,5.2502655e-05,0.020639593,5.2502655e-05,5.2502655e-05,5.2502655e-05,5.2502655e-05,5.2502655e-05,5.2502655e-05,5.2502655e-05,5.2502655e-05,5.2502655e-05,5.2502655e-05,5.2502655e-05,5.2502655e-05,5.2502655e-05,5.2502655e-05,5.2502655e-05,5.2502655e-05,5.2502655e-05,5.2502655e-05,5.2502655e-05,5.2502655e-05,5.2502655e-05,5.2502655e-05,5.2502655e-05,5.2502655e-05,5.2502655e-05,5.2502655e-05,5.2502655e-05,5.2502655e-05,5.2502655e-05
6.712845e-05,6.712845e-05,6.712845e-05,6.712845e-05,6.712845e-05,6.712845e-05,6.712845e-05,6.712845e-05,6.712845e-05,6.712845e-05,6.712845e-05,6.712845e-05,6.712845e-05,6.712845e-05,6.712845e-05,6.712845e-05,6.712845e-05,6.712845e-05,6.712845e-05,0.16702615,6.712845e-05,6.712845e-05,6.712845e-05,6.712845e-05,6.712845e-05,6.712845e-05,6.712845e-05,6.712845e-05,0.78217804,6.712845e-05,6.712845e-05,6.712845e-05,6.712845e-05,0.047640704,6.712845e-05,6.712845e-05,6.712845e-05,6.712845e-05,6.712845e-05,6.712845e-05,6.712845e-05,6.712845e-05,6.712845e-05,6.712845e-05,6.712845e-05,6.712845e-05,6.712845e-05,6.712845e-05,6.712845e-05,6.712845e-05
9.260253e-05,9.260253e-05,9.260253e-05,9.260253e-05,9.260253e-05,9.260253e-05,9.260253e-05,9.260253e-05,9.260253e-05,9.260253e-05,9.260253e-05,9.260253e-05,9.260253e-05,9.260253e-05,9.260253e-05,9.260253e-05,9.260253e-05,9.260253e-05,9.260253e-05,0.9954625,9.260253e-05,9.260253e-05,9.260253e-05,9.260253e-05,9.260253e-05,9.260253e-05,9.260253e-05,9.260253e-05,9.260253e-05,9.260253e-05,9.260253e-05,9.260253e-05,9.260253e-05,9.260253e-05,9.260253e-05,9.260253e-05,9.260253e-05,9.260253e-05,9.260253e-05,9.260253e-05,9.260253e-05,9.260253e-05,9.260253e-05,9.260253e-05,9.260253e-05,9.260253e-05,9.260253e-05,9.260253e-05,9.260253e-05,9.260253e-05
0.00021740282,0.00021740282,0.00021740282,0.00021740282,0.00021740282,0.00021740282,0.00021740282,0.00021740282,0.00021740282,0.00021740282,0.00021740282,0.00021740282,0.00021740282,0.00021740282,0.00021740282,0.00021740282,0.00021740282,0.00021740282,0.00021740282,0.00021740282,0.665062,0.00021740282,0.00021740282,0.00021740282,0.00021740282,0.00021740282,0.00021740282,0.00021740282,0.00021740282,0.00021740282,0.00021740282,0.00021740282,0.32450268,0.00021740282,0.00021740282,0.00021740282,0.00021740282,0.00021740282,0.00021740282,0.00021740282,0.00021740282,0.00021740282,0.00021740282,0.00021740282,0.00021740282,0.00021740282,0.00021740282,0.00021740282,0.00021740282,0.00021740282
3.9309572e-05,3.9309572e-05,3.9309572e-05,3.9309572e-05,3.9309572e-05,3.9309572e-05,3.9309572e-05,3.9309572e-05,3.9309572e-05,3.9309572e-05,3.9309572e-05,3.9309572e-05,3.9309572e-05,3.9309572e-05,3.9309572e-05,3.9309572e-05,0.64214736,3.9309572e-05,0.16033235,0.17892659,3.9309572e-05,3.9309572e-05,3.9309572e-05,3.9309572e-05,3.9309572e-05,3.9309572e-05,3.9309572e-05,3.9309572e-05,3.9309572e-05,3.9309572e-05,3.9309572e-05,3.9309572e-05,3.9309572e-05,3.9309572e-05,3.9309572e-05,3.9309572e-05,3.9309572e-05,3.9309572e-05,3.9309572e-05,3.9309572e-05,3.9309572e-05,3.9309572e-05,3.9309572e-05,0.016785404,3.9309572e-05,3.9309572e-05,3.9309572e-05,3.9309572e-05,3.9309572e-05,3.9309572e-05
4.329177e-05,4.329177e-05,4.329177e-05,4.329177e-05,4.329177e-05,0.9978787,4.329177e-05,4.329177e-05,4.329177e-05,4.329177e-05,4.329177e-05,4.329177e-05,4.329177e-05,4.329177e-05,4.329177e-05,4.329177e-05,4.329177e-05,4.329177e-05,4.329177e-05,4.329177e-05,4.329177e-05,4.329177e-05,4.329177e-05,4.329177e-05,4.329177e-05,4.329177e-05,4.329177e-05,4.329177e-05,4.329177e-05,4.329177e-05,4.329177e-05,4.329177e-05,4.329177e-05,4.329177e-05,4.329177e-05,4.329177e-05,4.329177e-05,4.329177e-05,4.329177e-05,4.329177e-05,4.329177e-05,4.329177e-05,4.329177e-05,4.329177e-05,4.329177e-05,4.329177e-05,4.329177e-05,4.329177e-05,4.329177e-05,4.329177e-05
5.953e-05,5.953e-05,5.953e-05,5.953e-05,5.953e-05,5.953e-05,5.953e-05,5.953e-05,5.953e-05,5.953e-05,5.953e-05,5.953e-05,5.953e-05,5.953e-05,5.953e-05,5.953e-05,5.953e-05,5.953e-05,5.953e-05,5.953e-05,0.6767189,5.953e-05,5.953e-05,5.953e-05,5.953e-05,5.953e-05,5.953e-05,5.953e-05,5.953e-05,5.953e-05,5.953e-05,5.953e-05,5.953e-05,5.953e-05,5.953e-05,5.953e-05,5.953e-05,5.953e-05,5.953e-05,5.953e-05,5.953e-05,5.953e-05,5.953e-05,5.953e-05,5.953e-05,5.953e-05,5.953e-05,0.32042366,5.953e-05,5.953e-05
0.00011428796,0.00011428796,0.00011428796,0.00011428796,0.00011428796,0.00011428796,0.00011428796,0.00011428796,0.00011428796,0.00011428796,0.00011428796,0.00011428796,0.00011428796,0.00011428796,0.00011428796,0.00011428796,0.00011428796,0.00011428796,0.00011428796,0.00011428796,0.00011428796,0.00011428796,0.35561058,0.00011428796,0.00011428796,0.00011428796,0.00011428796,0.00011428796,0.00011428796,0.6389036,0.00011428796,0.00011428796,0.00011428796,0.00011428796,0.00011428796,0.00011428796,0.00011428796,0.00011428796,0.00011428796,0.00011428796,0.00011428796,0.00011428796,0.00011428796,0.00011428796,0.00011428796,0.00011428796,0.00011428796,0.00011428796,0.00011428796,0.00011428796
0.00016000746,0.00016000746,0.00016000746,0.00016000746,0.18679084,0.00016000746,0.00016000746,0.00016000746,0.073525794,0.00016000746,0.00016000746,0.00016000746,0.00016000746,0.00016000746,0.00016000746,0.00016000746,0.00016000746,0.00016000746,0.00016000746,0.051057722,0.00016000746,0.00016000746,0.00016000746,0.00016000746,0.00016000746,0.00016000746,0.00016000746,0.00016000746,0.00016000746,0.00016000746,0.00016000746,0.00016000746,0.00016000746,0.00016000746,0.00016000746,0.00016000746,0.00016000746,0.00016000746,0.00016000746,0.00016000746,0.6812653,0.00016000746,0.00016000746,0.00016000746,0.00016000746,0.00016000746,0.00016000746,0.00016000746,0.00016000746,0.00016000746
6.0791896e-05,6.0791896e-05,6.0791896e-05,6.0791896e-05,0.05587841,6.0791896e-05,6.0791896e-05,6.0791896e-05,6.0791896e-05,6.0791896e-05,6.0791896e-05,6.0791896e-05,6.0791896e-05,6.0791896e-05,6.0791896e-05,6.0791896e-05,6.0791896e-05,6.0791896e-05,6.0791896e-05,6.0791896e-05,6.0791896e-05,6.0791896e-05,6.0791896e-05,6.0791896e-05,6.0791896e-05,6.0791896e-05,6.0791896e-05,6.0791896e-05,6.0791896e-05,6.0791896e-05,6.0791896e-05,6.0791896e-05,0.9412036,6.0791896e-05,6.0791896e-05,6.0791896e-05,6.0791896e-05,6.0791896e-05,6.0791896e-05,6.0791896e-05,6.0791896e-05,6.0791896e-05,6.0791896e-05,6.0791896e-05,6.0791896e-05,6.0791896e-05,6.0791896e-05,6.0791896e-05,6.0791896e-05,6.0791896e-05
7.408001e-05,7.408001e-05,7.408001e-05,7.408001e-05,7.408001e-05,7.408001e-05,7.408001e-05,7.408001e-05,7.408001e-05,7.408001e-05,7.408001e-05,7.408001e-05,7.408001e-05,7.408001e-05,7.408001e-05,7.408001e-05,7.408001e-05,7.408001e-05,7.408001e-05,0.7915633,7.408001e-05,7.408001e-05,7.408001e-05,7.408001e-05,7.408001e-05,7.408001e-05,7.408001e-05,7.408001e-05,7.408001e-05,7.408001e-05,7.408001e-05,7.408001e-05,7.408001e-05,7.408001e-05,7.408001e-05,7.408001e-05,7.408001e-05,7.408001e-05,7.408001e-05,7.408001e-05,7.408001e-05,7.408001e-05,7.408001e-05,7.408001e-05,7.408001e-05,0.20488085,7.408001e-05,7.408001e-05,7.408001e-05,7.408001e-05
1.9823114e-05,1.9823114e-05,1.9823114e-05,1.9823114e-05,1.9823114e-05,1.9823114e-05,1.9823114e-05,1.9823114e-05,1.9823114e-05,1.9823114e-05,1.9823114e-05,1.9823114e-05,1.9823114e-05,1.9823114e-05,1.9823114e-05,1.9823114e-05,1.9823114e-05,1.9823114e-05,1.9823114e-05,0.9929429,1.9823114e-05,1.9823114e-05,1.9823114e-05,1.9823114e-05,1.9823114e-05,0.0061055943,1.9823114e-05,1.9823114e-05,1.9823114e-05,1.9823114e-05,1.9823114e-05,1.9823114e-05,1.9823114e-05,1.9823114e-05,1.9823114e-05,1.9823114e-05,1.9823114e-05,1.9823114e-05,1.9823114e-05,1.9823114e-05,1.9823114e-05,1.9823114e-05,1.9823114e-05,1.9823114e-05,1.9823114e-05,1.9823114e-05,1.9823114e-05,1.9823114e-05,1.9823114e-05,1.9823114e-05
6.411801e-05,6.411801e-05,6.411801e-05,6.411801e-05,6.411801e-05,6.411801e-05,6.411801e-05,6.411801e-05,6.411801e-05,6.411801e-05,0.7953132,6.411801e-05,0.08235764,6.411801e-05,6.411801e-05,6.411801e-05,6.411801e-05,6.411801e-05,0.09010671,6.411801e-05,6.411801e-05,6.411801e-05,6.411801e-05,6.411801e-05,6.411801e-05,6.411801e-05,6.411801e-05,6.411801e-05,6.411801e-05,6.411801e-05,6.411801e-05,6.411801e-05,6.411801e-05,0.014321185,6.411801e-05,6.411801e-05,0.015015996,6.411801e-05,6.411801e-05,6.411801e-05,6.411801e-05,6.411801e-05,6.411801e-05,6.411801e-05,6.411801e-05,6.411801e-05,6.411801e-05,6.411801e-05,6.411801e-05,6.411801e-05
5.814132e-05,5.814132e-05,5.814132e-05,5.814132e-05,5.814132e-05,5.814132e-05,5.814132e-05,5.814132e-05,5.814132e-05,5.814132e-05,5.814132e-05,0.9555881,5.814132e-05,5.814132e-05,5.814132e-05,5.814132e-05,5.814132e-05,5.814132e-05,5.814132e-05,5.814132e-05,5.814132e-05,5.814132e-05,5.814132e-05,5.814132e-05,5.814132e-05,5.814132e-05,5.814132e-05,5.814132e-05,5.814132e-05,5.814132e-05,5.814132e-05,5.814132e-05,5.814132e-05,5.814132e-05,5.814132e-05,5.814132e-05,5.814132e-05,5.814132e-05,5.814132e-05,5.814132e-05,5.814132e-05,5.814132e-05,5.814132e-05,0.041621115,5.814132e-05,5.814132e-05,5.814132e-05,5.814132e-05,5.814132e-05,5.814132e-05
6.4728905e-05,6.4728905e-05,6.4728905e-05,6.4728905e-05,6.4728905e-05,6.4728905e-05,6.4728905e-05,6.4728905e-05,6.4728905e-05,6.4728905e-05,6.4728905e-05,6.4728905e-05,6.4728905e-05,6.4728905e-05,6.4728905e-05,6.4728905e-05,6.4728905e-05,6.4728905e-05,6.4728905e-05,6.4728905e-05,6.4728905e-05,6.4728905e-05,6.4728905e-05,6.4728905e-05,6.4728905e-05,6.4728905e-05,6.4728905e-05,6.4728905e-05,6.4728905e-05,6.4728905e-05,6.4728905e-05,6.4728905e-05,6.4728905e-05,6.4728905e-05,6.4728905e-05,6.4728905e-05,6.4728905e-05,6.4728905e-05,6.4728905e-05,6.4728905e-05,6.4728905e-05,6.4728905e-05,6.4728905e-05,0.99682826,6.4728905e-05,6.4728905e-05,6.4728905e-05,6.4728905e-05,6.4728905e-05,6.4728905e-05
0.000104715764,0.000104715764,0.000104715764,0.000104715764,0.000104715764,0.000104715764,0.000104715764,0.000104715764,0.000104715764,0.000104715764,0.000104715764,0.000104715764,0.000104715764,0.000104715764,0.000104715764,0.000104715764,0.000104715764,0.000104715764,0.000104715764,0.000104715764,0.000104715764,0.000104715764,0.000104715764,0.000104715764,0.000104715764,0.000104715764,0.000104715764,0.000104715764,0.000104715764,0.000104715764,0.000104715764,0.000104715764,0.000104715764,0.000104715764,0.000104715764,0.011211118,0.000104715764,0.000104715764,0.000104715764,0.000104715764,0.000104715764,0.000104715764,0.000104715764,0.98376256,0.000104715764,0.000104715764,0.000104715764,0.000104715764,0.000104715764,0.000104715764
0.00019231046,0.00019231046,0.00019231046,0.00019231046,0.00019231046,0.00019231046,0.00019231046,0.00019231046,0.00019231046,0.00019231046,0.00019231046,0.00019231046,0.00019231046,0.00019231046,0.00019231046,0.00019231046,0.00019231046,0.00019231046,0.00019231046,0.00019231046,0.00019231046,0.00019231046,0.00019231046,0.00019231046,0.00019231046,0.00019231046,0.00019231046,0.00019231046,0.00019231046,0.00019231046,0.00019231046,0.00019231046,0.00019231046,0.00019231046,0.00019231046,0.00019231046,0.99057674,0.00019231046,0.00019231046,0.00019231046,0.00019231046,0.00019231046,0.00019231046,0.00019231046,0.00019231046,0.00019231046,0.00019231046,0.00019231046,0.00019231046,0.00019231046
0.00017699381,0.00017699381,0.00017699381,0.00017699381,0.00017699381,0.00017699381,0.00017699381,0.00017699381,0.00017699381,0.00017699381,0.00017699381,0.00017699381,0.00017699381,0.00017699381,0.00017699381,0.00017699381,0.00017699381,0.00017699381,0.00017699381,0.00017699381,0.00017699381,0.00017699381,0.00017699381,0.00017699381,0.00017699381,0.00017699381,0.00017699381,0.00017699381,0.00017699381,0.00017699381,0.00017699381,0.00017699381,0.00017699381,0.00017699381,0.00017699381,0.00017699381,0.9913273,0.00017699381,0.00017699381,0.00017699381,0.00017699381,0.00017699381,0.00017699381,0.00017699381,0.00017699381,0.00017699381,0.00017699381,0.00017699381,0.00017699381,0.00017699381
0.00047622374,0.00047622374,0.00047622374,0.00047622374,0.00047622374,0.00047622374,0.00047622374,0.19434538,0.00047622374,0.00047622374,0.00047622374,0.00047622374,0.00047622374,0.00047622374,0.00047622374,0.00047622374,0.00047622374,0.00047622374,0.00047622374,0.00047622374,0.00047622374,0.00047622374,0.00047622374,0.00047622374,0.00047622374,0.00047622374,0.00047622374,0.00047622374,0.00047622374,0.00047622374,0.00047622374,0.00047622374,0.00047622374,0.00047622374,0.00047622374,0.00047622374,0.00047622374,0.00047622374,0.00047622374,0.00047622374,0.00047622374,0.00047622374,0.00047622374,0.00047622374,0.00047622374,0.00047622374,0.00047622374,0.78279585,0.00047622374,0.00047622374
0.00033898916,0.00033898916,0.00033898916,0.00033898916,0.00033898916,0.00033898916,0.00033898916,0.98338956,0.00033898916,0.00033898916,0.00033898916,0.00033898916,0.00033898916,0.00033898916,0.00033898916,0.00033898916,0.00033898916,0.00033898916,0.00033898916,0.00033898916,0.00033898916,0.00033898916,0.00033898916,0.00033898916,0.00033898916,0.00033898916,0.00033898916,0.00033898916,0.00033898916,0.00033898916,0.00033898916,0.00033898916,0.00033898916,0.00033898916,0.00033898916,0.00033898916,0.00033898916,0.00033898916,0.00033898916,0.00033898916,0.00033898916,0.00033898916,0.00033898916,0.00033898916,0.00033898916,0.00033898916,0.00033898916,0.00033898916,0.00033898916,0.00033898916
6.024443e-05,6.024443e-05,6.024443e-05,6.024443e-05,6.024443e-05,6.024443e-05,6.024443e-05,6.024443e-05,6.024443e-05,6.024443e-05,6.024443e-05,6.024443e-05,6.024443e-05,6.024443e-05,6.024443e-05,6.024443e-05,0.99704796,6.024443e-05,6.024443e-05,6.024443e-05,6.024443e-05,6.024443e-05,6.024443e-05,6.024443e-05,6.024443e-05,6.024443e-05,6.024443e-05,6.024443e-05,6.024443e-05,6.024443e-05,6.024443e-05,6.024443e-05,6.024443e-05,6.024443e-05,6.024443e-05,6.024443e-05,6.024443e-05,6.024443e-05,6.024443e-05,6.024443e-05,6.024443e-05,6.024443e-05,6.024443e-05,6.024443e-05,6.024443e-05,6.024443e-05,6.024443e-05,6.024443e-05,6.024443e-05,6.024443e-05
5.7810463e-05,5.7810463e-05,5.7810463e-05,5.7810463e-05,5.7810463e-05,5.7810463e-05,5.7810463e-05,5.7810463e-05,5.7810463e-05,0.88416487,5.7810463e-05,5.7810463e-05,5.7810463e-05,5.7810463e-05,5.7810463e-05,5.7810463e-05,5.7810463e-05,5.7810463e-05,5.7810463e-05,0.11306016,5.7810463e-05,5.7810463e-05,5.7810463e-05,5.7810463e-05,5.7810463e-05,5.7810463e-05,5.7810463e-05,5.7810463e-05,5.7810463e-05,5.7810463e-05,5.7810463e-05,5.7810463e-05,5.7810463e-05,5.7810463e-05,5.7810463e-05,5.7810463e-05,5.7810463e-05,5.7810463e-05,5.7810463e-05,5.7810463e-05,5.7810463e-05,5.7810463e-05,5.7810463e-05,5.7810463e-05,5.7810463e-05,5.7810463e-05,5.7810463e-05,5.7810463e-05,5.7810463e-05,5.7810463e-05
3.584849e-05,3.584849e-05,3.584849e-05,3.584849e-05,3.584849e-05,3.584849e-05,0.99824345,3.584849e-05,3.584849e-05,3.584849e-05,3.584849e-05,3.584849e-05,3.584849e-05,3.584849e-05,3.584849e-05,3.584849e-05,3.584849e-05,3.584849e-05,3.584849e-05,3.584849e-05,3.584849e-05,3.584849e-05,3.584849e-05,3.584849e-05,3.584849e-05,3.584849e-05,3.584849e-05,3.584849e-05,3.584849e-05,3.584849e-05,3.584849e-05,3.584849e-05,3.584849e-05,3.584849e-05,3.584849e-05,3.584849e-05,3.584849e-05,3.584849e-05,3.584849e-05,3.584849e-05,3.584849e-05,3.584849e-05,3.584849e-05,3.584849e-05,3.584849e-05,3.584849e-05,3.584849e-05,3.584849e-05,3.584849e-05,3.584849e-05
0.00015039266,0.00015039266,0.00015039266,0.00015039266,0.00015039266,0.00015039266,0.00015039266,0.00015039266,0.00015039266,0.00015039266,0.00015039266,0.00015039266,0.00015039266,0.00015039266,0.00015039266,0.00015039266,0.00015039266,0.00015039266,0.00015039266,0.00015039266,0.00015039266,0.00015039266,0.00015039266,0.00015039266,0.00015039266,0.00015039266,0.00015039266,0.00015039266,0.00015039266,0.00015039266,0.00015039266,0.00015039266,0.00015039266,0.00015039266,0.00015039266,0.00015039266,0.00015039266,0.00015039266,0.00015039266,0.00015039266,0.00015039266,0.00015039266,0.00015039266,0.00015039266,0.00015039266,0.00015039266,0.00015039266,0.9926308,0.00015039266,0.00015039266
0.00012987391,0.00012987391,0.00012987391,0.00012987391,0.00012987391,0.00012987391,0.00012987391,0.00012987391,0.00012987391,0.00012987391,0.00012987391,0.00012987391,0.00012987391,0.00012987391,0.00012987391,0.00012987391,0.00012987391,0.00012987391,0.00012987391,0.00012987391,0.00012987391,0.9936362,0.00012987391,0.00012987391,0.00012987391,0.00012987391,0.00012987391,0.00012987391,0.00012987391,0.00012987391,0.00012987391,0.00012987391,0.00012987391,0.00012987391,0.00012987391,0.00012987391,0.00012987391,0.00012987391,0.00012987391,0.00012987391,0.00012987391,0.00012987391,0.00012987391,0.00012987391,0.00012987391,0.00012987391,0.00012987391,0.00012987391,0.00012987391,0.00012987391
0.0002409696,0.0002409696,0.0002409696,0.0002409696,0.0002409696,0.0002409696,0.0002409696,0.0002409696,0.0002409696,0.0002409696,0.0002409696,0.0002409696,0.0002409696,0.0002409696,0.0002409696,0.0002409696,0.0002409696,0.0002409696,0.0002409696,0.0002409696,0.0002409696,0.0002409696,0.0002409696,0.0002409696,0.0002409696,0.0002409696,0.0002409696,0.0002409696,0.0002409696,0.0002409696,0.0002409696,0.0002409696,0.0002409696,0.44627184,0.0002409696,0.0002409696,0.0002409696,0.0002409696,0.0002409696,0.0002409696,0.0002409696,0.0002409696,0.0002409696,0.0002409696,0.0002409696,0.0002409696,0.0002409696,0.0002409696,0.0002409696,0.54216164
0.0001852092,0.0001852092,0.0001852092,0.0001852092,0.0001852092,0.0001852092,0.0001852092,0.0001852092,0.0001852092,0.0001852092,0.0001852092,0.0001852092,0.0001852092,0.0001852092,0.0001852092,0.0001852092,0.0001852092,0.0001852092,0.0001852092,0.0001852092,0.0001852092,0.0001852092,0.0001852092,0.0001852092,0.0001852092,0.0001852092,0.0001852092,0.0001852092,0.0001852092,0.0001852092,0.0001852092,0.0001852092,0.0001852092,0.9539004,0.0001852092,0.0001852092,0.0001852092,0.03720959,0.0001852092,0.0001852092,0.0001852092,0.0001852092,0.0001852092,0.0001852092,0.0001852092,0.0001852092,0.0001852092,0.0001852092,0.0001852092,0.0001852092
0.00013245473,0.00013245473,0.00013245473,0.00013245473,0.00013245473,0.00013245473,0.00013245473,0.00013245473,0.5767319,0.00013245473,0.00013245473,0.00013245473,0.00013245473,0.00013245473,0.00013245473,0.00013245473,0.00013245473,0.00013245473,0.00013245473,0.00013245473,0.00013245473,0.00013245473,0.00013245473,0.00013245473,0.00013245473,0.00013245473,0.00013245473,0.00013245473,0.00013245473,0.00013245473,0.00013245473,0.00013245473,0.00013245473,0.12257435,0.00013245473,0.00013245473,0.00013245473,0.00013245473,0.00013245473,0.00013245473,0.00013245473,0.00013245473,0.00013245473,0.00013245473,0.00013245473,0.00013245473,0.00013245473,0.00013245473,0.00013245473,0.29446834
0.000104190454,0.000104190454,0.000104190454,0.000104190454,0.000104190454,0.000104190454,0.000104190454,0.000104190454,0.000104190454,0.000104190454,0.000104190454,0.000104190454,0.000104190454,0.000104190454,0.000104190454,0.000104190454,0.000104190454,0.000104190454,0.000104190454,0.3822494,0.61274946,0.000104190454,0.000104190454,0.000104190454,0.000104190454,0.000104190454,0.000104190454,0.000104190454,0.000104190454,0.000104190454,0.000104190454,0.000104190454,0.000104190454,0.000104190454,0.000104190454,0.000104190454,0.000104190454,0.000104190454,0.000104190454,0.000104190454,0.000104190454,0.000104190454,0.000104190454,0.000104190454,0.000104190454,0.000104190454,0.000104190454,0.000104190454,0.000104190454,0.000104190454
5.2221883e-05,0.9974411,5.2221883e-05,5.2221883e-05,5.2221883e-05,5.2221883e-05,5.2221883e-05,5.2221883e-05,5.2221883e-05,5.2221883e-05,5.2221883e-05,5.2221883e-05,5.2221883e-05,5.2221883e-05,5.2221883e-05,5.2221883e-05,5.2221883e-05,5.2221883e-05,5.2221883e-05,5.2221883e-05,5.2221883e-05,5.2221883e-05,5.2221883e-05,5.2221883e-05,5.2221883e-05,5.2221883e-05,5.2221883e-05,5.2221883e-05,5.2221883e-05,5.2221883e-05,5.2221883e-05,5.2221883e-05,5.2221883e-05,5.2221883e-05,5.2221883e-05,5.2221883e-05,5.2221883e-05,5.2221883e-05,5.2221883e-05,5.2221883e-05,5.2221883e-05,5.2221883e-05,5.2221883e-05,5.2221883e-05,5.2221883e-05,5.2221883e-05,5.2221883e-05,5.2221883e-05,5.2221883e-05,5.2221883e-05
0.00019803167,0.00019803167,0.00019803167,0.00019803167,0.00019803167,0.00019803167,0.00019803167,0.00019803167,0.021029992,0.00019803167,0.00019803167,0.00019803167,0.00019803167,0.00019803167,0.00019803167,0.00019803167,0.00019803167,0.00019803167,0.00019803167,0.00019803167,0.005105558,0.1557845,0.00019803167,0.00019803167,0.00019803167,0.00019803167,0.00019803167,0.00019803167,0.00019803167,0.00019803167,0.00019803167,0.00019803167,0.00019803167,0.00019803167,0.00019803167,0.00019803167,0.00019803167,0.00019803167,0.00019803167,0.00019803167,0.00019803167,0.00019803167,0.00019803167,0.00019803167,0.00019803167,0.00019803167,0.00019803167,0.8089705,0.00019803167,0.00019803167
0.0003921899,0.0003921899,0.0003921899,0.0003921899,0.0003921899,0.0003921899,0.252584,0.0003921899,0.718987,0.009996032,0.0003921899,0.0003921899,0.0003921899,0.0003921899,0.0003921899,0.0003921899,0.0003921899,0.0003921899,0.0003921899,0.0003921899,0.0003921899,0.0003921899,0.0003921899,0.0003921899,0.0003921899,0.0003921899,0.0003921899,0.0003921899,0.0003921899,0.0003921899,0.0003921899,0.0003921899,0.0003921899,0.0003921899,0.0003921899,0.0003921899,0.0003921899,0.0003921899,0.0003921899,0.0003921899,0.0003921899,0.0003921899,0.0003921899,0.0003921899,0.0003921899,0.0003921899,0.0003921899,0.0003921899,0.0003921899,0.0003921899
8.4748535e-05,8.4748535e-05,8.4748535e-05,8.4748535e-05,8.4748535e-05,8.4748535e-05,8.4748535e-05,8.4748535e-05,8.4748535e-05,8.4748535e-05,8.4748535e-05,8.4748535e-05,0.99584734,8.4748535e-05,8.4748535e-05,8.4748535e-05,8.4748535e-05,8.4748535e-05,8.4748535e-05,8.4748535e-05,8.4748535e-05,8.4748535e-05,8.4748535e-05,8.4748535e-05,8.4748535e-05,8.4748535e-05,8.4748535e-05,8.4748535e-05,8.4748535e-05,8.4748535e-05,8.4748535e-05,8.4748535e-05,8.4748535e-05,8.4748535e-05,8.4748535e-05,8.4748535e-05,8.4748535e-05,8.4748535e-05,8.4748535e-05,8.4748535e-05,8.4748535e-05,8.4748535e-05,8.4748535e-05,8.4748535e-05,8.4748535e-05,8.4748535e-05,8.4748535e-05,8.4748535e-05,8.4748535e-05,8.4748535e-05
0.00016808423,0.00016808423,0.00016808423,0.00016808423,0.00016808423,0.00016808423,0.6874392,0.00016808423,0.00016808423,0.00016808423,0.00016808423,0.00016808423,0.00016808423,0.00016808423,0.00016808423,0.00016808423,0.00016808423,0.00016808423,0.00016808423,0.30449277,0.00016808423,0.00016808423,0.00016808423,0.00016808423,0.00016808423,0.00016808423,0.00016808423,0.00016808423,0.00016808423,0.00016808423,0.00016808423,0.00016808423,0.00016808423,0.00016808423,0.00016808423,0.00016808423,0.00016808423,0.00016808423,0.00016808423,0.00016808423,0.00016808423,0.00016808423,0.00016808423,0.00016808423,0.00016808423,0.00016808423,0.00016808423,0.00016808423,0.00016808423,0.00016808423
0.00012987276,0.00012987276,0.00012987276,0.00012987276,0.00012987276,0.00012987276,0.99363625,0.00012987276,0.00012987276,0.00012987276,0.00012987276,0.00012987276,0.00012987276,0.00012987276,0.00012987276,0.00012987276,0.00012987276,0.00012987276,0.00012987276,0.00012987276,0.00012987276,0.00012987276,0.00012987276,0.00012987276,0.00012987276,0.00012987276,0.00012987276,0.00012987276,0.00012987276,0.00012987276,0.00012987276,0.00012987276,0.00012987276,0.00012987276,0.00012987276,0.00012987276,0.00012987276,0.00012987276,0.00012987276,0.00012987276,0.00012987276,0.00012987276,0.00012987276,0.00012987276,0.00012987276,0.00012987276,0.00012987276,0.00012987276,0.00012987276,0.00012987276
3.300475e-05,3.300475e-05,3.300475e-05,3.300475e-05,3.300475e-05,3.300475e-05,3.300475e-05,0.123305105,3.300475e-05,3.300475e-05,3.300475e-05,3.300475e-05,3.300475e-05,3.300475e-05,3.300475e-05,3.300475e-05,3.300475e-05,3.300475e-05,3.300475e-05,3.300475e-05,3.300475e-05,3.300475e-05,3.300475e-05,3.300475e-05,3.300475e-05,3.300475e-05,3.300475e-05,3.300475e-05,3.300475e-05,3.300475e-05,3.300475e-05,3.300475e-05,3.300475e-05,3.300475e-05,3.300475e-05,3.300475e-05,3.300475e-05,3.300475e-05,3.300475e-05,3.300475e-05,3.300475e-05,3.300475e-05,3.300475e-05,3.300475e-05,3.300475e-05,3.300475e-05,0.8751106,3.300475e-05,3.300475e-05,3.300475e-05
7.2739516e-05,7.2739516e-05,7.2739516e-05,7.2739516e-05,7.2739516e-05,7.2739516e-05,7.2739516e-05,7.2739516e-05,7.2739516e-05,7.2739516e-05,7.2739516e-05,7.2739516e-05,7.2739516e-05,7.2739516e-05,7.2739516e-05,7.2739516e-05,7.2739516e-05,7.2739516e-05,7.2739516e-05,7.2739516e-05,7.2739516e-05,7.2739516e-05,7.2739516e-05,7.2739516e-05,7.2739516e-05,7.2739516e-05,7.2739516e-05,7.2739516e-05,7.2739516e-05,0.38557443,7.2739516e-05,7.2739516e-05,7.2739516e-05,7.2739516e-05,7.2739516e-05,7.2739516e-05,7.2739516e-05,7.2739516e-05,7.2739516e-05,7.2739516e-05,7.2739516e-05,7.2739516e-05,7.2739516e-05,7.2739516e-05,7.2739516e-05,7.2739516e-05,7.2739516e-05,0.610934,7.2739516e-05,7.2739516e-05
0.00032789478,0.00032789478,0.00032789478,0.00032789478,0.00032789478,0.00032789478,0.00032789478,0.00032789478,0.00032789478,0.00032789478,0.00032789478,0.00032789478,0.00032789478,0.00032789478,0.00032789478,0.00032789478,0.00032789478,0.00032789478,0.00032789478,0.00032789478,0.00032789478,0.00032789478,0.00032789478,0.00032789478,0.00032789478,0.00032789478,0.00032789478,0.00032789478,0.00032789478,0.00032789478,0.00032789478,0.00032789478,0.00032789478,0.00032789478,0.00032789478,0.00032789478,0.00032789478,0.00032789478,0.00032789478,0.00032789478,0.00032789478,0.00032789478,0.00032789478,0.00032789478,0.00032789478,0.00032789478,0.00032789478,0.98393315,0.00032789478,0.00032789478
2.9071503e-05,2.9071503e-05,2.9071503e-05,2.9071503e-05,2.9071503e-05,2.9071503e-05,2.9071503e-05,2.9071503e-05,2.9071503e-05,2.9071503e-05,2.9071503e-05,2.9071503e-05,2.9071503e-05,2.9071503e-05,2.9071503e-05,2.9071503e-05,2.9071503e-05,2.9071503e-05,2.9071503e-05,2.9071503e-05,2.9071503e-05,2.9071503e-05,2.9071503e-05,2.9071503e-05,2.9071503e-05,2.9071503e-05,0.9985755,2.9071503e-05,2.9071503e-05,2.9071503e-05,2.9071503e-05,2.9071503e-05,2.9071503e-05,2.9071503e-05,2.9071503e-05,2.9071503e-05,2.9071503e-05,2.9071503e-05,2.9071503e-05,2.9071503e-05,2.9071503e-05,2.9071503e-05,2.9071503e-05,2.9071503e-05,2.9071503e-05,2.9071503e-05,2.9071503e-05,2.9071503e-05,2.9071503e-05,2.9071503e-05
0.00014493306,0.00014493306,0.00014493306,0.00014493306,0.00014493306,0.00014493306,0.00014493306,0.00014493306,0.00014493306,0.00014493306,0.00014493306,0.00014493306,0.00014493306,0.00014493306,0.00014493306,0.00014493306,0.00014493306,0.00014493306,0.00014493306,0.00014493306,0.00014493306,0.00014493306,0.00014493306,0.00014493306,0.00014493306,0.00014493306,0.00014493306,0.00014493306,0.17380626,0.00014493306,0.00014493306,0.00014493306,0.00014493306,0.81923693,0.00014493306,0.00014493306,0.00014493306,0.00014493306,0.00014493306,0.00014493306,0.00014493306,0.00014493306,0.00014493306,0.00014493306,0.00014493306,0.00014493306,0.00014493306,0.00014493306,0.00014493306,0.00014493306
8.734078e-05,8.734078e-05,8.734078e-05,8.734078e-05,8.734078e-05,8.734078e-05,8.734078e-05,8.734078e-05,8.734078e-05,8.734078e-05,8.734078e-05,0.955379,8.734078e-05,8.734078e-05,8.734078e-05,8.734078e-05,8.734078e-05,8.734078e-05,8.734078e-05,8.734078e-05,8.734078e-05,8.734078e-05,8.734078e-05,8.734078e-05,8.734078e-05,8.734078e-05,8.734078e-05,8.734078e-05,8.734078e-05,8.734078e-05,8.734078e-05,8.734078e-05,8.734078e-05,8.734078e-05,8.734078e-05,8.734078e-05,8.734078e-05,0.040428657,8.734078e-05,8.734078e-05,8.734078e-05,8.734078e-05,8.734078e-05,8.734078e-05,8.734078e-05,8.734078e-05,8.734078e-05,8.734078e-05,8.734078e-05,8.734078e-05
9.217016e-05,9.217016e-05,9.217016e-05,9.217016e-05,9.217016e-05,9.217016e-05,9.217016e-05,0.9727428,9.217016e-05,9.217016e-05,9.217016e-05,0.0064065983,9.217016e-05,9.217016e-05,9.217016e-05,9.217016e-05,9.217016e-05,9.217016e-05,9.217016e-05,9.217016e-05,9.217016e-05,9.217016e-05,9.217016e-05,9.217016e-05,9.217016e-05,9.217016e-05,9.217016e-05,9.217016e-05,9.217016e-05,9.217016e-05,9.217016e-05,9.217016e-05,9.217016e-05,9.217016e-05,9.217016e-05,9.217016e-05,9.217016e-05,9.217016e-05,9.217016e-05,9.217016e-05,9.217016e-05,9.217016e-05,9.217016e-05,9.217016e-05,9.217016e-05,9.217016e-05,0.016518617,9.217016e-05,9.217016e-05,9.217016e-05
8.000165e-05,8.000165e-05,8.000165e-05,8.000165e-05,8.000165e-05,8.000165e-05,8.000165e-05,8.000165e-05,8.000165e-05,8.000165e-05,8.000165e-05,8.000165e-05,8.000165e-05,8.000165e-05,8.000165e-05,8.000165e-05,8.000165e-05,8.000165e-05,8.000165e-05,8.000165e-05,8.000165e-05,8.000165e-05,8.000165e-05,8.000165e-05,8.000165e-05,8.000165e-05,8.000165e-05,8.000165e-05,8.000165e-05,8.000165e-05,8.000165e-05,8.000165e-05,8.000165e-05,8.000165e-05,8.000165e-05,8.000165e-05,8.000165e-05,8.000165e-05,8.000165e-05,8.000165e-05,8.000165e-05,8.000165e-05,8.000165e-05,8.000165e-05,8.000165e-05,8.000165e-05,0.9960799,8.000165e-05,8.000165e-05,8.000165e-05
0.00018519176,0.00018519176,0.00018519176,0.00018519176,0.26546824,0.00018519176,0.00018519176,0.00018519176,0.00018519176,0.00018519176,0.00018519176,0.00018519176,0.00018519176,0.00018519176,0.00018519176,0.00018519176,0.00018519176,0.00018519176,0.00018519176,0.00018519176,0.38816446,0.00018519176,0.00018519176,0.00018519176,0.00018519176,0.00018519176,0.00018519176,0.00018519176,0.00018519176,0.00018519176,0.00018519176,0.3376633,0.00018519176,0.00018519176,0.00018519176,0.00018519176,0.00018519176,0.00018519176,0.00018519176,0.00018519176,0.00018519176,0.00018519176,0.00018519176,0.00018519176,0.00018519176,0.00018519176,0.00018519176,0.00018519176,0.00018519176,0.00018519176
7.0423455e-05,7.0423455e-05,7.0423455e-05,7.0423455e-05,7.0423455e-05,7.0423455e-05,7.0423455e-05,7.0423455e-05,7.0423455e-05,7.0423455e-05,7.0423455e-05,7.0423455e-05,7.0423455e-05,7.0423455e-05,7.0423455e-05,7.0423455e-05,7.0423455e-05,7.0423455e-05,7.0423455e-05,7.0423455e-05,7.0423455e-05,7.0423455e-05,7.0423455e-05,7.0423455e-05,7.0423455e-05,7.0423455e-05,7.0423455e-05,7.0423455e-05,7.0423455e-05,7.0423455e-05,7.0423455e-05,7.0423455e-05,7.0423455e-05,0.60828143,7.0423455e-05,7.0423455e-05,7.0423455e-05,7.0423455e-05,7.0423455e-05,7.0423455e-05,7.0423455e-05,7.0423455e-05,7.0423455e-05,7.0423455e-05,7.0423455e-05,7.0423455e-05,7.0423455e-05,7.0423455e-05,7.0423455e-05,0.38833824
0.0003773824,0.0003773824,0.0003773824,0.0003773824,0.0003773824,0.0003773824,0.0003773824,0.0003773824,0.0003773824,0.15475711,0.0003773824,0.0003773824,0.0003773824,0.0003773824,0.0003773824,0.0003773824,0.8271285,0.0003773824,0.0003773824,0.0003773824,0.0003773824,0.0003773824,0.0003773824,0.0003773824,0.0003773824,0.0003773824,0.0003773824,0.0003773824,0.0003773824,0.0003773824,0.0003773824,0.0003773824,0.0003773824,0.0003773824,0.0003773824,0.0003773824,0.0003773824,0.0003773824,0.0003773824,0.0003773824,0.0003773824,0.0003773824,0.0003773824,0.0003773824,0.0003773824,0.0003773824,0.0003773824,0.0003773824,0.0003773824,0.0003773824
0.00028573582,0.00028573582,0.00028573582,0.00028573582,0.00028573582,0.00028573582,0.00028573582,0.00028573582,0.98599887,0.00028573582,0.00028573582,0.00028573582,0.00028573582,0.00028573582,0.00028573582,0.00028573582,0.00028573582,0.00028573582,0.00028573582,0.00028573582,0.00028573582,0.00028573582,0.00028573582,0.00028573582,0.00028573582,0.00028573582,0.00028573582,0.00028573582,0.00028573582,0.00028573582,0.00028573582,0.00028573582,0.00028573582,0.00028573582,0.00028573582,0.00028573582,0.00028573582,0.00028573582,0.00028573582,0.00028573582,0.00028573582,0.00028573582,0.00028573582,0.00028573582,0.00028573582,0.00028573582,0.00028573582,0.00028573582,0.00028573582,0.00028573582
0.000101525875,0.000101525875,0.000101525875,0.000101525875,0.000101525875,0.000101525875,0.000101525875,0.000101525875,0.000101525875,0.000101525875,0.000101525875,0.000101525875,0.000101525875,0.000101525875,0.000101525875,0.000101525875,0.000101525875,0.000101525875,0.000101525875,0.000101525875,0.000101525875,0.000101525875,0.000101525875,0.000101525875,0.000101525875,0.000101525875,0.000101525875,0.000101525875,0.000101525875,0.000101525875,0.000101525875,0.07123864,0.000101525875,0.000101525875,0.000101525875,0.10330995,0.000101525875,0.000101525875,0.000101525875,0.000101525875,0.000101525875,0.8206797,0.000101525875,0.000101525875,0.000101525875,0.000101525875,0.000101525875,0.000101525875,0.000101525875,0.000101525875
3.8789738e-05,3.8789738e-05,3.8789738e-05,3.8789738e-05,3.8789738e-05,3.8789738e-05,3.8789738e-05,3.8789738e-05,3.8789738e-05,3.8789738e-05,3.8789738e-05,3.8789738e-05,3.8789738e-05,3.8789738e-05,3.8789738e-05,3.8789738e-05,3.8789738e-05,3.8789738e-05,3.8789738e-05,3.8789738e-05,3.8789738e-05,3.8789738e-05,3.8789738e-05,3.8789738e-05,3.8789738e-05,3.8789738e-05,3.8789738e-05,3.8789738e-05,3.8789738e-05,3.8789738e-05,3.8789738e-05,0.1020278,3.8789738e-05,3.8789738e-05,3.8789738e-05,3.8789738e-05,3.8789738e-05,3.8789738e-05,3.8789738e-05,3.8789738e-05,3.8789738e-05,0.55432165,3.8789738e-05,3.8789738e-05,3.8789738e-05,3.8789738e-05,0.18028404,0.1615822,3.8789738e-05,3.8789738e-05
5.2086496e-05,5.2086496e-05,5.2086496e-05,5.2086496e-05,5.2086496e-05,5.2086496e-05,5.2086496e-05,5.2086496e-05,5.2086496e-05,5.2086496e-05,5.2086496e-05,5.2086496e-05,5.2086496e-05,5.2086496e-05,5.2086496e-05,5.2086496e-05,5.2086496e-05,5.2086496e-05,5.2086496e-05,5.2086496e-05,5.2086496e-05,5.2086496e-05,5.2086496e-05,5.2086496e-05,5.2086496e-05,5.2086496e-05,5.2086496e-05,5.2086496e-05,5.2086496e-05,5.2086496e-05,5.2086496e-05,5.2086496e-05,5.2086496e-05,5.2086496e-05,5.2086496e-05,0.9974477,5.2086496e-05,5.2086496e-05,5.2086496e-05,5.2086496e-05,5.2086496e-05,5.2086496e-05,5.2086496e-05,5.2086496e-05,5.2086496e-05,5.2086496e-05,5.2086496e-05,5.2086496e-05,5.2086496e-05,5.2086496e-05
6.3909036e-05,6.3909036e-05,6.3909036e-05,6.3909036e-05,6.3909036e-05,6.3909036e-05,6.3909036e-05,6.3909036e-05,6.3909036e-05,6.3909036e-05,6.3909036e-05,6.3909036e-05,6.3909036e-05,6.3909036e-05,6.3909036e-05,6.3909036e-05,6.3909036e-05,6.3909036e-05,6.3909036e-05,6.3909036e-05,6.3909036e-05,6.3909036e-05,6.3909036e-05,6.3909036e-05,6.3909036e-05,6.3909036e-05,6.3909036e-05,6.3909036e-05,6.3909036e-05,6.3909036e-05,6.3909036e-05,0.029919444,6.3909036e-05,6.3909036e-05,6.3909036e-05,0.1870418,6.3909036e-05,6.3909036e-05,6.3909036e-05,6.3909036e-05,6.3909036e-05,0.56956035,6.3909036e-05,6.3909036e-05,6.3909036e-05,6.3909036e-05,6.3909036e-05,0.21053857,6.3909036e-05,6.3909036e-05
8.4399646e-05,8.4399646e-05,8.4399646e-05,8.4399646e-05,8.4399646e-05,8.4399646e-05,8.4399646e-05,8.4399646e-05,8.4399646e-05,8.4399646e-05,8.4399646e-05,8.4399646e-05,8.4399646e-05,8.4399646e-05,8.4399646e-05,8.4399646e-05,8.4399646e-05,8.4399646e-05,8.4399646e-05,8.4399646e-05,8.4399646e-05,8.4399646e-05,8.4399646e-05,8.4399646e-05,8.4399646e-05,8.4399646e-05,8.4399646e-05,8.4399646e-05,8.4399646e-05,8.4399646e-05,8.4399646e-05,0.039207306,8.4399646e-05,8.4399646e-05,8.4399646e-05,8.4399646e-05,8.4399646e-05,8.4399646e-05,8.4399646e-05,8.4399646e-05,8.4399646e-05,0.6981761,8.4399646e-05,8.4399646e-05,8.4399646e-05,8.4399646e-05,8.4399646e-05,0.25864983,8.4399646e-05,8.4399646e-05
5.9173053e-05,5.9173053e-05,5.9173053e-05,5.9173053e-05,5.9173053e-05,5.9173053e-05,5.9173053e-05,5.9173053e-05,5.9173053e-05,5.9173053e-05,5.9173053e-05,5.9173053e-05,5.9173053e-05,5.9173053e-05,5.9173053e-05,5.9173053e-05,5.9173053e-05,5.9173053e-05,5.9173053e-05,5.9173053e-05,5.9173053e-05,5.9173053e-05,5.9173053e-05,5.9173053e-05,5.9173053e-05,5.9173053e-05,5.9173053e-05,5.9173053e-05,5.9173053e-05,5.9173053e-05,5.9173053e-05,5.9173053e-05,5.9173053e-05,5.9173053e-05,5.9173053e-05,0.9971005,5.9173053e-05,5.9173053e-05,5.9173053e-05,5.9173053e-05,5.9173053e-05,5.9173053e-05,5.9173053e-05,5.9173053e-05,5.9173053e-05,5.9173053e-05,5.9173053e-05,5.9173053e-05,5.9173053e-05,5.9173053e-05
4.6621728e-05,4.6621728e-05,4.6621728e-05,4.6621728e-05,4.6621728e-05,4.6621728e-05,4.6621728e-05,4.6621728e-05,4.6621728e-05,4.6621728e-05,4.6621728e-05,4.6621728e-05,4.6621728e-05,4.6621728e-05,4.6621728e-05,4.6621728e-05,4.6621728e-05,4.6621728e-05,4.6621728e-05,4.6621728e-05,4.6621728e-05,4.6621728e-05,4.6621728e-05,4.6621728e-05,4.6621728e-05,4.6621728e-05,4.6621728e-05,4.6621728e-05,4.6621728e-05,4.6621728e-05,4.6621728e-05,0.99771553,4.6621728e-05,4.6621728e-05,4.6621728e-05,4.6621728e-05,4.6621728e-05,4.6621728e-05,4.6621728e-05,4.6621728e-05,4.6621728e-05,4.6621728e-05,4.6621728e-05,4.6621728e-05,4.6621728e-05,4.6621728e-05,4.6621728e-05,4.6621728e-05,4.6621728e-05,4.6621728e-05
0.00016666859,0.00016666859,0.00016666859,0.00016666859,0.9918332,0.00016666859,0.00016666859,0.00016666859,0.00016666859,0.00016666859,0.00016666859,0.00016666859,0.00016666859,0.00016666859,0.00016666859,0.00016666859,0.00016666859,0.00016666859,0.00016666859,0.00016666859,0.00016666859,0.00016666859,0.00016666859,0.00016666859,0.00016666859,0.00016666859,0.00016666859,0.00016666859,0.00016666859,0.00016666859,0.00016666859,0.00016666859,0.00016666859,0.00016666859,0.00016666859,0.00016666859,0.00016666859,0.00016666859,0.00016666859,0.00016666859,0.00016666859,0.00016666859,0.00016666859,0.00016666859,0.00016666859,0.00016666859,0.00016666859,0.00016666859,0.00016666859,0.00016666859
0.00020000552,0.00020000552,0.00020000552,0.00020000552,0.9901997,0.00020000552,0.00020000552,0.00020000552,0.00020000552,0.00020000552,0.00020000552,0.00020000552,0.00020000552,0.00020000552,0.00020000552,0.00020000552,0.00020000552,0.00020000552,0.00020000552,0.00020000552,0.00020000552,0.00020000552,0.00020000552,0.00020000552,0.00020000552,0.00020000552,0.00020000552,0.00020000552,0.00020000552,0.00020000552,0.00020000552,0.00020000552,0.00020000552,0.00020000552,0.00020000552,0.00020000552,0.00020000552,0.00020000552,0.00020000552,0.00020000552,0.00020000552,0.00020000552,0.00020000552,0.00020000552,0.00020000552,0.00020000552,0.00020000552,0.00020000552,0.00020000552,0.00020000552
0.09740358,2.0106398e-05,2.0106398e-05,2.0106398e-05,2.0106398e-05,2.0106398e-05,2.0106398e-05,2.0106398e-05,2.0106398e-05,0.020066807,0.8456302,2.0106398e-05,2.0106398e-05,2.0106398e-05,2.0106398e-05,2.0106398e-05,2.0106398e-05,2.0106398e-05,2.0106398e-05,2.0106398e-05,2.0106398e-05,2.0106398e-05,2.0106398e-05,2.0106398e-05,2.0106398e-05,2.0106398e-05,2.0106398e-05,2.0106398e-05,2.0106398e-05,2.0106398e-05,2.0106398e-05,2.0106398e-05,0.03597446,2.0106398e-05,2.0106398e-05,2.0106398e-05,2.0106398e-05,2.0106398e-05,2.0106398e-05,2.0106398e-05,2.0106398e-05,2.0106398e-05,2.0106398e-05,2.0106398e-05,2.0106398e-05,2.0106398e-05,2.0106398e-05,2.0106398e-05,2.0106398e-05,2.0106398e-05
0.00014598708,0.00014598708,0.99284667,0.00014598708,0.00014598708,0.00014598708,0.00014598708,0.00014598708,0.00014598708,0.00014598708,0.00014598708,0.00014598708,0.00014598708,0.00014598708,0.00014598708,0.00014598708,0.00014598708,0.00014598708,0.00014598708,0.00014598708,0.00014598708,0.00014598708,0.00014598708,0.00014598708,0.00014598708,0.00014598708,0.00014598708,0.00014598708,0.00014598708,0.00014598708,0.00014598708,0.00014598708,0.00014598708,0.00014598708,0.00014598708,0.00014598708,0.00014598708,0.00014598708,0.00014598708,0.00014598708,0.00014598708,0.00014598708,0.00014598708,0.00014598708,0.00014598708,0.00014598708,0.00014598708,0.00014598708,0.00014598708,0.00014598708
0.00021739528,0.00021739528,0.00021739528,0.00021739528,0.00021739528,0.00021739528,0.00021739528,0.00021739528,0.00021739528,0.00021739528,0.00021739528,0.00021739528,0.00021739528,0.9893476,0.00021739528,0.00021739528,0.00021739528,0.00021739528,0.00021739528,0.00021739528,0.00021739528,0.00021739528,0.00021739528,0.00021739528,0.00021739528,0.00021739528,0.00021739528,0.00021739528,0.00021739528,0.00021739528,0.00021739528,0.00021739528,0.00021739528,0.00021739528,0.00021739528,0.00021739528,0.00021739528,0.00021739528,0.00021739528,0.00021739528,0.00021739528,0.00021739528,0.00021739528,0.00021739528,0.00021739528,0.00021739528,0.00021739528,0.00021739528,0.00021739528,0.00021739528
0.99609554,7.9683574e-05,7.9683574e-05,7.9683574e-05,7.9683574e-05,7.9683574e-05,7.9683574e-05,7.9683574e-05,7.9683574e-05,7.9683574e-05,7.9683574e-05,7.9683574e-05,7.9683574e-05,7.9683574e-05,7.9683574e-05,7.9683574e-05,7.9683574e-05,7.9683574e-05,7.9683574e-05,7.9683574e-05,7.9683574e-05,7.9683574e-05,7.9683574e-05,7.9683574e-05,7.9683574e-05,7.9683574e-05,7.9683574e-05,7.9683574e-05,7.9683574e-05,7.9683574e-05,7.9683574e-05,7.9683574e-05,7.9683574e-05,7.9683574e-05,7.9683574e-05,7.9683574e-05,7.9683574e-05,7.9683574e-05,7.9683574e-05,7.9683574e-05,7.9683574e-05,7.9683574e-05,7.9683574e-05,7.9683574e-05,7.9683574e-05,7.9683574e-05,7.9683574e-05,7.9683574e-05,7.9683574e-05,7.9683574e-05
7.843422e-05,7.843422e-05,7.843422e-05,7.843422e-05,7.843422e-05,7.843422e-05,7.843422e-05,7.843422e-05,7.843422e-05,7.843422e-05,7.843422e-05,7.843422e-05,7.843422e-05,7.843422e-05,7.843422e-05,7.843422e-05,7.843422e-05,7.843422e-05,7.843422e-05,7.843422e-05,7.843422e-05,7.843422e-05,0.9521796,7.843422e-05,7.843422e-05,7.843422e-05,7.843422e-05,7.843422e-05,7.843422e-05,7.843422e-05,7.843422e-05,7.843422e-05,7.843422e-05,7.843422e-05,7.843422e-05,7.843422e-05,7.843422e-05,7.843422e-05,7.843422e-05,7.843422e-05,7.843422e-05,7.843422e-05,7.843422e-05,7.843422e-05,7.843422e-05,7.843422e-05,0.04405552,7.843422e-05,7.843422e-05,7.843422e-05
5.5866945e-05,5.5866945e-05,5.5866945e-05,5.5866945e-05,5.5866945e-05,5.5866945e-05,5.5866945e-05,5.5866945e-05,5.5866945e-05,5.5866945e-05,5.5866945e-05,5.5866945e-05,0.9972625,5.5866945e-05,5.5866945e-05,5.5866945e-05,5.5866945e-05,5.5866945e-05,5.5866945e-05,5.5866945e-05,5.5866945e-05,5.5866945e-05,5.5866945e-05,5.5866945e-05,5.5866945e-05,5.5866945e-05,5.5866945e-05,5.5866945e-05,5.5866945e-05,5.5866945e-05,5.5866945e-05,5.5866945e-05,5.5866945e-05,5.5866945e-05,5.5866945e-05,5.5866945e-05,5.5866945e-05,5.5866945e-05,5.5866945e-05,5.5866945e-05,5.5866945e-05,5.5866945e-05,5.5866945e-05,5.5866945e-05,5.5866945e-05,5.5866945e-05,5.5866945e-05,5.5866945e-05,5.5866945e-05,5.5866945e-05
0.0003333395,0.0003333395,0.0003333395,0.0003333395,0.0003333395,0.0003333395,0.0003333395,0.0003333395,0.0003333395,0.0003333395,0.0003333395,0.0003333395,0.0003333395,0.0003333395,0.0003333395,0.0003333395,0.0003333395,0.0003333395,0.0003333395,0.24890646,0.0003333395,0.0003333395,0.0003333395,0.0003333395,0.0003333395,0.0003333395,0.0003333395,0.0003333395,0.0003333395,0.0003333395,0.0003333395,0.0003333395,0.0003333395,0.0003333395,0.0003333395,0.73509324,0.0003333395,0.0003333395,0.0003333395,0.0003333395,0.0003333395,0.0003333395,0.0003333395,0.0003333395,0.0003333395,0.0003333395,0.0003333395,0.0003333395,0.0003333395,0.0003333395
0.00023809978,0.00023809978,0.00023809978,0.00023809978,0.00023809978,0.00023809978,0.00023809978,0.00023809978,0.00023809978,0.00023809978,0.00023809978,0.00023809978,0.00023809978,0.00023809978,0.00023809978,0.00023809978,0.00023809978,0.00023809978,0.00023809978,0.00023809978,0.00023809978,0.00023809978,0.00023809978,0.00023809978,0.00023809978,0.00023809978,0.98833305,0.00023809978,0.00023809978,0.00023809978,0.00023809978,0.00023809978,0.00023809978,0.00023809978,0.00023809978,0.00023809978,0.00023809978,0.00023809978,0.00023809978,0.00023809978,0.00023809978,0.00023809978,0.00023809978,0.00023809978,0.00023809978,0.00023809978,0.00023809978,0.00023809978,0.00023809978,0.00023809978
0.00019048648,0.00019048648,0.00019048648,0.00019048648,0.00019048648,0.00019048648,0.00019048648,0.00019048648,0.00019048648,0.00019048648,0.00019048648,0.00019048648,0.00019048648,0.00019048648,0.00019048648,0.00019048648,0.00019048648,0.00019048648,0.00019048648,0.00019048648,0.00019048648,0.00019048648,0.00019048648,0.00019048648,0.00019048648,0.00019048648,0.00019048648,0.00019048648,0.00019048648,0.00019048648,0.00019048648,0.00019048648,0.00019048648,0.00019048648,0.00019048648,0.00019048648,0.00019048648,0.00019048648,0.00019048648,0.00019048648,0.00019048648,0.00019048648,0.00019048648,0.00019048648,0.00019048648,0.00019048648,0.00019048648,0.00019048648,0.00019048648,0.99066615
0.00014926556,0.00014926556,0.00014926556,0.00014926556,0.00014926556,0.00014926556,0.00014926556,0.00014926556,0.99268603,0.00014926556,0.00014926556,0.00014926556,0.00014926556,0.00014926556,0.00014926556,0.00014926556,0.00014926556,0.00014926556,0.00014926556,0.00014926556,0.00014926556,0.00014926556,0.00014926556,0.00014926556,0.00014926556,0.00014926556,0.00014926556,0.00014926556,0.00014926556,0.00014926556,0.00014926556,0.00014926556,0.00014926556,0.00014926556,0.00014926556,0.00014926556,0.00014926556,0.00014926556,0.00014926556,0.00014926556,0.00014926556,0.00014926556,0.00014926556,0.00014926556,0.00014926556,0.00014926556,0.00014926556,0.00014926556,0.00014926556,0.00014926556
0.00015039109,0.00015039109,0.00015039109,0.00015039109,0.00015039109,0.00015039109,0.00015039109,0.00015039109,0.00015039109,0.00015039109,0.00015039109,0.00015039109,0.00015039109,0.00015039109,0.00015039109,0.00015039109,0.00015039109,0.00015039109,0.00015039109,0.00015039109,0.00015039109,0.00015039109,0.00015039109,0.00015039109,0.00015039109,0.00015039109,0.00015039109,0.00015039109,0.00015039109,0.00015039109,0.00015039109,0.00015039109,0.00015039109,0.00015039109,0.00015039109,0.00015039109,0.00015039109,0.00015039109,0.99263084,0.00015039109,0.00015039109,0.00015039109,0.00015039109,0.00015039109,0.00015039109,0.00015039109,0.00015039109,0.00015039109,0.00015039109,0.00015039109
0.00025000775,0.00025000775,0.00025000775,0.00025000775,0.00025000775,0.00025000775,0.00025000775,0.00025000775,0.00025000775,0.00025000775,0.00025000775,0.00025000775,0.00025000775,0.00025000775,0.00025000775,0.00025000775,0.00025000775,0.00025000775,0.00025000775,0.6895544,0.00025000775,0.00025000775,0.00025000775,0.00025000775,0.00025000775,0.00025000775,0.00025000775,0.00025000775,0.00025000775,0.00025000775,0.00025000775,0.00025000775,0.00025000775,0.00025000775,0.00025000775,0.00025000775,0.00025000775,0.00025000775,0.00025000775,0.00025000775,0.00025000775,0.00025000775,0.00025000775,0.00025000775,0.00025000775,0.00025000775,0.00025000775,0.00025000775,0.00025000775,0.2984452
0.00018519154,0.00018519154,0.00018519154,0.00018519154,0.83078396,0.00018519154,0.00018519154,0.00018519154,0.00018519154,0.00018519154,0.00018519154,0.00018519154,0.00018519154,0.00018519154,0.00018519154,0.00018519154,0.00018519154,0.00018519154,0.00018519154,0.00018519154,0.00018519154,0.00018519154,0.00018519154,0.00018519154,0.00018519154,0.16032682,0.00018519154,0.00018519154,0.00018519154,0.00018519154,0.00018519154,0.00018519154,0.00018519154,0.00018519154,0.00018519154,0.00018519154,0.00018519154,0.00018519154,0.00018519154,0.00018519154,0.00018519154,0.00018519154,0.00018519154,0.00018519154,0.00018519154,0.00018519154,0.00018519154,0.00018519154,0.00018519154,0.00018519154
0.00035714684,0.00035714684,0.00035714684,0.00035714684,0.00035714684,0.00035714684,0.00035714684,0.00035714684,0.00035714684,0.00035714684,0.00035714684,0.00035714684,0.00035714684,0.00035714684,0.00035714684,0.00035714684,0.00035714684,0.00035714684,0.00035714684,0.00035714684,0.00035714684,0.00035714684,0.00035714684,0.00035714684,0.00035714684,0.00035714684,0.00035714684,0.00035714684,0.00035714684,0.00035714684,0.00035714684,0.00035714684,0.00035714684,0.00035714684,0.00035714684,0.00035714684,0.00035714684,0.00035714684,0.00035714684,0.00035714684,0.00035714684,0.00035714684,0.00035714684,0.00035714684,0.00035714684,0.98249984,0.00035714684,0.00035714684,0.00035714684,0.00035714684
0.00044444873,0.00044444873,0.00044444873,0.00044444873,0.00044444873,0.00044444873,0.00044444873,0.00044444873,0.00044444873,0.00044444873,0.00044444873,0.00044444873,0.00044444873,0.00044444873,0.00044444873,0.00044444873,0.00044444873,0.00044444873,0.00044444873,0.00044444873,0.00044444873,0.00044444873,0.00044444873,0.00044444873,0.00044444873,0.00044444873,0.00044444873,0.00044444873,0.00044444873,0.00044444873,0.00044444873,0.00044444873,0.00044444873,0.00044444873,0.00044444873,0.00044444873,0.00044444873,0.978222,0.00044444873,0.00044444873,0.00044444873,0.00044444873,0.00044444873,0.00044444873,0.00044444873,0.00044444873,0.00044444873,0.00044444873,0.00044444873,0.00044444873
