7.1099195e-05,7.1099195e-05,7.1099195e-05,7.1099195e-05,0.019064626,7.1099195e-05,7.1099195e-05,7.1099195e-05,7.1099195e-05,7.1099195e-05,7.1099195e-05,7.1099195e-05,7.1099195e-05,7.1099195e-05,7.1099195e-05,7.1099195e-05,7.1099195e-05,7.1099195e-05,7.1099195e-05,7.1099195e-05,7.1099195e-05,7.1099195e-05,7.1099195e-05,0.3487668,7.1099195e-05,0.6293957,7.1099195e-05,7.1099195e-05,7.1099195e-05,7.1099195e-05,7.1099195e-05,7.1099195e-05,7.1099195e-05,7.1099195e-05,7.1099195e-05,7.1099195e-05,7.1099195e-05,7.1099195e-05,7.1099195e-05,7.1099195e-05,7.1099195e-05,7.1099195e-05
9.6030824e-05,9.6030824e-05,9.6030824e-05,9.6030824e-05,0.07379767,9.6030824e-05,9.6030824e-05,9.6030824e-05,9.6030824e-05,9.6030824e-05,9.6030824e-05,9.6030824e-05,9.6030824e-05,9.6030824e-05,9.6030824e-05,9.6030824e-05,9.6030824e-05,9.6030824e-05,9.6030824e-05,9.6030824e-05,9.6030824e-05,9.6030824e-05,9.6030824e-05,0.900863,9.6030824e-05,9.6030824e-05,9.6030824e-05,9.6030824e-05,9.6030824e-05,9.6030824e-05,9.6030824e-05,9.6030824e-05,9.6030824e-05,9.6030824e-05,9.6030824e-05,9.6030824e-05,0.021594144,9.6030824e-05,9.6030824e-05,9.6030824e-05,9.6030824e-05,9.6030824e-05
1.7654082e-05,1.7654082e-05,1.7654082e-05,1.7654082e-05,1.7654082e-05,1.7654082e-05,1.7654082e-05,1.7654082e-05,1.7654082e-05,1.7654082e-05,1.7654082e-05,1.7654082e-05,1.7654082e-05,1.7654082e-05,1.7654082e-05,1.7654082e-05,1.7654082e-05,1.7654082e-05,1.7654082e-05,1.7654082e-05,1.7654082e-05,1.7654082e-05,1.7654082e-05,1.7654082e-05,1.7654082e-05,1.7654082e-05,1.7654082e-05,1.7654082e-05,1.7654082e-05,0.010163068,1.7654082e-05,1.7654082e-05,1.7654082e-05,1.7654082e-05,1.7654082e-05,1.7654082e-05,1.7654082e-05,0.00054633676,1.7654082e-05,1.7654082e-05,1.7654082e-05,0.98860204
3.7194888e-05,3.7194888e-05,3.7194888e-05,3.7194888e-05,3.7194888e-05,3.7194888e-05,0.098385304,3.7194888e-05,3.7194888e-05,3.7194888e-05,3.7194888e-05,3.7194888e-05,3.7194888e-05,3.7194888e-05,3.7194888e-05,3.7194888e-05,3.7194888e-05,3.7194888e-05,3.7194888e-05,3.7194888e-05,3.7194888e-05,3.7194888e-05,3.7194888e-05,3.7194888e-05,3.7194888e-05,3.7194888e-05,3.7194888e-05,0.8927778,3.7194888e-05,0.007386313,3.7194888e-05,3.7194888e-05,3.7194888e-05,3.7194888e-05,3.7194888e-05,3.7194888e-05,3.7194888e-05,3.7194888e-05,3.7194888e-05,3.7194888e-05,3.7194888e-05,3.7194888e-05
3.669061e-05,3.669061e-05,3.669061e-05,3.669061e-05,3.669061e-05,3.669061e-05,3.669061e-05,3.669061e-05,3.669061e-05,3.669061e-05,3.669061e-05,3.669061e-05,3.669061e-05,3.669061e-05,3.669061e-05,3.669061e-05,3.669061e-05,3.669061e-05,3.669061e-05,3.669061e-05,3.669061e-05,3.669061e-05,0.21526939,3.669061e-05,3.669061e-05,3.669061e-05,3.669061e-05,3.669061e-05,3.669061e-05,3.669061e-05,3.669061e-05,3.669061e-05,3.669061e-05,3.669061e-05,3.669061e-05,3.669061e-05,3.669061e-05,3.669061e-05,3.669061e-05,3.669061e-05,3.669061e-05,0.78326297
6.1700855e-05,6.1700855e-05,6.1700855e-05,6.1700855e-05,6.1700855e-05,6.1700855e-05,6.1700855e-05,0.00010900007,6.1700855e-05,6.1700855e-05,6.1700855e-05,6.1700855e-05,6.1700855e-05,6.1700855e-05,6.1700855e-05,6.1700855e-05,6.1700855e-05,6.1700855e-05,6.1700855e-05,6.1700855e-05,6.1700855e-05,6.1700855e-05,6.1700855e-05,0.7567835,6.1700855e-05,6.1700855e-05,0.2195425,6.1700855e-05,6.1700855e-05,6.1700855e-05,6.1700855e-05,6.1700855e-05,6.1700855e-05,6.1700855e-05,6.1700855e-05,6.1700855e-05,6.1700855e-05,6.1700855e-05,6.1700855e-05,6.1700855e-05,6.1700855e-05,0.021220436
8.017576e-05,8.017576e-05,8.017576e-05,8.017576e-05,0.21158582,8.017576e-05,8.017576e-05,8.017576e-05,8.017576e-05,8.017576e-05,0.01964901,8.017576e-05,8.017576e-05,8.017576e-05,8.017576e-05,8.017576e-05,8.017576e-05,8.017576e-05,8.017576e-05,8.017576e-05,8.017576e-05,8.017576e-05,8.017576e-05,0.5152105,8.017576e-05,8.017576e-05,8.017576e-05,8.017576e-05,8.017576e-05,8.017576e-05,8.017576e-05,8.017576e-05,8.017576e-05,8.017576e-05,8.017576e-05,8.017576e-05,0.25050795,8.017576e-05,8.017576e-05,8.017576e-05,8.017576e-05,8.017576e-05
7.2156705e-05,7.2156705e-05,7.2156705e-05,7.2156705e-05,0.254297,7.2156705e-05,7.2156705e-05,7.2156705e-05,7.2156705e-05,7.2156705e-05,0.11156172,7.2156705e-05,7.2156705e-05,7.2156705e-05,7.2156705e-05,7.2156705e-05,7.2156705e-05,7.2156705e-05,7.2156705e-05,7.2156705e-05,7.2156705e-05,7.2156705e-05,0.026420513,0.35591823,7.2156705e-05,7.2156705e-05,7.2156705e-05,7.2156705e-05,7.2156705e-05,7.2156705e-05,7.2156705e-05,7.2156705e-05,7.2156705e-05,7.2156705e-05,7.2156705e-05,7.2156705e-05,0.24913275,7.2156705e-05,7.2156705e-05,7.2156705e-05,7.2156705e-05,7.2156705e-05
6.04423e-05,6.04423e-05,6.04423e-05,6.04423e-05,6.04423e-05,6.04423e-05,6.04423e-05,6.04423e-05,6.04423e-05,6.04423e-05,0.20216729,6.04423e-05,6.04423e-05,6.04423e-05,6.04423e-05,6.04423e-05,6.04423e-05,6.04423e-05,6.04423e-05,6.04423e-05,6.04423e-05,6.04423e-05,0.0061112824,0.7893642,6.04423e-05,6.04423e-05,6.04423e-05,6.04423e-05,6.04423e-05,6.04423e-05,6.04423e-05,6.04423e-05,6.04423e-05,6.04423e-05,6.04423e-05,6.04423e-05,6.04423e-05,6.04423e-05,6.04423e-05,6.04423e-05,6.04423e-05,6.04423e-05
4.2748547e-05,4.2748547e-05,4.2748547e-05,4.2748547e-05,4.2748547e-05,4.2748547e-05,4.2748547e-05,4.2748547e-05,4.2748547e-05,4.2748547e-05,4.2748547e-05,4.2748547e-05,0.8836751,4.2748547e-05,4.2748547e-05,4.2748547e-05,4.2748547e-05,4.2748547e-05,4.2748547e-05,4.2748547e-05,4.2748547e-05,4.2748547e-05,4.2748547e-05,0.11461498,4.2748547e-05,4.2748547e-05,4.2748547e-05,4.2748547e-05,4.2748547e-05,4.2748547e-05,4.2748547e-05,4.2748547e-05,4.2748547e-05,4.2748547e-05,4.2748547e-05,4.2748547e-05,4.2748547e-05,4.2748547e-05,4.2748547e-05,4.2748547e-05,4.2748547e-05,4.2748547e-05
3.9556162e-05,3.9556162e-05,3.9556162e-05,3.9556162e-05,3.9556162e-05,3.9556162e-05,3.9556162e-05,3.9556162e-05,3.9556162e-05,3.9556162e-05,3.9556162e-05,3.9556162e-05,3.9556162e-05,3.9556162e-05,3.9556162e-05,3.9556162e-05,3.9556162e-05,3.9556162e-05,3.9556162e-05,3.9556162e-05,3.9556162e-05,3.9556162e-05,3.9556162e-05,3.9556162e-05,3.9556162e-05,3.9556162e-05,3.9556162e-05,3.9556162e-05,3.9556162e-05,3.9556162e-05,3.9556162e-05,0.9983782,3.9556162e-05,3.9556162e-05,3.9556162e-05,3.9556162e-05,3.9556162e-05,3.9556162e-05,3.9556162e-05,3.9556162e-05,3.9556162e-05,3.9556162e-05
3.90356e-05,3.90356e-05,3.90356e-05,0.9310348,3.90356e-05,3.90356e-05,3.90356e-05,3.90356e-05,3.90356e-05,3.90356e-05,3.90356e-05,3.90356e-05,0.06740372,3.90356e-05,3.90356e-05,3.90356e-05,3.90356e-05,3.90356e-05,3.90356e-05,3.90356e-05,3.90356e-05,3.90356e-05,3.90356e-05,3.90356e-05,3.90356e-05,3.90356e-05,3.90356e-05,3.90356e-05,3.90356e-05,3.90356e-05,3.90356e-05,3.90356e-05,3.90356e-05,3.90356e-05,3.90356e-05,3.90356e-05,3.90356e-05,3.90356e-05,3.90356e-05,3.90356e-05,3.90356e-05,3.90356e-05
5.527544e-05,5.527544e-05,5.527544e-05,5.527544e-05,5.527544e-05,5.527544e-05,5.527544e-05,5.527544e-05,5.527544e-05,5.527544e-05,5.527544e-05,5.527544e-05,5.527544e-05,5.527544e-05,5.527544e-05,5.527544e-05,5.527544e-05,5.527544e-05,5.527544e-05,5.527544e-05,5.527544e-05,5.527544e-05,5.527544e-05,0.07384445,5.527544e-05,5.527544e-05,5.527544e-05,5.527544e-05,5.527544e-05,5.527544e-05,5.527544e-05,5.527544e-05,5.527544e-05,5.527544e-05,5.527544e-05,5.527544e-05,5.527544e-05,0.002482991,5.527544e-05,5.527544e-05,5.527544e-05,0.92151684
3.7753627e-05,3.7753627e-05,3.7753627e-05,3.7753627e-05,3.7753627e-05,3.7753627e-05,3.7753627e-05,0.94053805,3.7753627e-05,3.7753627e-05,3.7753627e-05,3.7753627e-05,3.7753627e-05,3.7753627e-05,3.7753627e-05,3.7753627e-05,3.7753627e-05,3.7753627e-05,3.7753627e-05,3.7753627e-05,3.7753627e-05,3.7753627e-05,3.7753627e-05,3.7753627e-05,3.7753627e-05,3.7753627e-05,3.7753627e-05,3.7753627e-05,3.7753627e-05,3.7753627e-05,3.7753627e-05,3.7753627e-05,3.7753627e-05,3.7753627e-05,3.7753627e-05,3.7753627e-05,3.7753627e-05,3.7753627e-05,3.7753627e-05,3.7753627e-05,3.7753627e-05,0.057951793
5.411772e-05,5.411772e-05,5.411772e-05,5.411772e-05,0.17401434,5.411772e-05,5.411772e-05,0.51781934,5.411772e-05,5.411772e-05,5.411772e-05,5.411772e-05,5.411772e-05,5.411772e-05,5.411772e-05,5.411772e-05,5.411772e-05,0.09500325,5.411772e-05,5.411772e-05,5.411772e-05,5.411772e-05,5.411772e-05,0.11413621,5.411772e-05,5.411772e-05,5.411772e-05,5.411772e-05,5.411772e-05,5.411772e-05,5.411772e-05,5.411772e-05,5.411772e-05,5.411772e-05,5.411772e-05,5.411772e-05,5.411772e-05,0.097024456,5.411772e-05,5.411772e-05,5.411772e-05,5.411772e-05
9.158352e-05,9.158352e-05,9.158352e-05,9.158352e-05,0.0055692056,9.158352e-05,9.158352e-05,9.158352e-05,9.158352e-05,9.158352e-05,9.158352e-05,9.158352e-05,9.158352e-05,9.158352e-05,9.158352e-05,9.158352e-05,9.158352e-05,9.158352e-05,9.158352e-05,9.158352e-05,9.158352e-05,9.158352e-05,9.158352e-05,0.9907675,9.158352e-05,9.158352e-05,9.158352e-05,9.158352e-05,9.158352e-05,9.158352e-05,9.158352e-05,9.158352e-05,9.158352e-05,9.158352e-05,9.158352e-05,9.158352e-05,9.158352e-05,9.158352e-05,9.158352e-05,9.158352e-05,9.158352e-05,9.158352e-05
7.492713e-05,7.492713e-05,7.492713e-05,7.492713e-05,7.492713e-05,7.492713e-05,7.492713e-05,7.492713e-05,7.492713e-05,7.492713e-05,7.492713e-05,7.492713e-05,7.492713e-05,7.492713e-05,7.492713e-05,7.492713e-05,7.492713e-05,7.492713e-05,7.492713e-05,7.492713e-05,7.492713e-05,7.492713e-05,7.492713e-05,0.8106298,7.492713e-05,7.492713e-05,7.492713e-05,7.492713e-05,7.492713e-05,7.492713e-05,7.492713e-05,7.492713e-05,7.492713e-05,7.492713e-05,7.492713e-05,7.492713e-05,0.18410043,7.492713e-05,0.0023467091,7.492713e-05,7.492713e-05,7.5879325e-05
7.607427e-05,7.607427e-05,7.607427e-05,7.607427e-05,7.607427e-05,7.607427e-05,7.607427e-05,7.607427e-05,7.607427e-05,7.607427e-05,7.607427e-05,7.607427e-05,7.607427e-05,7.607427e-05,7.607427e-05,7.607427e-05,7.607427e-05,7.607427e-05,7.607427e-05,7.607427e-05,7.607427e-05,7.607427e-05,7.607427e-05,0.9965032,7.607427e-05,7.607427e-05,7.607427e-05,7.607427e-05,7.607427e-05,7.607427e-05,7.607427e-05,7.607427e-05,7.607427e-05,7.607427e-05,7.607427e-05,7.607427e-05,7.607427e-05,7.607427e-05,0.00045384688,7.607427e-05,7.607427e-05,7.607427e-05
4.2835425e-05,4.2835425e-05,4.2835425e-05,4.2835425e-05,4.2835425e-05,4.2835425e-05,4.2835425e-05,4.2835425e-05,4.2835425e-05,4.2835425e-05,4.2835425e-05,4.2835425e-05,4.2835425e-05,4.2835425e-05,4.2835425e-05,4.2835425e-05,4.2835425e-05,4.2835425e-05,4.2835425e-05,4.2835425e-05,4.2835425e-05,4.2835425e-05,4.2835425e-05,4.2835425e-05,4.2835425e-05,4.2835425e-05,0.6076131,4.2835425e-05,4.2835425e-05,4.2835425e-05,4.2835425e-05,4.2835425e-05,4.2835425e-05,4.2835425e-05,4.2835425e-05,4.2835425e-05,4.2835425e-05,4.2835425e-05,4.2835425e-05,4.2835425e-05,4.2835425e-05,0.39067352
5.041397e-05,5.041397e-05,5.041397e-05,5.041397e-05,5.041397e-05,5.041397e-05,5.041397e-05,5.041397e-05,5.041397e-05,5.041397e-05,5.041397e-05,5.041397e-05,5.041397e-05,5.041397e-05,0.3303545,5.041397e-05,5.041397e-05,5.041397e-05,5.041397e-05,5.041397e-05,5.041397e-05,5.041397e-05,5.041397e-05,0.07988732,5.041397e-05,0.09051078,5.041397e-05,5.041397e-05,5.041397e-05,5.041397e-05,5.041397e-05,5.041397e-05,5.041397e-05,5.041397e-05,5.041397e-05,5.041397e-05,5.041397e-05,0.4972986,5.041397e-05,5.041397e-05,5.041397e-05,8.350817e-05
3.0240319e-05,3.0240319e-05,3.0240319e-05,3.0240319e-05,0.105184056,3.0240319e-05,3.0240319e-05,3.0240319e-05,3.0240319e-05,3.0240319e-05,3.0240319e-05,3.0240319e-05,3.0240319e-05,0.48213273,3.0240319e-05,3.0240319e-05,3.0240319e-05,0.41150382,3.0240319e-05,3.0240319e-05,3.0240319e-05,3.0240319e-05,3.0240319e-05,3.0240319e-05,3.0240319e-05,3.0240319e-05,3.0240319e-05,3.0240319e-05,3.0240319e-05,3.0240319e-05,3.0240319e-05,3.0240319e-05,3.0240319e-05,3.0240319e-05,3.0240319e-05,3.0240319e-05,3.0240319e-05,3.0240319e-05,3.0240319e-05,3.0240319e-05,3.0240319e-05,3.0240319e-05
4.8899416e-05,4.8899416e-05,4.8899416e-05,4.8899416e-05,0.21053597,4.8899416e-05,4.8899416e-05,4.8899416e-05,4.8899416e-05,4.8899416e-05,4.8899416e-05,4.8899416e-05,4.8899416e-05,4.8899416e-05,0.57367814,4.8899416e-05,4.8899416e-05,4.8899416e-05,4.8899416e-05,4.8899416e-05,4.8899416e-05,0.2138788,4.8899416e-05,4.8899416e-05,4.8899416e-05,4.8899416e-05,4.8899416e-05,4.8899416e-05,4.8899416e-05,4.8899416e-05,4.8899416e-05,4.8899416e-05,4.8899416e-05,4.8899416e-05,4.8899416e-05,4.8899416e-05,4.8899416e-05,4.8899416e-05,4.8899416e-05,4.8899416e-05,4.8899416e-05,4.8899416e-05
9.2287904e-05,9.2287904e-05,9.2287904e-05,9.2287904e-05,0.00022248243,9.2287904e-05,9.2287904e-05,9.2287904e-05,9.2287904e-05,9.2287904e-05,9.2287904e-05,9.2287904e-05,9.2287904e-05,9.2287904e-05,9.2287904e-05,9.2287904e-05,9.2287904e-05,9.2287904e-05,9.2287904e-05,9.2287904e-05,9.2287904e-05,9.2287904e-05,9.2287904e-05,0.92517066,9.2287904e-05,9.2287904e-05,9.2287904e-05,9.2287904e-05,9.2287904e-05,9.2287904e-05,9.2287904e-05,9.2287904e-05,9.2287904e-05,9.2287904e-05,9.2287904e-05,9.2287904e-05,0.07100762,9.2287904e-05,9.2287904e-05,9.2287904e-05,9.2287904e-05,9.2287904e-05
9.337695e-05,9.337695e-05,9.337695e-05,9.337695e-05,0.051885344,9.337695e-05,9.337695e-05,9.337695e-05,9.337695e-05,9.337695e-05,9.337695e-05,9.337695e-05,9.337695e-05,9.337695e-05,9.337695e-05,9.337695e-05,9.337695e-05,9.337695e-05,9.337695e-05,9.337695e-05,9.337695e-05,9.337695e-05,9.337695e-05,0.8780087,9.337695e-05,9.337695e-05,9.337695e-05,9.337695e-05,9.337695e-05,9.337695e-05,9.337695e-05,9.337695e-05,9.337695e-05,9.337695e-05,9.337695e-05,9.337695e-05,0.06646421,9.337695e-05,9.337695e-05,9.337695e-05,9.337695e-05,9.337695e-05
3.7105165e-05,3.7105165e-05,3.7105165e-05,3.7105165e-05,3.7105165e-05,3.7105165e-05,3.7105165e-05,3.7105165e-05,3.7105165e-05,3.7105165e-05,3.7105165e-05,3.7105165e-05,3.7105165e-05,3.7105165e-05,3.7105165e-05,3.7105165e-05,3.7105165e-05,0.5997257,3.7105165e-05,3.7105165e-05,3.7105165e-05,3.7105165e-05,0.038352128,3.7105165e-05,3.7105165e-05,3.7105165e-05,3.7105165e-05,3.7105165e-05,3.7105165e-05,3.7105165e-05,3.7105165e-05,3.7105165e-05,3.7105165e-05,3.7105165e-05,3.7105165e-05,3.7105165e-05,3.7105165e-05,0.3604751,3.7105165e-05,3.7105165e-05,3.7105165e-05,3.7105165e-05
7.561897e-05,7.561897e-05,7.561897e-05,7.561897e-05,7.561897e-05,7.561897e-05,7.561897e-05,7.561897e-05,7.561897e-05,7.561897e-05,7.561897e-05,7.561897e-05,7.561897e-05,7.561897e-05,7.561897e-05,7.561897e-05,7.561897e-05,7.561897e-05,7.561897e-05,7.561897e-05,7.561897e-05,7.561897e-05,7.561897e-05,0.98846227,7.561897e-05,7.561897e-05,7.561897e-05,7.561897e-05,7.561897e-05,7.561897e-05,7.561897e-05,7.561897e-05,7.561897e-05,7.561897e-05,7.561897e-05,7.561897e-05,7.561897e-05,7.561897e-05,0.008512916,7.561897e-05,7.561897e-05,7.561897e-05
4.0116436e-05,4.0116436e-05,4.0116436e-05,4.0116436e-05,4.0116436e-05,4.0116436e-05,4.0116436e-05,4.0116436e-05,4.0116436e-05,4.0116436e-05,4.0116436e-05,4.0116436e-05,4.0116436e-05,4.0116436e-05,4.0116436e-05,4.0116436e-05,4.0116436e-05,4.0116436e-05,4.0116436e-05,4.0116436e-05,4.0116436e-05,4.0116436e-05,4.0116436e-05,0.04881151,4.0116436e-05,4.0116436e-05,0.17381573,4.0116436e-05,4.0116436e-05,4.0116436e-05,4.0116436e-05,4.0116436e-05,4.0116436e-05,4.0116436e-05,4.0116436e-05,4.0116436e-05,4.0116436e-05,4.0116436e-05,4.0116436e-05,4.0116436e-05,4.0116436e-05,0.7758082
4.2732398e-05,4.2732398e-05,4.2732398e-05,4.2732398e-05,0.25061014,4.2732398e-05,4.2732398e-05,0.00047680867,4.2732398e-05,4.2732398e-05,4.2732398e-05,4.2732398e-05,4.2732398e-05,0.03586236,4.2732398e-05,4.2732398e-05,4.2732398e-05,0.6812763,4.2732398e-05,4.2732398e-05,4.2732398e-05,4.2732398e-05,4.2732398e-05,4.2732398e-05,4.2732398e-05,4.2732398e-05,4.2732398e-05,4.2732398e-05,4.2732398e-05,4.2732398e-05,4.2732398e-05,4.2732398e-05,4.2732398e-05,4.2732398e-05,4.2732398e-05,4.2732398e-05,4.2732398e-05,0.030193336,4.2732398e-05,4.2732398e-05,4.2732398e-05,4.2732398e-05
6.941964e-05,6.941964e-05,6.941964e-05,6.941964e-05,6.941964e-05,6.941964e-05,6.941964e-05,6.941964e-05,6.941964e-05,6.941964e-05,6.941964e-05,6.941964e-05,6.941964e-05,6.941964e-05,6.941964e-05,6.941964e-05,6.941964e-05,6.941964e-05,6.941964e-05,6.941964e-05,6.941964e-05,6.941964e-05,6.941964e-05,0.9147072,6.941964e-05,6.941964e-05,6.941964e-05,6.941964e-05,6.941964e-05,6.941964e-05,6.941964e-05,6.941964e-05,6.941964e-05,6.941964e-05,6.941964e-05,6.941964e-05,6.941964e-05,0.082515985,6.941964e-05,6.941964e-05,6.941964e-05,6.941964e-05
3.854385e-05,3.854385e-05,3.854385e-05,3.854385e-05,3.854385e-05,3.854385e-05,0.24763791,3.854385e-05,3.854385e-05,3.854385e-05,0.75082034,3.854385e-05,3.854385e-05,3.854385e-05,3.854385e-05,3.854385e-05,3.854385e-05,3.854385e-05,3.854385e-05,3.854385e-05,3.854385e-05,3.854385e-05,3.854385e-05,3.854385e-05,3.854385e-05,3.854385e-05,3.854385e-05,3.854385e-05,3.854385e-05,3.854385e-05,3.854385e-05,3.854385e-05,3.854385e-05,3.854385e-05,3.854385e-05,3.854385e-05,3.854385e-05,3.854385e-05,3.854385e-05,3.854385e-05,3.854385e-05,3.854385e-05
7.488828e-05,7.488828e-05,7.488828e-05,7.488828e-05,7.488828e-05,7.488828e-05,7.488828e-05,7.488828e-05,7.488828e-05,7.488828e-05,7.488828e-05,7.488828e-05,7.488828e-05,7.488828e-05,7.488828e-05,7.488828e-05,7.488828e-05,7.488828e-05,7.488828e-05,7.488828e-05,7.488828e-05,7.488828e-05,7.488828e-05,0.53250325,7.488828e-05,7.488828e-05,7.488828e-05,7.488828e-05,7.488828e-05,7.488828e-05,7.488828e-05,7.488828e-05,7.488828e-05,7.488828e-05,7.488828e-05,7.488828e-05,7.488828e-05,7.488828e-05,0.4645012,7.488828e-05,7.488828e-05,7.488828e-05
6.669645e-05,6.669645e-05,6.669645e-05,6.669645e-05,0.03804368,6.669645e-05,6.669645e-05,6.669645e-05,6.669645e-05,6.669645e-05,6.669645e-05,6.669645e-05,6.669645e-05,6.669645e-05,6.669645e-05,6.669645e-05,6.669645e-05,6.669645e-05,6.669645e-05,6.669645e-05,6.669645e-05,6.669645e-05,6.669645e-05,0.9592884,6.669645e-05,6.669645e-05,6.669645e-05,6.669645e-05,6.669645e-05,6.669645e-05,6.669645e-05,6.669645e-05,6.669645e-05,6.669645e-05,6.669645e-05,6.669645e-05,6.669645e-05,6.669645e-05,6.669645e-05,6.669645e-05,6.669645e-05,6.669645e-05
4.3062984e-05,4.3062984e-05,4.3062984e-05,4.3062984e-05,4.3062984e-05,0.59673214,4.3062984e-05,4.3062984e-05,4.3062984e-05,4.3062984e-05,4.3062984e-05,4.3062984e-05,4.3062984e-05,4.3062984e-05,4.3062984e-05,4.3062984e-05,4.3062984e-05,4.3062984e-05,4.3062984e-05,4.3062984e-05,4.3062984e-05,4.3062984e-05,0.36931473,0.032273628,4.3062984e-05,4.3062984e-05,4.3062984e-05,4.3062984e-05,4.3062984e-05,4.3062984e-05,4.3062984e-05,4.3062984e-05,4.3062984e-05,4.3062984e-05,4.3062984e-05,4.3062984e-05,4.3062984e-05,4.3062984e-05,4.3062984e-05,4.3062984e-05,4.3062984e-05,4.3062984e-05
9.123632e-05,9.123632e-05,9.123632e-05,9.123632e-05,0.05802192,9.123632e-05,9.123632e-05,9.123632e-05,9.123632e-05,9.123632e-05,9.123632e-05,9.123632e-05,9.123632e-05,9.123632e-05,9.123632e-05,9.123632e-05,9.123632e-05,9.123632e-05,0.1287049,9.123632e-05,9.123632e-05,9.123632e-05,9.123632e-05,0.8097149,9.123632e-05,9.123632e-05,9.123632e-05,9.123632e-05,9.123632e-05,9.123632e-05,9.123632e-05,9.123632e-05,9.123632e-05,9.123632e-05,9.123632e-05,9.123632e-05,9.123632e-05,9.123632e-05,9.123632e-05,9.123632e-05,9.123632e-05,9.123632e-05
3.9792427e-05,3.9792427e-05,3.9792427e-05,3.9792427e-05,3.9792427e-05,3.9792427e-05,3.9792427e-05,3.9792427e-05,3.9792427e-05,3.9792427e-05,3.9792427e-05,3.9792427e-05,3.9792427e-05,3.9792427e-05,0.09255651,3.9792427e-05,3.9792427e-05,3.9792427e-05,3.9792427e-05,3.9792427e-05,3.9792427e-05,3.9792427e-05,3.9792427e-05,3.9792427e-05,3.9792427e-05,0.5974649,3.9792427e-05,3.9792427e-05,3.9792427e-05,3.9792427e-05,3.9792427e-05,3.9792427e-05,3.9792427e-05,3.9792427e-05,3.9792427e-05,3.9792427e-05,3.9792427e-05,3.9792427e-05,3.9792427e-05,3.9792427e-05,3.9792427e-05,0.30842662
8.952726e-05,8.952726e-05,8.952726e-05,8.952726e-05,8.952726e-05,8.952726e-05,8.952726e-05,8.952726e-05,8.952726e-05,8.952726e-05,8.952726e-05,8.952726e-05,8.952726e-05,8.952726e-05,0.16700134,8.952726e-05,8.952726e-05,8.952726e-05,8.952726e-05,8.952726e-05,8.952726e-05,8.952726e-05,8.952726e-05,0.5823872,8.952726e-05,8.952726e-05,8.952726e-05,8.952726e-05,8.952726e-05,8.952726e-05,8.952726e-05,8.952726e-05,8.952726e-05,8.952726e-05,8.952726e-05,8.952726e-05,0.24711984,8.952726e-05,8.952726e-05,8.952726e-05,8.952726e-05,8.952726e-05
6.634124e-05,6.634124e-05,6.634124e-05,6.634124e-05,6.634124e-05,6.634124e-05,6.634124e-05,0.07721494,6.634124e-05,6.634124e-05,6.634124e-05,6.634124e-05,6.634124e-05,6.634124e-05,6.634124e-05,6.634124e-05,6.634124e-05,6.634124e-05,6.634124e-05,6.634124e-05,6.634124e-05,6.634124e-05,6.634124e-05,0.40617102,6.634124e-05,6.634124e-05,6.634124e-05,6.634124e-05,6.634124e-05,6.634124e-05,6.634124e-05,6.634124e-05,6.634124e-05,6.634124e-05,6.634124e-05,6.634124e-05,6.634124e-05,0.1761696,0.03753023,6.634124e-05,6.634124e-05,0.30045953
8.268319e-05,8.268319e-05,8.268319e-05,8.268319e-05,0.91270405,8.268319e-05,8.268319e-05,8.268319e-05,8.268319e-05,8.268319e-05,8.268319e-05,8.268319e-05,8.268319e-05,8.268319e-05,8.268319e-05,8.268319e-05,8.268319e-05,8.268319e-05,8.268319e-05,8.268319e-05,8.268319e-05,8.268319e-05,8.268319e-05,0.08044468,8.268319e-05,8.268319e-05,8.268319e-05,8.268319e-05,8.268319e-05,8.268319e-05,8.268319e-05,8.268319e-05,8.268319e-05,8.268319e-05,8.268319e-05,8.268319e-05,0.003626578,8.268319e-05,8.268319e-05,8.268319e-05,8.268319e-05,8.268319e-05
4.849852e-05,4.849852e-05,4.849852e-05,4.849852e-05,4.849852e-05,4.849852e-05,4.849852e-05,4.849852e-05,4.849852e-05,4.849852e-05,4.849852e-05,4.849852e-05,4.849852e-05,4.849852e-05,4.849852e-05,4.849852e-05,4.849852e-05,4.849852e-05,4.849852e-05,4.849852e-05,4.849852e-05,4.849852e-05,4.849852e-05,4.849852e-05,4.849852e-05,4.849852e-05,4.849852e-05,4.849852e-05,4.849852e-05,4.849852e-05,4.849852e-05,0.9946284,4.849852e-05,4.849852e-05,4.849852e-05,4.849852e-05,4.849852e-05,0.003431632,4.849852e-05,4.849852e-05,4.849852e-05,4.849852e-05
3.7234342e-05,3.7234342e-05,3.7234342e-05,3.7234342e-05,3.7234342e-05,3.7234342e-05,0.02996355,3.7234342e-05,3.7234342e-05,3.7234342e-05,3.7234342e-05,3.7234342e-05,3.7234342e-05,3.7234342e-05,3.7234342e-05,3.7234342e-05,3.7234342e-05,3.7234342e-05,3.7234342e-05,3.7234342e-05,3.7234342e-05,3.7234342e-05,3.7234342e-05,3.7234342e-05,3.7234342e-05,3.7234342e-05,3.7234342e-05,3.7234342e-05,3.7234342e-05,3.7234342e-05,3.7234342e-05,0.24886572,3.7234342e-05,3.7234342e-05,0.5923397,3.7234342e-05,3.7234342e-05,0.12741607,3.7234342e-05,3.7234342e-05,3.7234342e-05,3.7234342e-05
0.535726,4.3378754e-05,4.3378754e-05,4.3378754e-05,0.31925505,4.3378754e-05,0.004477669,4.3378754e-05,4.3378754e-05,4.3378754e-05,4.3378754e-05,4.3378754e-05,4.3378754e-05,4.3378754e-05,4.3378754e-05,4.3378754e-05,4.3378754e-05,4.3378754e-05,4.3378754e-05,4.3378754e-05,4.3378754e-05,4.3378754e-05,4.3378754e-05,0.08236224,4.3378754e-05,4.3378754e-05,4.3378754e-05,0.05657393,4.3378754e-05,4.3378754e-05,4.3378754e-05,4.3378754e-05,4.3378754e-05,4.3378754e-05,4.3378754e-05,4.3378754e-05,4.3378754e-05,4.3378754e-05,4.3378754e-05,4.3378754e-05,4.3378754e-05,4.3378754e-05
6.596316e-05,6.596316e-05,6.596316e-05,6.596316e-05,0.45838165,6.596316e-05,6.596316e-05,6.596316e-05,6.596316e-05,6.596316e-05,6.596316e-05,6.596316e-05,6.596316e-05,6.596316e-05,6.596316e-05,6.596316e-05,6.596316e-05,6.596316e-05,6.596316e-05,6.596316e-05,6.596316e-05,6.596316e-05,6.596316e-05,6.596316e-05,6.596316e-05,0.53897977,6.596316e-05,6.596316e-05,6.596316e-05,6.596316e-05,6.596316e-05,6.596316e-05,6.596316e-05,6.596316e-05,6.596316e-05,6.596316e-05,6.596316e-05,6.596316e-05,6.596316e-05,6.596316e-05,6.596316e-05,6.596316e-05
7.0656206e-05,7.0656206e-05,7.0656206e-05,7.0656206e-05,0.0011192109,7.0656206e-05,7.0656206e-05,7.0656206e-05,7.0656206e-05,7.0656206e-05,7.0656206e-05,7.0656206e-05,7.0656206e-05,7.0656206e-05,7.0656206e-05,7.0656206e-05,7.0656206e-05,7.0656206e-05,7.0656206e-05,7.0656206e-05,7.0656206e-05,7.0656206e-05,0.15336688,0.81767017,7.0656206e-05,7.0656206e-05,7.0656206e-05,7.0656206e-05,7.0656206e-05,7.0656206e-05,7.0656206e-05,7.0656206e-05,7.0656206e-05,7.0656206e-05,7.0656206e-05,7.0656206e-05,7.0657785e-05,0.0005794036,7.0656206e-05,7.0656206e-05,7.0656206e-05,0.024650024
3.865448e-05,3.865448e-05,3.865448e-05,3.865448e-05,3.865448e-05,3.865448e-05,3.865448e-05,3.865448e-05,3.865448e-05,3.865448e-05,3.865448e-05,3.865448e-05,3.865448e-05,3.865448e-05,0.025494518,3.865448e-05,3.865448e-05,3.865448e-05,3.865448e-05,3.865448e-05,3.865448e-05,3.865448e-05,3.865448e-05,0.15367028,3.865448e-05,3.865448e-05,3.865448e-05,3.865448e-05,3.865448e-05,0.7171353,3.865448e-05,3.865448e-05,3.865448e-05,3.865448e-05,3.865448e-05,3.865448e-05,3.865448e-05,3.865448e-05,3.865448e-05,3.865448e-05,3.865448e-05,0.10223097
4.943584e-05,4.943584e-05,4.943584e-05,4.943584e-05,0.06457272,4.943584e-05,4.943584e-05,0.028453236,4.943584e-05,4.943584e-05,4.943584e-05,4.943584e-05,4.943584e-05,4.943584e-05,4.943584e-05,4.943584e-05,4.943584e-05,0.39309174,4.943584e-05,4.943584e-05,4.943584e-05,4.943584e-05,4.943584e-05,0.031457014,4.943584e-05,4.943584e-05,4.943584e-05,4.943584e-05,4.943584e-05,4.943584e-05,4.943584e-05,4.943584e-05,4.943584e-05,4.943584e-05,4.943584e-05,4.943584e-05,4.943584e-05,0.48059618,4.943584e-05,4.943584e-05,4.943584e-05,4.943584e-05
8.690193e-05,8.690193e-05,8.690193e-05,8.690193e-05,0.14769405,8.690193e-05,8.690193e-05,8.690193e-05,8.690193e-05,8.690193e-05,8.690193e-05,8.690193e-05,8.690193e-05,8.690193e-05,8.690193e-05,8.690193e-05,8.690193e-05,8.690193e-05,8.690193e-05,8.690193e-05,8.690193e-05,8.690193e-05,8.690193e-05,0.84882987,8.690193e-05,8.690193e-05,8.690193e-05,8.690193e-05,8.690193e-05,8.690193e-05,8.690193e-05,8.690193e-05,8.690193e-05,8.690193e-05,8.690193e-05,8.690193e-05,8.690193e-05,8.690193e-05,8.690193e-05,8.690193e-05,8.690193e-05,8.690193e-05
1.6285901e-05,1.6285901e-05,1.6285901e-05,1.6285901e-05,1.6285901e-05,1.6285901e-05,1.6285901e-05,1.6285901e-05,1.6285901e-05,1.6285901e-05,1.6285901e-05,1.6285901e-05,1.6285901e-05,1.6285901e-05,1.6285901e-05,1.6285901e-05,0.08762724,0.0072164075,1.6285901e-05,1.6285901e-05,1.6285901e-05,1.6285901e-05,1.6285901e-05,1.6285901e-05,1.6285901e-05,1.6285901e-05,0.72354937,1.6285901e-05,1.6285901e-05,1.6285901e-05,1.6285901e-05,0.1809881,1.6285901e-05,1.6285901e-05,1.6285901e-05,1.6285901e-05,1.6285901e-05,1.6285901e-05,1.6285901e-05,1.6285901e-05,1.6285901e-05,1.6285901e-05
4.434839e-05,4.434839e-05,4.434839e-05,4.434839e-05,4.434839e-05,4.434839e-05,4.434839e-05,4.434839e-05,4.434839e-05,4.434839e-05,4.434839e-05,4.434839e-05,4.434839e-05,4.434839e-05,4.434839e-05,4.434839e-05,4.434839e-05,4.434839e-05,4.434839e-05,4.434839e-05,4.434839e-05,4.434839e-05,4.434839e-05,4.434839e-05,4.434839e-05,0.019191992,0.7730125,4.434839e-05,4.434839e-05,4.434839e-05,4.434839e-05,4.434839e-05,4.434839e-05,4.434839e-05,4.434839e-05,4.434839e-05,4.434839e-05,4.434839e-05,4.434839e-05,4.434839e-05,4.434839e-05,0.20606591
5.524947e-05,5.524947e-05,5.524947e-05,5.524947e-05,5.524947e-05,5.524947e-05,5.524947e-05,5.524947e-05,5.524947e-05,5.524947e-05,5.524947e-05,5.524947e-05,5.524947e-05,5.524947e-05,5.524947e-05,0.0031322318,5.524947e-05,5.524947e-05,5.524947e-05,5.524947e-05,5.524947e-05,5.524947e-05,5.524947e-05,0.054622915,5.524947e-05,0.5241004,0.0967846,5.524947e-05,5.524947e-05,5.524947e-05,5.524947e-05,5.524947e-05,5.524947e-05,5.524947e-05,5.524947e-05,5.524947e-05,5.524947e-05,5.524947e-05,5.524947e-05,5.524947e-05,5.524947e-05,0.3193156
3.0790117e-05,3.0790117e-05,3.0790117e-05,3.0790117e-05,3.0790117e-05,3.0790117e-05,3.0790117e-05,3.0790117e-05,3.0790117e-05,3.0790117e-05,3.0790117e-05,3.0790117e-05,3.0790117e-05,3.0790117e-05,3.0790117e-05,0.7226158,3.0790117e-05,3.0790117e-05,3.0790117e-05,3.0790117e-05,3.0790117e-05,3.0790117e-05,3.0790117e-05,3.0790117e-05,3.0790117e-05,3.0790117e-05,0.046628978,3.0790117e-05,3.0790117e-05,3.0790117e-05,3.0790117e-05,3.0790117e-05,3.0790117e-05,3.0790117e-05,3.0790117e-05,3.0790117e-05,3.0790117e-05,3.0790117e-05,3.0790117e-05,3.0790117e-05,3.0790117e-05,0.2295544
7.1300645e-05,7.1300645e-05,7.1300645e-05,7.1300645e-05,7.1300645e-05,7.1300645e-05,7.1300645e-05,7.1300645e-05,7.1300645e-05,7.1300645e-05,7.1300645e-05,7.1300645e-05,7.1300645e-05,7.1300645e-05,7.1300645e-05,7.1300645e-05,7.1300645e-05,7.1300645e-05,7.1300645e-05,7.1300645e-05,7.1300645e-05,7.1300645e-05,7.1300645e-05,0.99707663,7.1300645e-05,7.1300645e-05,7.1300645e-05,7.1300645e-05,7.1300645e-05,7.1300645e-05,7.1300645e-05,7.1300645e-05,7.1300645e-05,7.1300645e-05,7.1300645e-05,7.1300645e-05,7.1300645e-05,7.1300645e-05,7.1300645e-05,7.1300645e-05,7.1300645e-05,7.1300645e-05
7.833478e-05,7.833478e-05,7.833478e-05,7.833478e-05,7.833478e-05,7.833478e-05,7.833478e-05,7.833478e-05,7.833478e-05,7.833478e-05,7.833478e-05,7.833478e-05,7.833478e-05,7.833478e-05,7.833478e-05,7.833478e-05,7.833478e-05,7.833478e-05,7.833478e-05,7.833478e-05,7.833478e-05,7.833478e-05,7.833478e-05,0.9730688,7.833478e-05,7.833478e-05,7.833478e-05,7.833478e-05,7.833478e-05,7.833478e-05,7.833478e-05,7.833478e-05,7.833478e-05,7.833478e-05,7.833478e-05,7.833478e-05,7.833478e-05,7.833478e-05,0.023797888,7.833478e-05,7.833478e-05,7.833478e-05
4.625155e-05,4.625155e-05,4.625155e-05,4.625155e-05,0.43950465,4.625155e-05,4.625155e-05,4.625155e-05,4.625155e-05,4.625155e-05,4.625155e-05,4.625155e-05,4.625155e-05,4.625155e-05,4.625155e-05,4.625155e-05,4.625155e-05,4.625155e-05,4.625155e-05,4.625155e-05,4.625155e-05,4.625155e-05,4.625155e-05,4.625155e-05,4.625155e-05,4.625155e-05,4.625155e-05,4.625155e-05,4.625155e-05,4.625155e-05,4.625155e-05,4.625155e-05,4.625155e-05,4.625155e-05,4.625155e-05,4.625155e-05,4.625155e-05,0.55864525,4.625155e-05,4.625155e-05,4.625155e-05,4.625155e-05
6.707463e-05,6.707463e-05,6.707463e-05,6.707463e-05,0.20531853,6.707463e-05,6.707463e-05,6.707463e-05,6.707463e-05,6.707463e-05,0.23806937,6.707463e-05,6.707463e-05,6.707463e-05,6.707463e-05,6.707463e-05,6.707463e-05,6.707463e-05,0.00044785874,6.707463e-05,6.707463e-05,6.707463e-05,6.707463e-05,0.26293758,6.707463e-05,6.707463e-05,6.707463e-05,6.707463e-05,6.707463e-05,6.707463e-05,6.707463e-05,6.707463e-05,6.707463e-05,6.707463e-05,6.707463e-05,6.707463e-05,0.26891184,6.707463e-05,6.707463e-05,6.707463e-05,6.707463e-05,0.021900132
6.862157e-05,6.862157e-05,6.862157e-05,6.862157e-05,6.862157e-05,6.862157e-05,6.862157e-05,6.862157e-05,6.862157e-05,6.862157e-05,6.862157e-05,6.862157e-05,6.862157e-05,6.862157e-05,6.862157e-05,6.862157e-05,6.862157e-05,6.862157e-05,6.862157e-05,6.862157e-05,6.862157e-05,6.862157e-05,0.13512105,0.3220729,6.862157e-05,6.862157e-05,6.862157e-05,6.862157e-05,6.862157e-05,6.862157e-05,6.862157e-05,6.862157e-05,6.862157e-05,6.862157e-05,6.862157e-05,6.862157e-05,8.177956e-05,6.862157e-05,0.5401166,6.862157e-05,6.862157e-05,6.862157e-05
6.671073e-05,6.671073e-05,6.671073e-05,6.671073e-05,6.671073e-05,6.671073e-05,6.671073e-05,6.671073e-05,6.671073e-05,6.671073e-05,6.671073e-05,6.671073e-05,6.671073e-05,6.671073e-05,6.671073e-05,6.671073e-05,6.671073e-05,6.671073e-05,6.671073e-05,6.671073e-05,6.671073e-05,6.671073e-05,0.8672431,0.07273627,6.671073e-05,6.671073e-05,6.671073e-05,6.671073e-05,6.671073e-05,6.671073e-05,6.671073e-05,6.671073e-05,6.671073e-05,6.671073e-05,6.671073e-05,6.671073e-05,6.671073e-05,0.057418905,6.671073e-05,6.671073e-05,6.671073e-05,6.671073e-05
7.441011e-05,7.441011e-05,7.441011e-05,7.441011e-05,0.08231748,7.441011e-05,7.441011e-05,7.441011e-05,7.441011e-05,7.441011e-05,7.441011e-05,7.441011e-05,7.441011e-05,7.441011e-05,7.441011e-05,7.441011e-05,7.441011e-05,0.053744484,7.441011e-05,7.441011e-05,7.441011e-05,7.441011e-05,7.441011e-05,0.86103606,7.441011e-05,7.441011e-05,7.441011e-05,7.441011e-05,7.441011e-05,7.441011e-05,7.441011e-05,7.441011e-05,7.441011e-05,7.441011e-05,7.441011e-05,7.441011e-05,7.441011e-05,7.441011e-05,7.441011e-05,7.441011e-05,7.441011e-05,7.441011e-05
4.5795976e-05,4.5795976e-05,4.5795976e-05,4.5795976e-05,4.5795976e-05,4.5795976e-05,4.5795976e-05,4.5795976e-05,4.5795976e-05,4.5795976e-05,4.5795976e-05,4.5795976e-05,4.5795976e-05,4.5795976e-05,4.5795976e-05,4.5795976e-05,4.5795976e-05,4.5795976e-05,4.5795976e-05,4.5795976e-05,4.5795976e-05,4.5795976e-05,4.5795976e-05,4.5795976e-05,4.5795976e-05,0.99812233,4.5795976e-05,4.5795976e-05,4.5795976e-05,4.5795976e-05,4.5795976e-05,4.5795976e-05,4.5795976e-05,4.5795976e-05,4.5795976e-05,4.5795976e-05,4.5795976e-05,4.5795976e-05,4.5795976e-05,4.5795976e-05,4.5795976e-05,4.5795976e-05
6.691359e-05,6.691359e-05,6.691359e-05,6.691359e-05,6.691359e-05,6.691359e-05,6.691359e-05,6.691359e-05,6.691359e-05,6.691359e-05,6.691359e-05,6.691359e-05,6.691359e-05,6.691359e-05,6.691359e-05,6.691359e-05,6.691359e-05,6.691359e-05,6.691359e-05,6.691359e-05,6.691359e-05,6.691359e-05,6.691359e-05,0.35013136,6.691359e-05,6.691359e-05,0.24673301,6.691359e-05,6.691359e-05,6.691359e-05,6.691359e-05,6.691359e-05,6.691359e-05,6.691359e-05,6.691359e-05,6.691359e-05,6.691359e-05,6.691359e-05,6.691359e-05,6.691359e-05,6.691359e-05,0.400526
6.3171e-05,6.3171e-05,6.3171e-05,6.3171e-05,6.3171e-05,6.3171e-05,6.3171e-05,6.3171e-05,6.3171e-05,6.3171e-05,6.3171e-05,6.3171e-05,6.3171e-05,6.3171e-05,6.3171e-05,6.3171e-05,6.3171e-05,6.3171e-05,6.3171e-05,6.3171e-05,6.3171e-05,6.3171e-05,6.3171e-05,0.073810674,6.3171e-05,6.3171e-05,6.3171e-05,6.3171e-05,6.3171e-05,6.3171e-05,6.3171e-05,6.3171e-05,6.3171e-05,6.3171e-05,6.3171e-05,6.3171e-05,0.16026005,6.3171e-05,6.3171e-05,6.3171e-05,6.3171e-05,0.7634656
1.6114018e-05,1.6114018e-05,1.6114018e-05,1.6114018e-05,1.6114018e-05,1.6114018e-05,1.6114018e-05,1.6114018e-05,1.6114018e-05,1.6114018e-05,1.6114018e-05,1.6114018e-05,1.6114018e-05,1.6114018e-05,1.6114018e-05,1.6114018e-05,1.6114018e-05,1.6114018e-05,1.6114018e-05,1.6114018e-05,1.6114018e-05,1.6114018e-05,1.6114018e-05,1.6114018e-05,1.6114018e-05,1.6114018e-05,1.6114018e-05,1.6114018e-05,1.6114018e-05,0.99933934,1.6114018e-05,1.6114018e-05,1.6114018e-05,1.6114018e-05,1.6114018e-05,1.6114018e-05,1.6114018e-05,1.6114018e-05,1.6114018e-05,1.6114018e-05,1.6114018e-05,1.6114018e-05
3.246395e-05,3.246395e-05,3.246395e-05,3.246395e-05,3.246395e-05,3.246395e-05,3.246395e-05,3.246395e-05,3.246395e-05,3.246395e-05,3.246395e-05,3.246395e-05,3.246395e-05,3.246395e-05,3.246395e-05,0.02374409,3.246395e-05,3.246395e-05,0.97495615,3.246395e-05,3.246395e-05,3.246395e-05,3.246395e-05,3.246395e-05,3.246395e-05,3.246395e-05,3.246395e-05,3.246395e-05,3.246395e-05,3.246395e-05,3.246395e-05,3.246395e-05,3.246395e-05,3.246395e-05,3.246395e-05,3.246395e-05,3.246395e-05,3.246395e-05,3.246395e-05,3.246395e-05,3.246395e-05,3.3606048e-05
2.6702846e-05,2.6702846e-05,2.6702846e-05,2.6702846e-05,0.007112297,2.6702846e-05,0.12269823,2.6702846e-05,2.6702846e-05,2.6702846e-05,2.6702846e-05,2.6702846e-05,2.6702846e-05,2.6702846e-05,2.6702846e-05,2.6702846e-05,2.6702846e-05,2.6702846e-05,2.6702846e-05,2.6702846e-05,2.6702846e-05,2.6702846e-05,2.6702846e-05,0.0039058605,2.6702846e-05,2.6702846e-05,2.6702846e-05,2.6702846e-05,0.16325182,2.6702846e-05,2.6702846e-05,2.6702846e-05,2.6702846e-05,2.6702846e-05,2.6702846e-05,2.6702846e-05,2.6702846e-05,0.0030427328,2.6702846e-05,2.6702846e-05,0.6990277,2.6702846e-05
3.543946e-05,3.543946e-05,3.543946e-05,3.543946e-05,3.543946e-05,3.543946e-05,3.543946e-05,3.543946e-05,3.543946e-05,3.543946e-05,3.543946e-05,0.040547054,3.543946e-05,3.543946e-05,3.543946e-05,3.543946e-05,3.543946e-05,3.543946e-05,3.543946e-05,3.543946e-05,3.543946e-05,3.543946e-05,3.543946e-05,3.543946e-05,3.543946e-05,3.543946e-05,3.543946e-05,3.543946e-05,3.543946e-05,0.010777781,3.543946e-05,3.543946e-05,3.543946e-05,3.543946e-05,3.543946e-05,3.543946e-05,0.94729304,3.543946e-05,3.543946e-05,3.543946e-05,3.543946e-05,3.543946e-05
4.103104e-05,4.103104e-05,4.103104e-05,4.103104e-05,4.103104e-05,4.103104e-05,4.103104e-05,4.103104e-05,4.103104e-05,4.103104e-05,4.103104e-05,4.103104e-05,4.103104e-05,4.103104e-05,4.103104e-05,4.103104e-05,4.103104e-05,4.103104e-05,4.103104e-05,4.103104e-05,4.103104e-05,4.103104e-05,4.103104e-05,4.103104e-05,4.103104e-05,4.103104e-05,4.103104e-05,4.103104e-05,4.103104e-05,4.103104e-05,4.103104e-05,4.103104e-05,4.103104e-05,4.103104e-05,4.103104e-05,4.103104e-05,4.103104e-05,0.38958678,0.6010551,4.103104e-05,4.103104e-05,0.0077579375
8.691746e-05,8.691746e-05,8.691746e-05,8.691746e-05,8.691746e-05,8.691746e-05,8.691746e-05,8.691746e-05,8.691746e-05,8.691746e-05,8.691746e-05,8.691746e-05,8.691746e-05,8.691746e-05,8.691746e-05,8.691746e-05,8.691746e-05,8.691746e-05,0.4301675,8.691746e-05,8.691746e-05,8.691746e-05,8.691746e-05,0.5042873,8.691746e-05,8.691746e-05,8.691746e-05,8.691746e-05,8.691746e-05,8.691746e-05,8.691746e-05,8.691746e-05,8.691746e-05,8.691746e-05,8.691746e-05,8.691746e-05,0.06215536,8.691746e-05,8.691746e-05,8.691746e-05,8.691746e-05,8.691746e-05
3.5393314e-05,3.5393314e-05,3.5393314e-05,3.5393314e-05,3.5393314e-05,3.5393314e-05,3.5393314e-05,3.5393314e-05,3.5393314e-05,3.5393314e-05,3.5393314e-05,3.5393314e-05,3.5393314e-05,3.5393314e-05,3.5393314e-05,3.5393314e-05,3.5393314e-05,3.5393314e-05,3.5393314e-05,3.5393314e-05,3.5393314e-05,3.5393314e-05,3.5393314e-05,3.5393314e-05,3.5393314e-05,0.043607634,3.5393314e-05,3.5393314e-05,3.5393314e-05,3.5393314e-05,0.01890482,3.5393314e-05,3.5393314e-05,3.5393314e-05,3.5393314e-05,3.5393314e-05,3.5393314e-05,0.93610716,3.5393314e-05,3.5393314e-05,3.5393314e-05,3.5393314e-05
6.745527e-05,6.745527e-05,6.745527e-05,6.745527e-05,6.745527e-05,6.745527e-05,6.745527e-05,6.745527e-05,6.745527e-05,6.745527e-05,6.745527e-05,6.745527e-05,6.745527e-05,6.745527e-05,6.745527e-05,6.745527e-05,6.745527e-05,6.745527e-05,0.12748453,6.745527e-05,6.745527e-05,6.745527e-05,6.745527e-05,0.86981726,6.745527e-05,6.745527e-05,6.745527e-05,6.745527e-05,6.745527e-05,6.745527e-05,6.745527e-05,6.745527e-05,6.745527e-05,6.745527e-05,6.745527e-05,6.745527e-05,6.745527e-05,6.745527e-05,6.745527e-05,6.745527e-05,6.745527e-05,6.745527e-05
7.990147e-05,7.990147e-05,7.990147e-05,7.990147e-05,0.0107274465,7.990147e-05,7.990147e-05,7.990147e-05,7.990147e-05,7.990147e-05,7.990147e-05,7.990147e-05,7.990147e-05,7.990147e-05,7.990147e-05,7.990147e-05,7.990147e-05,7.990147e-05,7.990147e-05,7.990147e-05,7.990147e-05,7.990147e-05,7.990147e-05,0.97106177,7.990147e-05,7.990147e-05,7.990147e-05,7.990147e-05,7.990147e-05,7.990147e-05,7.990147e-05,7.990147e-05,7.990147e-05,7.990147e-05,7.990147e-05,7.990147e-05,0.0150946425,7.990147e-05,7.990147e-05,7.990147e-05,7.990147e-05,7.990147e-05
4.7835954e-05,4.7835954e-05,4.7835954e-05,4.7835954e-05,4.7835954e-05,4.7835954e-05,4.7835954e-05,4.7835954e-05,4.7835954e-05,4.7835954e-05,4.7835954e-05,4.7835954e-05,4.7835954e-05,4.7835954e-05,4.7835954e-05,4.7835954e-05,4.7835954e-05,4.7835954e-05,4.7835954e-05,4.7835954e-05,4.7835954e-05,4.7835954e-05,0.123576045,4.7835954e-05,4.7835954e-05,4.7835954e-05,4.7835954e-05,4.7835954e-05,4.7835954e-05,4.7835954e-05,4.7835954e-05,4.7835954e-05,4.7835954e-05,4.7835954e-05,4.7835954e-05,4.7835954e-05,4.7835954e-05,4.7835954e-05,4.7835954e-05,4.7835954e-05,4.7835954e-05,0.8745105
8.7545435e-05,8.7545435e-05,8.7545435e-05,8.7545435e-05,8.7545435e-05,8.7545435e-05,8.7545435e-05,8.7545435e-05,8.7545435e-05,8.7545435e-05,8.7545435e-05,8.7545435e-05,8.7545435e-05,8.7545435e-05,8.7545435e-05,8.7545435e-05,8.7545435e-05,8.7545435e-05,8.7545435e-05,8.7545435e-05,8.7545435e-05,8.7545435e-05,8.7545435e-05,0.9964106,8.7545435e-05,8.7545435e-05,8.7545435e-05,8.7545435e-05,8.7545435e-05,8.7545435e-05,8.7545435e-05,8.7545435e-05,8.7545435e-05,8.7545435e-05,8.7545435e-05,8.7545435e-05,8.7545435e-05,8.7545435e-05,8.7545435e-05,8.7545435e-05,8.7545435e-05,8.7545435e-05
2.0667649e-05,2.0667649e-05,2.0667649e-05,2.0667649e-05,2.0667649e-05,2.0667649e-05,2.0667649e-05,2.0667649e-05,0.5181181,2.0667649e-05,2.0667649e-05,2.0667649e-05,2.0667649e-05,2.0667649e-05,2.0667649e-05,2.0667649e-05,2.0667649e-05,2.0667649e-05,2.0667649e-05,2.0667649e-05,2.0667649e-05,2.0667649e-05,2.0667649e-05,0.02729428,2.0667649e-05,2.8678696e-05,2.0667649e-05,2.0667649e-05,2.0667649e-05,2.0667649e-05,2.0667649e-05,2.0667649e-05,2.0667649e-05,2.0667649e-05,0.27638033,2.0667649e-05,2.0667649e-05,0.11726116,2.0667649e-05,2.0667649e-05,2.0667649e-05,0.06017347
4.0086452e-05,4.0086452e-05,4.0086452e-05,0.19745901,0.0020606867,4.0086452e-05,4.0086452e-05,4.0086452e-05,4.0086452e-05,4.0086452e-05,4.0086452e-05,4.0086452e-05,4.0086452e-05,4.0086452e-05,4.0086452e-05,4.0086452e-05,4.0086452e-05,4.0086452e-05,4.0086452e-05,4.0086452e-05,4.0086452e-05,4.0086452e-05,4.0086452e-05,0.2283409,4.0086452e-05,4.0086452e-05,4.0086452e-05,4.0086452e-05,4.0086452e-05,0.3994374,4.0086452e-05,4.0086452e-05,4.0086452e-05,4.0086452e-05,4.0086452e-05,4.0086452e-05,4.0086452e-05,0.17121749,4.0086452e-05,4.0086452e-05,4.0086452e-05,4.1398045e-05
8.5046915e-05,8.5046915e-05,8.5046915e-05,8.5046915e-05,8.5046915e-05,8.5046915e-05,8.5046915e-05,8.5046915e-05,8.5046915e-05,8.5046915e-05,8.5046915e-05,8.5046915e-05,8.5046915e-05,8.5046915e-05,8.5046915e-05,8.5046915e-05,8.5046915e-05,8.5046915e-05,0.03405235,8.5046915e-05,8.5046915e-05,8.5046915e-05,8.5046915e-05,0.6795027,8.5046915e-05,8.5046915e-05,8.5046915e-05,8.5046915e-05,8.5046915e-05,8.5046915e-05,8.5046915e-05,8.5046915e-05,8.5046915e-05,8.5046915e-05,8.5046915e-05,8.5046915e-05,0.28312805,8.5046915e-05,8.5046915e-05,8.5046915e-05,8.5046915e-05,8.5046915e-05
6.651108e-05,6.651108e-05,6.651108e-05,6.651108e-05,6.651108e-05,6.651108e-05,6.651108e-05,6.651108e-05,6.651108e-05,6.651108e-05,6.651108e-05,6.651108e-05,6.651108e-05,6.651108e-05,6.651108e-05,6.651108e-05,6.651108e-05,6.651108e-05,6.651108e-05,6.651108e-05,6.651108e-05,6.651108e-05,6.651108e-05,0.4616774,6.651108e-05,6.651108e-05,0.5029537,6.651108e-05,6.651108e-05,6.651108e-05,6.651108e-05,6.651108e-05,6.651108e-05,6.651108e-05,6.651108e-05,6.651108e-05,6.651108e-05,6.651108e-05,6.651108e-05,6.651108e-05,6.651108e-05,0.03277493
8.296746e-05,8.296746e-05,8.296746e-05,8.296746e-05,0.10618528,8.296746e-05,8.296746e-05,8.296746e-05,8.296746e-05,8.296746e-05,0.13538496,8.296746e-05,8.296746e-05,8.296746e-05,8.296746e-05,8.296746e-05,8.296746e-05,8.296746e-05,8.296746e-05,8.296746e-05,8.296746e-05,8.296746e-05,8.296746e-05,0.5942381,8.296746e-05,8.296746e-05,8.296746e-05,8.296746e-05,8.296746e-05,8.296746e-05,8.296746e-05,8.296746e-05,8.296746e-05,8.296746e-05,8.296746e-05,8.296746e-05,8.296746e-05,0.16103882,8.296746e-05,8.296746e-05,8.296746e-05,8.296746e-05
5.211891e-05,5.211891e-05,5.211891e-05,5.211891e-05,5.211891e-05,5.211891e-05,5.211891e-05,5.211891e-05,5.211891e-05,5.211891e-05,5.211891e-05,5.211891e-05,5.211891e-05,5.211891e-05,5.211891e-05,5.211891e-05,5.211891e-05,5.211891e-05,5.211891e-05,5.211891e-05,5.211891e-05,5.211891e-05,5.211891e-05,0.024282904,5.211891e-05,5.211891e-05,5.211891e-05,5.211891e-05,5.211891e-05,5.211891e-05,0.15420091,5.211891e-05,5.211891e-05,5.211891e-05,5.211891e-05,5.211891e-05,5.211891e-05,0.8194835,5.211891e-05,5.211891e-05,5.211891e-05,5.211891e-05
1.1291536e-05,1.1291536e-05,1.1291536e-05,1.1291536e-05,1.1291536e-05,1.1291536e-05,1.1291536e-05,1.1291536e-05,1.1291536e-05,1.1291536e-05,1.1291536e-05,1.1291536e-05,1.1291536e-05,1.1291536e-05,1.1291536e-05,1.1291536e-05,0.747091,0.0852795,1.1291536e-05,1.1291536e-05,1.1291536e-05,1.1291536e-05,1.1291536e-05,0.01141693,1.1291536e-05,1.1291536e-05,1.1291536e-05,1.1291536e-05,1.1291536e-05,0.051764965,1.1291536e-05,1.1291536e-05,1.1291536e-05,1.1291536e-05,1.1291536e-05,1.1291536e-05,1.1291536e-05,0.06689048,0.037150618,1.1291536e-05,1.1291536e-05,1.1291536e-05
2.9914016e-05,2.9914016e-05,2.9914016e-05,2.9914016e-05,2.9914016e-05,2.9914016e-05,2.9914016e-05,2.9914016e-05,2.9914016e-05,2.9914016e-05,2.9914016e-05,2.9914016e-05,2.9914016e-05,2.9914016e-05,2.9914016e-05,2.9914016e-05,2.9914016e-05,0.28490743,2.9914016e-05,2.9914016e-05,2.9914016e-05,2.9914016e-05,2.9914016e-05,0.001475284,2.9914016e-05,2.9914016e-05,2.9914016e-05,2.9914016e-05,2.9914016e-05,0.7124506,2.9914016e-05,2.9914016e-05,2.9914016e-05,2.9914016e-05,2.9914016e-05,2.9914016e-05,2.9914016e-05,2.9914016e-05,2.9914016e-05,2.9914016e-05,2.9914016e-05,2.9914016e-05
4.0649233e-05,4.0649233e-05,4.0649233e-05,4.0649233e-05,4.0649233e-05,4.0649233e-05,4.0649233e-05,0.0006195226,4.0649233e-05,4.0649233e-05,4.0649233e-05,4.0649233e-05,4.0649233e-05,4.0649233e-05,4.0649233e-05,4.0649233e-05,4.0649233e-05,0.37076443,4.0649233e-05,4.0649233e-05,4.0649233e-05,4.0649233e-05,0.08863859,4.0649233e-05,4.0649233e-05,4.0649233e-05,4.0649233e-05,4.0649233e-05,4.0649233e-05,4.0649233e-05,4.0649233e-05,4.0649233e-05,4.0649233e-05,4.0649233e-05,4.0649233e-05,4.0649233e-05,4.0649233e-05,0.5384328,4.0649233e-05,4.0649233e-05,4.0649233e-05,4.0649233e-05
2.384797e-05,2.384797e-05,2.384797e-05,2.384797e-05,2.384797e-05,0.077820316,0.0006781976,2.384797e-05,2.384797e-05,2.384797e-05,2.384797e-05,2.384797e-05,2.384797e-05,2.384797e-05,0.0009787176,2.384797e-05,2.384797e-05,0.33997998,2.384797e-05,2.384797e-05,2.384797e-05,2.384797e-05,2.384797e-05,0.45912498,2.384797e-05,2.384797e-05,2.384797e-05,2.384797e-05,2.384797e-05,0.011418904,2.384797e-05,0.09045863,2.384797e-05,2.384797e-05,2.384797e-05,2.384797e-05,2.384797e-05,2.384797e-05,2.384797e-05,2.384797e-05,2.384797e-05,0.018729422
0.5514862,6.7466965e-05,6.7466965e-05,6.7466965e-05,6.7466965e-05,6.7466965e-05,6.7466965e-05,6.7466965e-05,6.7466965e-05,6.7466965e-05,6.7466965e-05,6.7466965e-05,6.7466965e-05,6.7466965e-05,6.7466965e-05,6.7466965e-05,6.7466965e-05,6.7466965e-05,6.7466965e-05,6.7466965e-05,6.7466965e-05,6.7466965e-05,0.23129015,0.21459252,6.7466965e-05,6.7466965e-05,6.7466965e-05,6.7466965e-05,6.7466965e-05,6.7466965e-05,6.7466965e-05,6.7466965e-05,6.7466965e-05,6.7466965e-05,6.7466965e-05,6.7466965e-05,6.7466965e-05,6.7466965e-05,6.7466965e-05,6.7466965e-05,6.7466965e-05,6.7466965e-05
2.7751537e-05,2.7751537e-05,2.7751537e-05,2.7751537e-05,2.7751537e-05,2.7751537e-05,2.7751537e-05,2.7751537e-05,2.7751537e-05,2.7751537e-05,2.7751537e-05,2.7751537e-05,2.7751537e-05,2.7751537e-05,2.7751537e-05,2.7751537e-05,2.7751537e-05,2.7751537e-05,0.002735284,2.7751537e-05,0.0026106227,2.7751537e-05,2.7751537e-05,2.7751537e-05,2.7751537e-05,2.7751537e-05,2.7751537e-05,2.7751537e-05,2.7751537e-05,2.7751537e-05,2.7751537e-05,0.936821,2.7751537e-05,2.7751537e-05,2.7751537e-05,2.7751537e-05,2.7751537e-05,2.7751537e-05,2.7751537e-05,2.7751537e-05,2.7751537e-05,0.056778546
7.1962844e-05,7.1962844e-05,7.1962844e-05,7.1962844e-05,7.1962844e-05,7.1962844e-05,7.1962844e-05,7.1962844e-05,7.1962844e-05,7.1962844e-05,7.1962844e-05,7.1962844e-05,7.1962844e-05,7.1962844e-05,7.1962844e-05,7.1962844e-05,7.1962844e-05,7.1962844e-05,7.1962844e-05,7.1962844e-05,7.1962844e-05,7.1962844e-05,7.1962844e-05,0.6064617,7.1962844e-05,7.1962844e-05,7.1962844e-05,7.1962844e-05,7.1962844e-05,7.1962844e-05,7.1962844e-05,7.1962844e-05,7.1962844e-05,7.1962844e-05,7.1962844e-05,7.1962844e-05,7.1962844e-05,7.1962844e-05,7.1962844e-05,7.1962844e-05,7.1962844e-05,0.39065975
8.595962e-05,8.595962e-05,8.595962e-05,8.595962e-05,8.595962e-05,8.595962e-05,8.595962e-05,8.595962e-05,8.595962e-05,8.595962e-05,8.595962e-05,8.595962e-05,8.595962e-05,8.595962e-05,8.595962e-05,8.595962e-05,8.595962e-05,8.595962e-05,8.595962e-05,8.595962e-05,8.595962e-05,8.595962e-05,8.595962e-05,0.99647564,8.595962e-05,8.595962e-05,8.595962e-05,8.595962e-05,8.595962e-05,8.595962e-05,8.595962e-05,8.595962e-05,8.595962e-05,8.595962e-05,8.595962e-05,8.595962e-05,8.595962e-05,8.595962e-05,8.595962e-05,8.595962e-05,8.595962e-05,8.595962e-05
8.098885e-05,8.098885e-05,8.098885e-05,8.098885e-05,8.098885e-05,8.098885e-05,8.098885e-05,8.098885e-05,8.098885e-05,8.098885e-05,8.098885e-05,8.098885e-05,8.098885e-05,8.098885e-05,8.098885e-05,8.098885e-05,8.098885e-05,8.098885e-05,8.098885e-05,8.098885e-05,8.098885e-05,8.098885e-05,8.098885e-05,0.9966794,8.098885e-05,8.098885e-05,8.098885e-05,8.098885e-05,8.098885e-05,8.098885e-05,8.098885e-05,8.098885e-05,8.098885e-05,8.098885e-05,8.098885e-05,8.098885e-05,8.098885e-05,8.098885e-05,8.098885e-05,8.098885e-05,8.098885e-05,8.098885e-05
5.3031035e-05,5.3031035e-05,5.3031035e-05,5.3031035e-05,5.3031035e-05,5.3031035e-05,5.3031035e-05,5.3031035e-05,5.3031035e-05,5.3031035e-05,5.3031035e-05,5.3031035e-05,5.3031035e-05,5.3031035e-05,5.3031035e-05,5.3031035e-05,5.3031035e-05,5.3031035e-05,5.3031035e-05,5.3031035e-05,5.3031035e-05,5.3031035e-05,5.3031035e-05,5.3031035e-05,5.3031035e-05,5.3031035e-05,5.3031035e-05,5.3031035e-05,0.99782574,5.3031035e-05,5.3031035e-05,5.3031035e-05,5.3031035e-05,5.3031035e-05,5.3031035e-05,5.3031035e-05,5.3031035e-05,5.3031035e-05,5.3031035e-05,5.3031035e-05,5.3031035e-05,5.3031035e-05
3.316576e-05,3.316576e-05,3.316576e-05,3.316576e-05,3.316576e-05,3.316576e-05,3.316576e-05,0.7070281,3.316576e-05,3.316576e-05,3.316576e-05,3.316576e-05,3.316576e-05,0.29164532,3.316576e-05,3.316576e-05,3.316576e-05,3.316576e-05,3.316576e-05,3.316576e-05,3.316576e-05,3.316576e-05,3.316576e-05,3.316576e-05,3.316576e-05,3.316576e-05,3.316576e-05,3.316576e-05,3.316576e-05,3.316576e-05,3.316576e-05,3.316576e-05,3.316576e-05,3.316576e-05,3.316576e-05,3.316576e-05,3.316576e-05,3.316576e-05,3.316576e-05,3.316576e-05,3.316576e-05,3.316576e-05
6.0904324e-05,6.0904324e-05,6.0904324e-05,6.0904324e-05,6.0904324e-05,6.0904324e-05,6.0904324e-05,6.0904324e-05,6.0904324e-05,6.0904324e-05,6.0904324e-05,6.0904324e-05,6.0904324e-05,6.0904324e-05,0.11035353,6.0904324e-05,6.0904324e-05,6.0904324e-05,6.0904324e-05,6.0904324e-05,6.0904324e-05,6.0904324e-05,6.0904324e-05,0.12284892,6.0904324e-05,6.0904324e-05,6.0904324e-05,6.0904324e-05,0.7644223,6.0904324e-05,6.0904324e-05,6.0904324e-05,6.0904324e-05,6.0904324e-05,6.0904324e-05,6.0904324e-05,6.0904324e-05,6.0904324e-05,6.0904324e-05,6.0904324e-05,6.0904324e-05,6.0904324e-05
7.331083e-05,7.331083e-05,7.331083e-05,7.331083e-05,7.331083e-05,7.331083e-05,7.331083e-05,7.331083e-05,7.331083e-05,7.331083e-05,7.331083e-05,7.331083e-05,7.331083e-05,7.331083e-05,7.331083e-05,7.331083e-05,7.331083e-05,7.331083e-05,0.052532766,7.331083e-05,7.331083e-05,7.331083e-05,7.331083e-05,0.18549688,7.331083e-05,7.331083e-05,7.331083e-05,0.47124398,7.331083e-05,7.331083e-05,7.331083e-05,7.331083e-05,7.331083e-05,7.331083e-05,7.331083e-05,7.331083e-05,0.050499946,0.23751391,7.331083e-05,7.331083e-05,7.331083e-05,7.331083e-05
5.31515e-05,5.31515e-05,5.31515e-05,5.31515e-05,5.31515e-05,5.31515e-05,5.31515e-05,5.31515e-05,5.31515e-05,5.31515e-05,5.31515e-05,5.31515e-05,5.31515e-05,5.31515e-05,5.31515e-05,5.31515e-05,5.31515e-05,5.31515e-05,0.0002707599,5.31515e-05,5.31515e-05,5.31515e-05,5.31515e-05,5.31515e-05,5.31515e-05,5.31515e-05,5.31515e-05,5.31515e-05,5.31515e-05,5.31515e-05,5.31515e-05,5.31515e-05,5.31515e-05,5.31515e-05,5.31515e-05,5.31515e-05,5.31515e-05,5.31515e-05,0.8026398,5.31515e-05,5.31515e-05,0.19501656
9.375205e-05,9.375205e-05,9.375205e-05,9.375205e-05,9.375205e-05,9.375205e-05,9.375205e-05,9.375205e-05,9.375205e-05,9.375205e-05,9.375205e-05,9.375205e-05,9.375205e-05,9.375205e-05,9.375205e-05,9.375205e-05,9.375205e-05,9.375205e-05,9.375205e-05,9.375205e-05,9.375205e-05,9.375205e-05,9.375205e-05,0.98330295,9.375205e-05,9.375205e-05,9.375205e-05,9.375205e-05,9.375205e-05,9.375205e-05,9.375205e-05,9.375205e-05,9.375205e-05,9.375205e-05,9.375205e-05,9.375205e-05,0.012946959,9.375205e-05,9.375205e-05,9.375205e-05,9.375205e-05,9.375205e-05
6.882153e-05,6.882153e-05,6.882153e-05,6.882153e-05,6.882153e-05,6.882153e-05,6.882153e-05,6.882153e-05,6.882153e-05,6.882153e-05,6.882153e-05,6.882153e-05,6.882153e-05,6.882153e-05,6.882153e-05,6.882153e-05,6.882153e-05,6.882153e-05,6.882153e-05,6.882153e-05,6.882153e-05,6.882153e-05,6.882153e-05,0.9971783,6.882153e-05,6.882153e-05,6.882153e-05,6.882153e-05,6.882153e-05,6.882153e-05,6.882153e-05,6.882153e-05,6.882153e-05,6.882153e-05,6.882153e-05,6.882153e-05,6.882153e-05,6.882153e-05,6.882153e-05,6.882153e-05,6.882153e-05,6.882153e-05
4.8108897e-05,4.8108897e-05,4.8108897e-05,4.8108897e-05,4.8108897e-05,4.8108897e-05,4.8108897e-05,4.8108897e-05,4.8108897e-05,0.6336774,4.8108897e-05,4.8108897e-05,4.8108897e-05,4.8108897e-05,4.8108897e-05,4.8108897e-05,4.8108897e-05,4.8108897e-05,4.8108897e-05,4.8108897e-05,4.8108897e-05,4.8108897e-05,4.8108897e-05,0.10699254,4.8108897e-05,4.8108897e-05,4.8108897e-05,4.8108897e-05,4.8108897e-05,4.8108897e-05,4.8108897e-05,0.25745377,4.8108897e-05,4.8108897e-05,4.8108897e-05,4.8108897e-05,4.8108897e-05,4.8108897e-05,4.8108897e-05,4.8108897e-05,4.8108897e-05,4.8108897e-05
6.8819114e-05,6.8819114e-05,6.8819114e-05,6.8819114e-05,6.8819114e-05,6.8819114e-05,6.8819114e-05,6.8819114e-05,6.8819114e-05,6.8819114e-05,6.8819114e-05,6.8819114e-05,6.8819114e-05,6.8819114e-05,6.8819114e-05,6.8819114e-05,6.8819114e-05,6.8819114e-05,6.8819114e-05,6.8819114e-05,6.8819114e-05,6.8819114e-05,6.8819114e-05,0.9971784,6.8819114e-05,6.8819114e-05,6.8819114e-05,6.8819114e-05,6.8819114e-05,6.8819114e-05,6.8819114e-05,6.8819114e-05,6.8819114e-05,6.8819114e-05,6.8819114e-05,6.8819114e-05,6.8819114e-05,6.8819114e-05,6.8819114e-05,6.8819114e-05,6.8819114e-05,6.8819114e-05
4.60552e-05,4.60552e-05,4.60552e-05,4.60552e-05,4.60552e-05,4.60552e-05,4.60552e-05,4.60552e-05,4.60552e-05,4.60552e-05,0.94127285,4.60552e-05,4.60552e-05,4.60552e-05,4.60552e-05,4.60552e-05,4.60552e-05,4.60552e-05,4.60552e-05,4.60552e-05,4.60552e-05,4.60552e-05,4.60552e-05,4.60552e-05,4.60552e-05,4.60552e-05,0.008296165,4.60552e-05,4.60552e-05,4.60552e-05,4.60552e-05,4.60552e-05,4.60552e-05,4.60552e-05,4.60552e-05,4.60552e-05,0.042717278,4.60552e-05,4.60552e-05,4.60552e-05,4.60552e-05,0.005963538
6.65108e-05,6.65108e-05,6.65108e-05,6.65108e-05,0.007839444,6.65108e-05,6.65108e-05,6.65108e-05,6.65108e-05,6.65108e-05,0.17028172,6.65108e-05,6.65108e-05,6.65108e-05,6.65108e-05,6.65108e-05,6.65108e-05,6.65108e-05,6.65108e-05,6.65108e-05,6.65108e-05,6.65108e-05,6.65108e-05,0.41957122,6.65108e-05,6.65108e-05,6.65108e-05,6.65108e-05,6.65108e-05,6.65108e-05,6.65108e-05,6.65108e-05,6.65108e-05,6.65108e-05,6.65108e-05,6.65108e-05,0.3997802,6.65108e-05,6.65108e-05,6.65108e-05,6.65108e-05,6.65108e-05
9.158449e-05,9.158449e-05,9.158449e-05,9.158449e-05,9.158449e-05,9.158449e-05,9.158449e-05,9.158449e-05,9.158449e-05,9.158449e-05,9.158449e-05,9.158449e-05,9.158449e-05,9.158449e-05,9.158449e-05,9.158449e-05,9.158449e-05,9.158449e-05,9.158449e-05,9.158449e-05,9.158449e-05,9.158449e-05,9.158449e-05,0.996245,9.158449e-05,9.158449e-05,9.158449e-05,9.158449e-05,9.158449e-05,9.158449e-05,9.158449e-05,9.158449e-05,9.158449e-05,9.158449e-05,9.158449e-05,9.158449e-05,9.158449e-05,9.158449e-05,9.158449e-05,9.158449e-05,9.158449e-05,9.158449e-05
1.673966e-05,1.673966e-05,1.673966e-05,0.39222425,1.673966e-05,1.673966e-05,1.673966e-05,1.673966e-05,1.673966e-05,1.673966e-05,1.673966e-05,1.673966e-05,1.673966e-05,1.673966e-05,1.673966e-05,1.673966e-05,1.673966e-05,1.673966e-05,1.673966e-05,1.673966e-05,1.673966e-05,1.673966e-05,1.673966e-05,1.673966e-05,1.673966e-05,1.673966e-05,1.673966e-05,1.673966e-05,1.673966e-05,0.60710615,1.673966e-05,1.673966e-05,1.673966e-05,1.673966e-05,1.673966e-05,1.673966e-05,1.673966e-05,1.673966e-05,1.673966e-05,1.673966e-05,1.673966e-05,1.673966e-05
8.4156374e-05,8.4156374e-05,8.4156374e-05,8.4156374e-05,8.4156374e-05,8.4156374e-05,8.4156374e-05,8.4156374e-05,8.4156374e-05,8.4156374e-05,8.4156374e-05,8.4156374e-05,8.4156374e-05,8.4156374e-05,8.4156374e-05,8.4156374e-05,8.4156374e-05,8.4156374e-05,8.4156374e-05,8.4156374e-05,8.4156374e-05,8.4156374e-05,8.4156374e-05,0.99654955,8.4156374e-05,8.4156374e-05,8.4156374e-05,8.4156374e-05,8.4156374e-05,8.4156374e-05,8.4156374e-05,8.4156374e-05,8.4156374e-05,8.4156374e-05,8.4156374e-05,8.4156374e-05,8.4156374e-05,8.4156374e-05,8.4156374e-05,8.4156374e-05,8.4156374e-05,8.4156374e-05
6.808068e-05,6.808068e-05,6.808068e-05,6.808068e-05,6.808068e-05,6.808068e-05,6.808068e-05,6.808068e-05,6.808068e-05,6.808068e-05,6.808068e-05,6.808068e-05,6.808068e-05,6.808068e-05,6.808068e-05,6.808068e-05,6.808068e-05,6.808068e-05,6.808068e-05,6.808068e-05,6.808068e-05,6.808068e-05,6.808068e-05,0.99720865,6.808068e-05,6.808068e-05,6.808068e-05,6.808068e-05,6.808068e-05,6.808068e-05,6.808068e-05,6.808068e-05,6.808068e-05,6.808068e-05,6.808068e-05,6.808068e-05,6.808068e-05,6.808068e-05,6.808068e-05,6.808068e-05,6.808068e-05,6.808068e-05
5.3274976e-05,5.3274976e-05,5.3274976e-05,5.3274976e-05,0.38255063,5.3274976e-05,0.06060543,5.3274976e-05,5.3274976e-05,5.3274976e-05,5.3274976e-05,5.3274976e-05,5.3274976e-05,5.3274976e-05,5.3274976e-05,5.3274976e-05,5.3274976e-05,5.3274976e-05,5.3274976e-05,5.3274976e-05,5.3274976e-05,5.3274976e-05,5.3274976e-05,0.4509347,5.3274976e-05,5.3274976e-05,5.3274976e-05,5.3274976e-05,5.3274976e-05,5.3274976e-05,5.3274976e-05,5.3274976e-05,5.3274976e-05,5.3274976e-05,5.3274976e-05,0.10388478,5.3274976e-05,5.3274976e-05,5.3274976e-05,5.3274976e-05,5.3274976e-05,5.3274976e-05
5.937781e-05,5.937781e-05,5.937781e-05,5.937781e-05,5.937781e-05,5.937781e-05,0.9975655,5.937781e-05,5.937781e-05,5.937781e-05,5.937781e-05,5.937781e-05,5.937781e-05,5.937781e-05,5.937781e-05,5.937781e-05,5.937781e-05,5.937781e-05,5.937781e-05,5.937781e-05,5.937781e-05,5.937781e-05,5.937781e-05,5.937781e-05,5.937781e-05,5.937781e-05,5.937781e-05,5.937781e-05,5.937781e-05,5.937781e-05,5.937781e-05,5.937781e-05,5.937781e-05,5.937781e-05,5.937781e-05,5.937781e-05,5.937781e-05,5.937781e-05,5.937781e-05,5.937781e-05,5.937781e-05,5.937781e-05
6.2494706e-05,6.2494706e-05,6.2494706e-05,6.2494706e-05,6.2494706e-05,6.2494706e-05,0.9974377,6.2494706e-05,6.2494706e-05,6.2494706e-05,6.2494706e-05,6.2494706e-05,6.2494706e-05,6.2494706e-05,6.2494706e-05,6.2494706e-05,6.2494706e-05,6.2494706e-05,6.2494706e-05,6.2494706e-05,6.2494706e-05,6.2494706e-05,6.2494706e-05,6.2494706e-05,6.2494706e-05,6.2494706e-05,6.2494706e-05,6.2494706e-05,6.2494706e-05,6.2494706e-05,6.2494706e-05,6.2494706e-05,6.2494706e-05,6.2494706e-05,6.2494706e-05,6.2494706e-05,6.2494706e-05,6.2494706e-05,6.2494706e-05,6.2494706e-05,6.2494706e-05,6.2494706e-05
6.1057195e-05,6.1057195e-05,6.1057195e-05,6.1057195e-05,6.1057195e-05,6.1057195e-05,0.07767619,6.1057195e-05,6.1057195e-05,6.1057195e-05,6.1057195e-05,6.1057195e-05,6.1057195e-05,6.1057195e-05,6.1057195e-05,6.1057195e-05,6.1057195e-05,6.1057195e-05,0.04346215,6.1057195e-05,6.1057195e-05,6.1057195e-05,6.1057195e-05,0.71745753,6.1057195e-05,6.1057195e-05,6.1057195e-05,6.1057195e-05,6.1057195e-05,6.1057195e-05,6.1057195e-05,0.11557458,6.1057195e-05,6.1057195e-05,6.1057195e-05,6.1057195e-05,6.1057195e-05,6.1057195e-05,6.1057195e-05,6.1057195e-05,6.1057195e-05,0.043570414
