0.00016129392,0.00016129392,0.00016129392,0.00016129392,0.00016129392,0.00016129392,0.00016129392,0.00016129392,0.00016129392,0.00016129392,0.00016129392,0.00016129392,0.00016129392,0.00016129392,0.00016129392,0.00016129392,0.00016129392,0.00016129392,0.00016129392,0.00016129392,0.00016129392,0.00016129392,0.00016129392,0.00016129392,0.00016129392,0.00016129392,0.00016129392,0.00016129392,0.00016129392,0.00016129392,0.00016129392,0.00016129392,0.00016129392,0.00016129392,0.00016129392,0.00016129392,0.00016129392,0.00016129392,0.00016129392,0.00016129392,0.00016129392,0.00016129392,0.00016129392,0.00016129392,0.00016129392,0.00016129392,0.9357752,0.00016129392,0.00016129392,0.05648267
0.00014388734,0.00014388734,0.00014388734,0.00014388734,0.00014388734,0.00014388734,0.00014388734,0.00014388734,0.00014388734,0.00014388734,0.00014388734,0.00014388734,0.00014388734,0.00014388734,0.00014388734,0.00014388734,0.00014388734,0.00014388734,0.00014388734,0.00014388734,0.00014388734,0.00014388734,0.00014388734,0.00014388734,0.00014388734,0.00014388734,0.00014388734,0.00014388734,0.00014388734,0.00014388734,0.00014388734,0.00014388734,0.00014388734,0.00014388734,0.00014388734,0.00014388734,0.00014388734,0.00014388734,0.00014388734,0.00014388734,0.00014388734,0.00014388734,0.00014388734,0.00014388734,0.00014388734,0.00014388734,0.00014388734,0.00014388734,0.00014388734,0.99294955
0.00050002197,0.00050002197,0.00050002197,0.00050002197,0.00050002197,0.00050002197,0.00050002197,0.00050002197,0.00050002197,0.00050002197,0.00050002197,0.00050002197,0.00050002197,0.00050002197,0.00050002197,0.00050002197,0.00050002197,0.00050002197,0.00050002197,0.00050002197,0.00050002197,0.00050002197,0.00050002197,0.00050002197,0.00050002197,0.00050002197,0.00050002197,0.00050002197,0.00050002197,0.00050002197,0.00050002197,0.00050002197,0.00050002197,0.00050002197,0.00050002197,0.00050002197,0.00050002197,0.00050002197,0.00050002197,0.00050002197,0.00050002197,0.00050002197,0.00050002197,0.00050002197,0.00050002197,0.00050002197,0.5022154,0.00050002197,0.00050002197,0.47378358
2.1099277e-05,2.1099277e-05,2.1099277e-05,2.1099277e-05,2.1099277e-05,2.1099277e-05,2.1099277e-05,2.1099277e-05,2.1099277e-05,0.47343013,2.1099277e-05,2.1099277e-05,2.1099277e-05,2.1099277e-05,2.1099277e-05,2.1099277e-05,0.23168424,2.1099277e-05,2.1099277e-05,2.1099277e-05,2.1099277e-05,2.1099277e-05,2.1099277e-05,2.1099277e-05,2.1099277e-05,2.1099277e-05,2.1099277e-05,2.1099277e-05,0.047926616,2.1099277e-05,2.1099277e-05,2.1099277e-05,2.1099277e-05,2.1099277e-05,2.1099277e-05,2.1099277e-05,2.1099277e-05,0.24440235,2.1099277e-05,2.1099277e-05,2.1099277e-05,2.1099277e-05,2.1099277e-05,2.1099277e-05,2.1099277e-05,2.1099277e-05,2.1099277e-05,2.1099277e-05,0.001607208,2.1099277e-05
5.4796637e-05,5.4796637e-05,5.4796637e-05,5.4796637e-05,5.4796637e-05,5.4796637e-05,5.4796637e-05,5.4796637e-05,5.4796637e-05,5.4796637e-05,5.4796637e-05,5.4796637e-05,5.4796637e-05,5.4796637e-05,5.4796637e-05,5.4796637e-05,5.4796637e-05,5.4796637e-05,5.4796637e-05,5.4796637e-05,5.4796637e-05,5.4796637e-05,5.4796637e-05,5.4796637e-05,5.4796637e-05,5.4796637e-05,5.4796637e-05,5.4796637e-05,0.9486651,5.4796637e-05,5.4796637e-05,5.4796637e-05,5.4796637e-05,5.4796637e-05,5.4796637e-05,5.4796637e-05,5.4796637e-05,0.04556184,5.4796637e-05,5.4796637e-05,5.4796637e-05,5.4796637e-05,5.4796637e-05,5.4796637e-05,5.4796637e-05,5.4796637e-05,0.0031975857,5.4796637e-05,5.4796637e-05,5.4796637e-05
0.00021053082,0.00021053082,0.00021053082,0.00021053082,0.00021053082,0.00021053082,0.00021053082,0.00021053082,0.00021053082,0.00021053082,0.00021053082,0.00021053082,0.00021053082,0.00021053082,0.00021053082,0.00021053082,0.00021053082,0.00021053082,0.00021053082,0.00021053082,0.00021053082,0.00021053082,0.00021053082,0.00021053082,0.00021053082,0.00021053082,0.00021053082,0.00021053082,0.00021053082,0.00021053082,0.00021053082,0.00021053082,0.00021053082,0.00021053082,0.00021053082,0.00021053082,0.00021053082,0.3172867,0.00021053082,0.00021053082,0.00021053082,0.00021053082,0.00021053082,0.00021053082,0.00021053082,0.00021053082,0.6726078,0.00021053082,0.00021053082,0.00021053082
0.00021505899,0.00021505899,0.00021505899,0.00021505899,0.00021505899,0.00021505899,0.00021505899,0.00021505899,0.00021505899,0.00021505899,0.00021505899,0.00021505899,0.00021505899,0.00021505899,0.00021505899,0.00021505899,0.00021505899,0.00021505899,0.00021505899,0.00021505899,0.00021505899,0.00021505899,0.00021505899,0.00021505899,0.00021505899,0.00021505899,0.00021505899,0.00021505899,0.00021505899,0.00021505899,0.00021505899,0.00021505899,0.00021505899,0.00021505899,0.00021505899,0.00021505899,0.00021505899,0.76199335,0.00021505899,0.00021505899,0.00021505899,0.00021505899,0.00021505899,0.00021505899,0.00021505899,0.00021505899,0.22768378,0.00021505899,0.00021505899,0.00021505899
0.00042553636,0.00042553636,0.00042553636,0.00042553636,0.00042553636,0.00042553636,0.00042553636,0.00042553636,0.00042553636,0.00042553636,0.00042553636,0.00042553636,0.00042553636,0.00042553636,0.00042553636,0.00042553636,0.00042553636,0.00042553636,0.00042553636,0.00042553636,0.00042553636,0.00042553636,0.00042553636,0.00042553636,0.00042553636,0.00042553636,0.00042553636,0.00042553636,0.00042553636,0.00042553636,0.00042553636,0.00042553636,0.00042553636,0.00042553636,0.00042553636,0.00042553636,0.00042553636,0.44880676,0.00042553636,0.00042553636,0.00042553636,0.00042553636,0.00042553636,0.00042553636,0.00042553636,0.00042553636,0.5307675,0.00042553636,0.00042553636,0.00042553636
0.00043479237,0.00043479237,0.00043479237,0.00043479237,0.00043479237,0.00043479237,0.00043479237,0.00043479237,0.00043479237,0.00043479237,0.00043479237,0.00043479237,0.00043479237,0.00043479237,0.00043479237,0.00043479237,0.00043479237,0.00043479237,0.00043479237,0.00043479237,0.00043479237,0.00043479237,0.00043479237,0.00043479237,0.00043479237,0.00043479237,0.00043479237,0.00043479237,0.00043479237,0.00043479237,0.00043479237,0.00043479237,0.00043479237,0.00043479237,0.00043479237,0.00043479237,0.00043479237,0.8734674,0.00043479237,0.00043479237,0.00043479237,0.00043479237,0.00043479237,0.00043479237,0.00043479237,0.00043479237,0.10566258,0.00043479237,0.00043479237,0.00043479237
0.00038462103,0.00038462103,0.00038462103,0.00038462103,0.00038462103,0.00038462103,0.00038462103,0.00038462103,0.00038462103,0.00038462103,0.00038462103,0.00038462103,0.00038462103,0.00038462103,0.00038462103,0.00038462103,0.00038462103,0.00038462103,0.00038462103,0.00038462103,0.00038462103,0.00038462103,0.00038462103,0.00038462103,0.00038462103,0.00038462103,0.00038462103,0.00038462103,0.00038462103,0.00038462103,0.00038462103,0.00038462103,0.00038462103,0.00038462103,0.00038462103,0.00038462103,0.00038462103,0.00038462103,0.00038462103,0.00038462103,0.00038462103,0.00038462103,0.00038462103,0.9811536,0.00038462103,0.00038462103,0.00038462103,0.00038462103,0.00038462103,0.00038462103
0.00016949438,0.00016949438,0.00016949438,0.00016949438,0.00016949438,0.00016949438,0.00016949438,0.00016949438,0.00016949438,0.00016949438,0.00016949438,0.00016949438,0.00016949438,0.00016949438,0.00016949438,0.00016949438,0.00016949438,0.00016949438,0.00016949438,0.00016949438,0.8348543,0.00016949438,0.00016949438,0.00016949438,0.00016949438,0.00016949438,0.00016949438,0.00016949438,0.00016949438,0.00016949438,0.00016949438,0.00016949438,0.00016949438,0.00016949438,0.00016949438,0.00016949438,0.00016949438,0.00016949438,0.00016949438,0.00016949438,0.00016949438,0.00016949438,0.00016949438,0.00016949438,0.00016949438,0.00016949438,0.15700994,0.00016949438,0.00016949438,0.00016949438
0.00010153142,0.00010153142,0.00010153142,0.00010153142,0.00010153142,0.00010153142,0.00010153142,0.00010153142,0.00010153142,0.00010153142,0.00010153142,0.00010153142,0.00010153142,0.00010153142,0.00010153142,0.00010153142,0.00010153142,0.00010153142,0.00010153142,0.00010153142,0.00010153142,0.00010153142,0.00010153142,0.00010153142,0.00010153142,0.00010153142,0.00010153142,0.00010153142,0.3431063,0.00010153142,0.00010153142,0.00010153142,0.00010153142,0.00010153142,0.00010153142,0.00010153142,0.00010153142,0.099909,0.00010153142,0.00010153142,0.00010153142,0.00010153142,0.00010153142,0.00010153142,0.00010153142,0.00010153142,0.00010153142,0.00010153142,0.00010153142,0.5522127
0.00023812914,0.00023812914,0.00023812914,0.00023812914,0.00023812914,0.00023812914,0.00023812914,0.00023812914,0.00023812914,0.00023812914,0.00023812914,0.00023812914,0.00023812914,0.00023812914,0.00023812914,0.00023812914,0.00023812914,0.00023812914,0.00023812914,0.00023812914,0.00023812914,0.00023812914,0.00023812914,0.00023812914,0.00023812914,0.00023812914,0.00023812914,0.00023812914,0.00023812914,0.00023812914,0.00023812914,0.00023812914,0.00023812914,0.00023812914,0.00023812914,0.00023812914,0.00023812914,0.071992055,0.00023812914,0.00023812914,0.00023812914,0.00023812914,0.00023812914,0.00023812914,0.00023812914,0.00023812914,0.91657776,0.00023812914,0.00023812914,0.00023812914
0.00031250602,0.00031250602,0.00031250602,0.00031250602,0.00031250602,0.00031250602,0.00031250602,0.00031250602,0.00031250602,0.00031250602,0.00031250602,0.00031250602,0.00031250602,0.00031250602,0.00031250602,0.00031250602,0.00031250602,0.00031250602,0.00031250602,0.00031250602,0.00031250602,0.00031250602,0.00031250602,0.00031250602,0.00031250602,0.00031250602,0.00031250602,0.00031250602,0.00031250602,0.00031250602,0.00031250602,0.00031250602,0.00031250602,0.00031250602,0.00031250602,0.00031250602,0.00031250602,0.00031250602,0.00031250602,0.00031250602,0.00031250602,0.00031250602,0.00031250602,0.00031250602,0.00031250602,0.00031250602,0.9846872,0.00031250602,0.00031250602,0.00031250602
0.0002857236,0.0002857236,0.0002857236,0.0002857236,0.0002857236,0.0002857236,0.0002857236,0.0002857236,0.0002857236,0.0002857236,0.0002857236,0.0002857236,0.0002857236,0.0002857236,0.0002857236,0.0002857236,0.0002857236,0.0002857236,0.0002857236,0.0002857236,0.3181124,0.0002857236,0.0002857236,0.0002857236,0.0002857236,0.0002857236,0.0002857236,0.0002857236,0.0002857236,0.0002857236,0.0002857236,0.0002857236,0.0002857236,0.0002857236,0.0002857236,0.0002857236,0.0002857236,0.0002857236,0.0002857236,0.0002857236,0.0002857236,0.0002857236,0.0002857236,0.0002857236,0.0002857236,0.0002857236,0.66817284,0.0002857236,0.0002857236,0.0002857236
0.00024097235,0.00024097235,0.00024097235,0.00024097235,0.00024097235,0.00024097235,0.00024097235,0.00024097235,0.00024097235,0.00024097235,0.00024097235,0.00024097235,0.00024097235,0.00024097235,0.00024097235,0.00024097235,0.00024097235,0.00024097235,0.00024097235,0.00024097235,0.00024097235,0.00024097235,0.00024097235,0.00024097235,0.00024097235,0.00024097235,0.00024097235,0.00024097235,0.00024097235,0.00024097235,0.00024097235,0.00024097235,0.00024097235,0.00024097235,0.00024097235,0.00024097235,0.00024097235,0.6292515,0.00024097235,0.00024097235,0.00024097235,0.00024097235,0.00024097235,0.00024097235,0.00024097235,0.00024097235,0.35918188,0.00024097235,0.00024097235,0.00024097235
0.00010000964,0.00010000964,0.00010000964,0.00010000964,0.00010000964,0.00010000964,0.00010000964,0.00010000964,0.00010000964,0.00010000964,0.00010000964,0.00010000964,0.00010000964,0.00010000964,0.00010000964,0.00010000964,0.00010000964,0.00010000964,0.00010000964,0.00010000964,0.00010000964,0.00010000964,0.00010000964,0.00010000964,0.00010000964,0.00010000964,0.00010000964,0.00010000964,0.00010000964,0.00010000964,0.00010000964,0.00010000964,0.00010000964,0.00010000964,0.00010000964,0.00010000964,0.00010000964,0.00010000964,0.00010000964,0.00010000964,0.00010000964,0.00010000964,0.00010000964,0.00010000964,0.00010000964,0.00010000964,0.99509954,0.00010000964,0.00010000964,0.00010000964
0.00015748743,0.00015748743,0.00015748743,0.00015748743,0.00015748743,0.00015748743,0.00015748743,0.00015748743,0.00015748743,0.00015748743,0.07306919,0.00015748743,0.00015748743,0.00015748743,0.00015748743,0.00015748743,0.00015748743,0.00015748743,0.00015748743,0.00015748743,0.00015748743,0.00015748743,0.00015748743,0.00015748743,0.00015748743,0.00015748743,0.00015748743,0.00015748743,0.00015748743,0.00015748743,0.00015748743,0.00015748743,0.00015748743,0.00015748743,0.00015748743,0.00015748743,0.00015748743,0.9193714,0.00015748743,0.00015748743,0.00015748743,0.00015748743,0.00015748743,0.00015748743,0.00015748743,0.00015748743,0.00015748743,0.00015748743,0.00015748743,0.00015748743
0.00014285988,0.00014285988,0.00014285988,0.00014285988,0.00014285988,0.00014285988,0.00014285988,0.00014285988,0.00014285988,0.00014285988,0.00014285988,0.00014285988,0.00014285988,0.00014285988,0.00014285988,0.00014285988,0.00014285988,0.00014285988,0.00014285988,0.00014285988,0.00014285988,0.00014285988,0.00014285988,0.00014285988,0.00014285988,0.00014285988,0.00014285988,0.00014285988,0.00014285988,0.00014285988,0.00014285988,0.00014285988,0.00014285988,0.00014285988,0.00014285988,0.00014285988,0.00014285988,0.00014285988,0.00014285988,0.00014285988,0.00014285988,0.00014285988,0.00014285988,0.00014285988,0.00014285988,0.00014285988,0.00014285988,0.00014285988,0.00014285988,0.9929999
0.00012659295,0.00012659295,0.00012659295,0.00012659295,0.00012659295,0.00012659295,0.00012659295,0.00012659295,0.00012659295,0.00012659295,0.00012659295,0.00012659295,0.00012659295,0.00012659295,0.00012659295,0.00012659295,0.19370845,0.00012659295,0.00012659295,0.00012659295,0.00012659295,0.00012659295,0.00012659295,0.00012659295,0.00012659295,0.00012659295,0.00012659295,0.00012659295,0.00012659295,0.00012659295,0.00012659295,0.00012659295,0.00012659295,0.00012659295,0.00012659295,0.00012659295,0.00012659295,0.80021507,0.00012659295,0.00012659295,0.00012659295,0.00012659295,0.00012659295,0.00012659295,0.00012659295,0.00012659295,0.00012659295,0.00012659295,0.00012659295,0.00012659295
6.390373e-05,6.390373e-05,6.390373e-05,6.390373e-05,6.390373e-05,6.390373e-05,6.390373e-05,6.390373e-05,6.390373e-05,6.390373e-05,6.390373e-05,6.390373e-05,6.390373e-05,6.390373e-05,6.390373e-05,6.390373e-05,6.390373e-05,6.390373e-05,6.390373e-05,6.390373e-05,6.390373e-05,0.015292252,0.6439213,6.390373e-05,6.390373e-05,6.390373e-05,6.390373e-05,6.390373e-05,0.28728187,6.390373e-05,6.390373e-05,0.05056501,6.390373e-05,6.390373e-05,6.390373e-05,6.390373e-05,6.390373e-05,6.390373e-05,6.390373e-05,6.390373e-05,6.390373e-05,6.390373e-05,6.390373e-05,6.390373e-05,6.390373e-05,6.390373e-05,6.390373e-05,6.390373e-05,6.390373e-05,6.390373e-05
5.7308655e-05,5.7308655e-05,5.7308655e-05,5.7308655e-05,5.7308655e-05,5.7308655e-05,5.7308655e-05,5.7308655e-05,5.7308655e-05,5.7308655e-05,5.7308655e-05,5.7308655e-05,5.7308655e-05,5.7308655e-05,5.7308655e-05,5.7308655e-05,5.7308655e-05,5.7308655e-05,5.7308655e-05,5.7308655e-05,5.7308655e-05,5.7308655e-05,5.7308655e-05,5.7308655e-05,5.7308655e-05,5.7308655e-05,5.7308655e-05,5.7308655e-05,5.7308655e-05,5.7308655e-05,5.7308655e-05,0.99719185,5.7308655e-05,5.7308655e-05,5.7308655e-05,5.7308655e-05,5.7308655e-05,5.7308655e-05,5.7308655e-05,5.7308655e-05,5.7308655e-05,5.7308655e-05,5.7308655e-05,5.7308655e-05,5.7308655e-05,5.7308655e-05,5.7308655e-05,5.7308655e-05,5.7308655e-05,5.7308655e-05
0.0001694957,0.0001694957,0.0001694957,0.0001694957,0.0001694957,0.0001694957,0.0001694957,0.0001694957,0.0001694957,0.0001694957,0.0001694957,0.0001694957,0.0001694957,0.0001694957,0.0001694957,0.0001694957,0.0001694957,0.0001694957,0.0001694957,0.0001694957,0.0001694957,0.0001694957,0.0001694957,0.0001694957,0.0001694957,0.0001694957,0.0001694957,0.0001694957,0.0001694957,0.0001694957,0.0001694957,0.0001694957,0.0001694957,0.9916947,0.0001694957,0.0001694957,0.0001694957,0.0001694957,0.0001694957,0.0001694957,0.0001694957,0.0001694957,0.0001694957,0.0001694957,0.0001694957,0.0001694957,0.0001694957,0.0001694957,0.0001694957,0.0001694957
0.0003448349,0.0003448349,0.0003448349,0.0003448349,0.0003448349,0.0003448349,0.0003448349,0.0003448349,0.0003448349,0.0003448349,0.0003448349,0.0003448349,0.0003448349,0.0003448349,0.0003448349,0.0003448349,0.0003448349,0.0003448349,0.0003448349,0.0003448349,0.0003448349,0.0003448349,0.0003448349,0.0003448349,0.0003448349,0.0003448349,0.0003448349,0.0003448349,0.0003448349,0.0003448349,0.0003448349,0.0003448349,0.0003448349,0.0003448349,0.0003448349,0.0003448349,0.0003448349,0.0003448349,0.0003448349,0.0003448349,0.0003448349,0.0003448349,0.0003448349,0.0003448349,0.0003448349,0.9831031,0.0003448349,0.0003448349,0.0003448349,0.0003448349
1.4462401e-05,1.4462401e-05,1.4462401e-05,1.4462401e-05,1.4462401e-05,1.4462401e-05,1.4462401e-05,1.4462401e-05,1.4462401e-05,1.4462401e-05,1.4462401e-05,1.4462401e-05,0.07142596,1.4462401e-05,1.4462401e-05,1.4462401e-05,1.4462401e-05,1.4462401e-05,1.4462401e-05,1.4462401e-05,1.4462401e-05,1.4462401e-05,1.4462401e-05,1.4462401e-05,0.31547126,1.4462401e-05,1.4462401e-05,1.4462401e-05,0.5867415,1.4462401e-05,1.4462401e-05,1.4462401e-05,1.4462401e-05,1.4462401e-05,1.4462401e-05,1.4462401e-05,1.4462401e-05,1.4462401e-05,1.4462401e-05,1.4462401e-05,1.4462401e-05,1.4462401e-05,1.4462401e-05,1.4462401e-05,1.4462401e-05,1.4462401e-05,1.4462401e-05,1.4462401e-05,0.025695946,1.4462401e-05
4.347932e-05,4.347932e-05,4.347932e-05,4.347932e-05,4.347932e-05,4.347932e-05,4.347932e-05,4.347932e-05,4.347932e-05,4.347932e-05,4.347932e-05,4.347932e-05,4.347932e-05,4.347932e-05,4.347932e-05,4.347932e-05,4.347932e-05,4.347932e-05,4.347932e-05,4.347932e-05,4.347932e-05,4.347932e-05,4.347932e-05,4.347932e-05,4.347932e-05,4.347932e-05,4.347932e-05,4.347932e-05,4.347932e-05,4.347932e-05,4.347932e-05,4.347932e-05,4.347932e-05,4.347932e-05,4.347932e-05,0.9978695,4.347932e-05,4.347932e-05,4.347932e-05,4.347932e-05,4.347932e-05,4.347932e-05,4.347932e-05,4.347932e-05,4.347932e-05,4.347932e-05,4.347932e-05,4.347932e-05,4.347932e-05,4.347932e-05
2.2861013e-05,2.2861013e-05,2.2861013e-05,2.2861013e-05,2.2861013e-05,2.2861013e-05,2.2861013e-05,2.2861013e-05,2.2861013e-05,2.2861013e-05,2.2861013e-05,2.2861013e-05,0.99887985,2.2861013e-05,2.2861013e-05,2.2861013e-05,2.2861013e-05,2.2861013e-05,2.2861013e-05,2.2861013e-05,2.2861013e-05,2.2861013e-05,2.2861013e-05,2.2861013e-05,2.2861013e-05,2.2861013e-05,2.2861013e-05,2.2861013e-05,2.2861013e-05,2.2861013e-05,2.2861013e-05,2.2861013e-05,2.2861013e-05,2.2861013e-05,2.2861013e-05,2.2861013e-05,2.2861013e-05,2.2861013e-05,2.2861013e-05,2.2861013e-05,2.2861013e-05,2.2861013e-05,2.2861013e-05,2.2861013e-05,2.2861013e-05,2.2861013e-05,2.2861013e-05,2.2861013e-05,2.2861013e-05,2.2861013e-05
3.2367338e-05,3.2367338e-05,3.2367338e-05,3.2367338e-05,3.2367338e-05,3.2367338e-05,3.2367338e-05,3.2367338e-05,3.2367338e-05,3.2367338e-05,3.2367338e-05,3.2367338e-05,3.2367338e-05,3.2367338e-05,3.2367338e-05,3.2367338e-05,3.2367338e-05,3.2367338e-05,3.2367338e-05,3.2367338e-05,3.2367338e-05,3.2367338e-05,0.015855994,3.2367338e-05,3.2367338e-05,3.2367338e-05,3.2367338e-05,3.2367338e-05,3.2367338e-05,3.2367338e-05,3.2367338e-05,3.2367338e-05,3.2367338e-05,3.2367338e-05,3.2367338e-05,3.2367338e-05,3.2367338e-05,3.2367338e-05,3.2367338e-05,0.15999807,3.2367338e-05,3.2367338e-05,3.2367338e-05,3.2367338e-05,3.2367338e-05,3.2367338e-05,3.2367338e-05,3.2367338e-05,0.8194083,0.0032487374
5.3770225e-05,5.3770225e-05,5.3770225e-05,5.3770225e-05,5.3770225e-05,5.3770225e-05,5.3770225e-05,5.3770225e-05,5.3770225e-05,5.3770225e-05,5.3770225e-05,0.039134096,5.3770225e-05,5.3770225e-05,5.3770225e-05,5.3770225e-05,5.3770225e-05,5.3770225e-05,5.3770225e-05,5.3770225e-05,5.3770225e-05,5.3770225e-05,0.9582849,5.3770225e-05,5.3770225e-05,5.3770225e-05,5.3770225e-05,5.3770225e-05,5.3770225e-05,5.3770225e-05,5.3770225e-05,5.3770225e-05,5.3770225e-05,5.3770225e-05,5.3770225e-05,5.3770225e-05,5.3770225e-05,5.3770225e-05,5.3770225e-05,5.3770225e-05,5.3770225e-05,5.3770225e-05,5.3770225e-05,5.3770225e-05,5.3770225e-05,5.3770225e-05,5.3770225e-05,5.3770225e-05,5.3770225e-05,5.3770225e-05
0.00018182579,0.00018182579,0.00018182579,0.00018182579,0.00018182579,0.00018182579,0.00018182579,0.00018182579,0.00018182579,0.00018182579,0.00018182579,0.00018182579,0.00018182579,0.00018182579,0.00018182579,0.00018182579,0.00018182579,0.00018182579,0.00018182579,0.00018182579,0.00018182579,0.00018182579,0.00018182579,0.00018182579,0.00018182579,0.00018182579,0.00018182579,0.00018182579,0.00018182579,0.00018182579,0.00018182579,0.00018182579,0.00018182579,0.00018182579,0.00018182579,0.00018182579,0.00018182579,0.00018182579,0.00018182579,0.00018182579,0.00018182579,0.00018182579,0.00018182579,0.9910905,0.00018182579,0.00018182579,0.00018182579,0.00018182579,0.00018182579,0.00018182579
5.9349142e-05,5.9349142e-05,5.9349142e-05,5.9349142e-05,5.9349142e-05,5.9349142e-05,5.9349142e-05,5.9349142e-05,5.9349142e-05,5.9349142e-05,5.9349142e-05,5.9349142e-05,5.9349142e-05,5.9349142e-05,5.9349142e-05,5.9349142e-05,5.9349142e-05,5.9349142e-05,5.9349142e-05,5.9349142e-05,5.9349142e-05,5.9349142e-05,5.9349142e-05,5.9349142e-05,5.9349142e-05,5.9349142e-05,5.9349142e-05,5.9349142e-05,5.9349142e-05,5.9349142e-05,5.9349142e-05,5.9349142e-05,5.9349142e-05,5.9349142e-05,5.9349142e-05,0.39214334,5.9349142e-05,5.9349142e-05,5.9349142e-05,5.9349142e-05,5.9349142e-05,5.9349142e-05,5.9349142e-05,5.9349142e-05,5.9349142e-05,0.60500795,5.9349142e-05,5.9349142e-05,5.9349142e-05,5.9349142e-05
9.75623e-05,9.75623e-05,9.75623e-05,9.75623e-05,9.75623e-05,9.75623e-05,9.75623e-05,9.75623e-05,9.75623e-05,9.75623e-05,9.75623e-05,9.75623e-05,9.75623e-05,9.75623e-05,9.75623e-05,9.75623e-05,9.75623e-05,0.99521947,9.75623e-05,9.75623e-05,9.75623e-05,9.75623e-05,9.75623e-05,9.75623e-05,9.75623e-05,9.75623e-05,9.75623e-05,9.75623e-05,9.75623e-05,9.75623e-05,9.75623e-05,9.75623e-05,9.75623e-05,9.75623e-05,9.75623e-05,9.75623e-05,9.75623e-05,9.75623e-05,9.75623e-05,9.75623e-05,9.75623e-05,9.75623e-05,9.75623e-05,9.75623e-05,9.75623e-05,9.75623e-05,9.75623e-05,9.75623e-05,9.75623e-05,9.75623e-05
7.27305e-05,7.27305e-05,7.27305e-05,7.27305e-05,7.27305e-05,7.27305e-05,7.27305e-05,0.9964362,7.27305e-05,7.27305e-05,7.27305e-05,7.27305e-05,7.27305e-05,7.27305e-05,7.27305e-05,7.27305e-05,7.27305e-05,7.27305e-05,7.27305e-05,7.27305e-05,7.27305e-05,7.27305e-05,7.27305e-05,7.27305e-05,7.27305e-05,7.27305e-05,7.27305e-05,7.27305e-05,7.27305e-05,7.27305e-05,7.27305e-05,7.27305e-05,7.27305e-05,7.27305e-05,7.27305e-05,7.27305e-05,7.27305e-05,7.27305e-05,7.27305e-05,7.27305e-05,7.27305e-05,7.27305e-05,7.27305e-05,7.27305e-05,7.27305e-05,7.27305e-05,7.27305e-05,7.27305e-05,7.27305e-05,7.27305e-05
8.197757e-05,8.197757e-05,8.197757e-05,8.197757e-05,8.197757e-05,8.197757e-05,8.197757e-05,8.197757e-05,8.197757e-05,8.197757e-05,8.197757e-05,8.197757e-05,8.197757e-05,8.197757e-05,8.197757e-05,8.197757e-05,8.197757e-05,8.197757e-05,8.197757e-05,8.197757e-05,8.197757e-05,8.197757e-05,8.197757e-05,8.197757e-05,8.197757e-05,8.197757e-05,8.197757e-05,8.197757e-05,0.09295647,8.197757e-05,8.197757e-05,8.197757e-05,8.197757e-05,0.69233537,8.197757e-05,8.197757e-05,8.197757e-05,8.197757e-05,8.197757e-05,8.197757e-05,8.197757e-05,8.197757e-05,8.197757e-05,8.197757e-05,8.197757e-05,8.197757e-05,0.2108552,8.197757e-05,8.197757e-05,8.197757e-05
5.2505507e-05,5.2505507e-05,5.2505507e-05,5.2505507e-05,0.18031938,5.2505507e-05,5.2505507e-05,5.2505507e-05,5.2505507e-05,5.2505507e-05,5.2505507e-05,5.2505507e-05,5.2505507e-05,5.2505507e-05,5.2505507e-05,5.2505507e-05,5.2505507e-05,5.2505507e-05,0.8171603,5.2505507e-05,5.2505507e-05,5.2505507e-05,5.2505507e-05,5.2505507e-05,5.2505507e-05,5.2505507e-05,5.2505507e-05,5.2505507e-05,5.2505507e-05,5.2505507e-05,5.2505507e-05,5.2505507e-05,5.2505507e-05,5.2505507e-05,5.2505507e-05,5.2505507e-05,5.2505507e-05,5.2505507e-05,5.2505507e-05,5.2505507e-05,5.2505507e-05,5.2505507e-05,5.2505507e-05,5.2505507e-05,5.2505507e-05,5.2505507e-05,5.2505507e-05,5.2505507e-05,5.2505507e-05,5.2505507e-05
6.7125475e-05,6.7125475e-05,6.7125475e-05,6.7125475e-05,6.7125475e-05,6.7125475e-05,6.7125475e-05,6.7125475e-05,6.7125475e-05,6.7125475e-05,6.7125475e-05,6.7125475e-05,6.7125475e-05,6.7125475e-05,6.7125475e-05,6.7125475e-05,6.7125475e-05,6.7125475e-05,6.7125475e-05,6.7125475e-05,6.7125475e-05,6.7125475e-05,6.7125475e-05,6.7125475e-05,6.7125475e-05,6.7125475e-05,6.7125475e-05,6.7125475e-05,6.7125475e-05,6.7125475e-05,6.7125475e-05,6.7125475e-05,6.7125475e-05,6.7125475e-05,6.7125475e-05,6.7125475e-05,6.7125475e-05,0.19619805,6.7125475e-05,6.7125475e-05,6.7125475e-05,6.7125475e-05,6.7125475e-05,6.7125475e-05,6.7125475e-05,6.7125475e-05,6.7125475e-05,6.7125475e-05,6.7125475e-05,0.80057997
9.2601e-05,9.2601e-05,9.2601e-05,9.2601e-05,9.2601e-05,9.2601e-05,0.5523708,9.2601e-05,9.2601e-05,9.2601e-05,9.2601e-05,9.2601e-05,9.2601e-05,9.2601e-05,9.2601e-05,9.2601e-05,9.2601e-05,9.2601e-05,9.2601e-05,9.2601e-05,9.2601e-05,9.2601e-05,9.2601e-05,9.2601e-05,9.2601e-05,9.2601e-05,9.2601e-05,9.2601e-05,9.2601e-05,9.2601e-05,9.2601e-05,9.2601e-05,0.31063616,9.2601e-05,9.2601e-05,9.2601e-05,9.2601e-05,9.2601e-05,9.2601e-05,9.2601e-05,9.2601e-05,9.2601e-05,9.2601e-05,9.2601e-05,9.2601e-05,9.2601e-05,9.2601e-05,9.2601e-05,9.2601e-05,0.1326408
0.00021741599,0.00021741599,0.00021741599,0.00021741599,0.00021741599,0.00021741599,0.00021741599,0.00021741599,0.00021741599,0.00021741599,0.00021741599,0.00021741599,0.00021741599,0.00021741599,0.00021741599,0.00021741599,0.00021741599,0.00021741599,0.00021741599,0.00021741599,0.00021741599,0.00021741599,0.00021741599,0.00021741599,0.00021741599,0.00021741599,0.00021741599,0.00021741599,0.00021741599,0.00021741599,0.00021741599,0.00021741599,0.00021741599,0.98912287,0.00021741599,0.00021741599,0.00021741599,0.0004411242,0.00021741599,0.00021741599,0.00021741599,0.00021741599,0.00021741599,0.00021741599,0.00021741599,0.00021741599,0.00021741599,0.00021741599,0.00021741599,0.00021741599
3.929434e-05,3.929434e-05,3.929434e-05,3.929434e-05,3.929434e-05,3.929434e-05,3.929434e-05,3.929434e-05,3.929434e-05,3.929434e-05,3.929434e-05,3.929434e-05,3.929434e-05,3.929434e-05,3.929434e-05,3.929434e-05,3.929434e-05,3.929434e-05,3.929434e-05,3.929434e-05,3.929434e-05,3.929434e-05,3.929434e-05,3.929434e-05,3.929434e-05,3.929434e-05,3.929434e-05,3.929434e-05,3.929434e-05,3.929434e-05,3.929434e-05,3.929434e-05,3.929434e-05,3.929434e-05,3.929434e-05,3.929434e-05,3.929434e-05,3.929434e-05,3.929434e-05,3.929434e-05,3.929434e-05,3.929434e-05,3.929434e-05,0.99807453,3.929434e-05,3.929434e-05,3.929434e-05,3.929434e-05,3.929434e-05,3.929434e-05
4.3291977e-05,4.3291977e-05,4.3291977e-05,4.3291977e-05,4.3291977e-05,4.3291977e-05,4.3291977e-05,4.3291977e-05,4.3291977e-05,4.3291977e-05,4.3291977e-05,4.3291977e-05,4.3291977e-05,4.3291977e-05,4.3291977e-05,4.3291977e-05,4.3291977e-05,4.3291977e-05,4.3291977e-05,4.3291977e-05,4.3291977e-05,4.3291977e-05,4.3291977e-05,4.3291977e-05,4.3291977e-05,4.3291977e-05,4.3291977e-05,4.3291977e-05,4.3291977e-05,4.3291977e-05,4.3291977e-05,4.3291977e-05,4.3291977e-05,4.3291977e-05,4.3291977e-05,4.3291977e-05,4.3291977e-05,0.29310977,4.3291977e-05,0.7048122,4.3291977e-05,4.3291977e-05,4.3291977e-05,4.3291977e-05,4.3291977e-05,4.3291977e-05,4.3291977e-05,4.3291977e-05,4.3291977e-05,4.3291977e-05
5.952996e-05,5.952996e-05,5.952996e-05,5.952996e-05,5.952996e-05,5.952996e-05,5.952996e-05,5.952996e-05,5.952996e-05,5.952996e-05,0.06508445,5.952996e-05,5.952996e-05,5.952996e-05,5.952996e-05,5.952996e-05,5.952996e-05,5.952996e-05,5.952996e-05,5.952996e-05,5.952996e-05,5.952996e-05,5.952996e-05,5.952996e-05,5.952996e-05,5.952996e-05,5.952996e-05,5.952996e-05,5.952996e-05,5.952996e-05,5.952996e-05,5.952996e-05,5.952996e-05,0.9320581,5.952996e-05,5.952996e-05,5.952996e-05,5.952996e-05,5.952996e-05,5.952996e-05,5.952996e-05,5.952996e-05,5.952996e-05,5.952996e-05,5.952996e-05,5.952996e-05,5.952996e-05,5.952996e-05,5.952996e-05,5.952996e-05
0.000114296614,0.000114296614,0.000114296614,0.000114296614,0.000114296614,0.000114296614,0.000114296614,0.000114296614,0.000114296614,0.000114296614,0.000114296614,0.000114296614,0.000114296614,0.000114296614,0.000114296614,0.000114296614,0.000114296614,0.000114296614,0.000114296614,0.000114296614,0.000114296614,0.000114296614,0.000114296614,0.000114296614,0.000114296614,0.000114296614,0.000114296614,0.000114296614,0.000114296614,0.000114296614,0.000114296614,0.000114296614,0.000114296614,0.000114296614,0.000114296614,0.000114296614,0.000114296614,0.607901,0.38661277,0.000114296614,0.000114296614,0.000114296614,0.000114296614,0.000114296614,0.000114296614,0.000114296614,0.000114296614,0.000114296614,0.000114296614,0.000114296614
0.00016000436,0.00016000436,0.00016000436,0.00016000436,0.00016000436,0.00016000436,0.00016000436,0.00016000436,0.00016000436,0.00016000436,0.00016000436,0.00016000436,0.00016000436,0.00016000436,0.00016000436,0.00016000436,0.00016000436,0.00016000436,0.00016000436,0.00016000436,0.00016000436,0.00016000436,0.00016000436,0.00016000436,0.00016000436,0.00016000436,0.00016000436,0.00016000436,0.9921598,0.00016000436,0.00016000436,0.00016000436,0.00016000436,0.00016000436,0.00016000436,0.00016000436,0.00016000436,0.00016000436,0.00016000436,0.00016000436,0.00016000436,0.00016000436,0.00016000436,0.00016000436,0.00016000436,0.00016000436,0.00016000436,0.00016000436,0.00016000436,0.00016000436
6.0793587e-05,6.0793587e-05,6.0793587e-05,6.0793587e-05,6.0793587e-05,6.0793587e-05,6.0793587e-05,6.0793587e-05,6.0793587e-05,6.0793587e-05,6.0793587e-05,6.0793587e-05,6.0793587e-05,6.0793587e-05,6.0793587e-05,6.0793587e-05,6.0793587e-05,6.0793587e-05,6.0793587e-05,6.0793587e-05,6.0793587e-05,6.0793587e-05,6.0793587e-05,6.0793587e-05,6.0793587e-05,6.0793587e-05,6.0793587e-05,6.0793587e-05,6.0793587e-05,6.0793587e-05,6.0793587e-05,6.0793587e-05,6.0793587e-05,6.0793587e-05,6.0793587e-05,6.0793587e-05,6.0793587e-05,6.0793587e-05,6.0793587e-05,6.0793587e-05,6.0793587e-05,6.0793587e-05,6.0793587e-05,6.0793587e-05,6.0793587e-05,0.050370336,6.0793587e-05,6.0793587e-05,0.94671154,6.0793587e-05
7.408148e-05,7.408148e-05,7.408148e-05,7.408148e-05,7.408148e-05,7.408148e-05,7.408148e-05,7.408148e-05,7.408148e-05,7.408148e-05,7.408148e-05,7.408148e-05,7.408148e-05,7.408148e-05,7.408148e-05,7.408148e-05,7.408148e-05,7.408148e-05,7.408148e-05,7.408148e-05,7.408148e-05,7.408148e-05,7.408148e-05,7.408148e-05,7.408148e-05,7.408148e-05,7.408148e-05,7.408148e-05,7.408148e-05,7.408148e-05,7.408148e-05,7.408148e-05,7.408148e-05,7.408148e-05,7.408148e-05,7.408148e-05,7.408148e-05,7.408148e-05,7.408148e-05,7.408148e-05,7.408148e-05,7.408148e-05,7.408148e-05,7.408148e-05,7.408148e-05,0.19669476,7.408148e-05,7.408148e-05,7.408148e-05,0.79974926
1.9825198e-05,1.9825198e-05,1.9825198e-05,1.9825198e-05,1.9825198e-05,1.9825198e-05,0.0920251,1.9825198e-05,1.9825198e-05,1.9825198e-05,1.9825198e-05,1.9825198e-05,1.9825198e-05,1.9825198e-05,1.9825198e-05,1.9825198e-05,1.9825198e-05,1.9825198e-05,1.9825198e-05,1.9825198e-05,1.9825198e-05,1.9825198e-05,1.9825198e-05,1.9825198e-05,1.9825198e-05,1.9825198e-05,1.9825198e-05,1.9825198e-05,1.9825198e-05,1.9825198e-05,1.9825198e-05,1.9825198e-05,1.9825198e-05,1.9825198e-05,1.9825198e-05,1.9825198e-05,1.9825198e-05,1.9825198e-05,1.9825198e-05,0.90702325,1.9825198e-05,1.9825198e-05,1.9825198e-05,1.9825198e-05,1.9825198e-05,1.9825198e-05,1.9825198e-05,1.9825198e-05,1.9825198e-05,1.9825198e-05
6.411484e-05,6.411484e-05,6.411484e-05,0.7603804,6.411484e-05,6.411484e-05,6.411484e-05,6.411484e-05,6.411484e-05,6.411484e-05,6.411484e-05,6.411484e-05,6.411484e-05,6.411484e-05,6.411484e-05,6.411484e-05,6.411484e-05,6.411484e-05,6.411484e-05,6.411484e-05,6.411484e-05,6.411484e-05,6.411484e-05,6.411484e-05,0.10885998,6.411484e-05,6.411484e-05,6.411484e-05,6.411484e-05,6.411484e-05,6.411484e-05,6.411484e-05,6.411484e-05,0.041567814,6.411484e-05,6.411484e-05,6.411484e-05,6.411484e-05,6.411484e-05,6.411484e-05,6.411484e-05,6.411484e-05,6.411484e-05,6.411484e-05,6.411484e-05,6.411484e-05,6.411484e-05,6.411484e-05,6.411484e-05,0.08624253
5.81447e-05,5.81447e-05,5.81447e-05,5.81447e-05,5.81447e-05,5.81447e-05,5.81447e-05,5.81447e-05,5.81447e-05,5.81447e-05,5.81447e-05,0.6530495,5.81447e-05,5.81447e-05,5.81447e-05,5.81447e-05,5.81447e-05,5.81447e-05,5.81447e-05,5.81447e-05,5.81447e-05,5.81447e-05,5.81447e-05,5.81447e-05,5.81447e-05,5.81447e-05,5.81447e-05,5.81447e-05,5.81447e-05,5.81447e-05,5.81447e-05,5.81447e-05,5.81447e-05,5.81447e-05,5.81447e-05,5.81447e-05,5.81447e-05,5.81447e-05,5.81447e-05,5.81447e-05,5.81447e-05,5.81447e-05,5.81447e-05,5.81447e-05,5.81447e-05,0.3441595,5.81447e-05,5.81447e-05,5.81447e-05,5.81447e-05
6.472758e-05,6.472758e-05,6.472758e-05,6.472758e-05,6.472758e-05,6.472758e-05,6.472758e-05,6.472758e-05,6.472758e-05,6.472758e-05,6.472758e-05,6.472758e-05,6.472758e-05,6.472758e-05,6.472758e-05,6.472758e-05,6.472758e-05,6.472758e-05,6.472758e-05,6.472758e-05,6.472758e-05,6.472758e-05,6.472758e-05,6.472758e-05,6.472758e-05,6.472758e-05,6.472758e-05,6.472758e-05,6.472758e-05,6.472758e-05,6.472758e-05,6.472758e-05,6.472758e-05,6.472758e-05,0.088931315,6.472758e-05,6.472758e-05,6.472758e-05,6.472758e-05,6.472758e-05,6.472758e-05,6.472758e-05,6.472758e-05,6.472758e-05,6.472758e-05,0.9079617,6.472758e-05,6.472758e-05,6.472758e-05,6.472758e-05
0.000104718725,0.000104718725,0.000104718725,0.000104718725,0.000104718725,0.000104718725,0.000104718725,0.000104718725,0.000104718725,0.000104718725,0.000104718725,0.000104718725,0.000104718725,0.000104718725,0.000104718725,0.000104718725,0.000104718725,0.000104718725,0.000104718725,0.000104718725,0.000104718725,0.000104718725,0.000104718725,0.000104718725,0.034970015,0.000104718725,0.000104718725,0.000104718725,0.000104718725,0.000104718725,0.000104718725,0.000104718725,0.000104718725,0.000104718725,0.5152594,0.000104718725,0.000104718725,0.000104718725,0.000104718725,0.000104718725,0.000104718725,0.000104718725,0.000104718725,0.000104718725,0.000104718725,0.44484878,0.000104718725,0.000104718725,0.000104718725,0.000104718725
0.0001923122,0.0001923122,0.0001923122,0.0001923122,0.0001923122,0.0001923122,0.0001923122,0.0001923122,0.0001923122,0.0001923122,0.0001923122,0.0001923122,0.0001923122,0.0001923122,0.0001923122,0.0001923122,0.0001923122,0.0001923122,0.0001923122,0.0001923122,0.0001923122,0.0001923122,0.0001923122,0.0001923122,0.9905767,0.0001923122,0.0001923122,0.0001923122,0.0001923122,0.0001923122,0.0001923122,0.0001923122,0.0001923122,0.0001923122,0.0001923122,0.0001923122,0.0001923122,0.0001923122,0.0001923122,0.0001923122,0.0001923122,0.0001923122,0.0001923122,0.0001923122,0.0001923122,0.0001923122,0.0001923122,0.0001923122,0.0001923122,0.0001923122
0.0001769953,0.0001769953,0.0001769953,0.0001769953,0.0001769953,0.0001769953,0.0001769953,0.0001769953,0.0001769953,0.0001769953,0.0001769953,0.0001769953,0.0001769953,0.0001769953,0.0001769953,0.0001769953,0.0001769953,0.0001769953,0.0001769953,0.0001769953,0.0001769953,0.0001769953,0.0001769953,0.0001769953,0.9913272,0.0001769953,0.0001769953,0.0001769953,0.0001769953,0.0001769953,0.0001769953,0.0001769953,0.0001769953,0.0001769953,0.0001769953,0.0001769953,0.0001769953,0.0001769953,0.0001769953,0.0001769953,0.0001769953,0.0001769953,0.0001769953,0.0001769953,0.0001769953,0.0001769953,0.0001769953,0.0001769953,0.0001769953,0.0001769953
0.00047623398,0.00047623398,0.00047623398,0.00047623398,0.00047623398,0.00047623398,0.00047623398,0.00047623398,0.00047623398,0.00047623398,0.00047623398,0.00047623398,0.00047623398,0.00047623398,0.00047623398,0.00047623398,0.00047623398,0.00047623398,0.00047623398,0.00047623398,0.00047623398,0.00047623398,0.00047623398,0.00047623398,0.00047623398,0.00047623398,0.00047623398,0.00047623398,0.00047623398,0.00047623398,0.00047623398,0.00047623398,0.00047623398,0.00047623398,0.00047623398,0.00047623398,0.00047623398,0.97666454,0.00047623398,0.00047623398,0.00047623398,0.00047623398,0.00047623398,0.00047623398,0.00047623398,0.00047623398,0.00047623398,0.00047623398,0.00047623398,0.00047623398
0.00033900942,0.00033900942,0.00033900942,0.00033900942,0.00033900942,0.00033900942,0.00033900942,0.00033900942,0.00033900942,0.00033900942,0.00033900942,0.00033900942,0.00033900942,0.00033900942,0.00033900942,0.00033900942,0.00033900942,0.00033900942,0.00033900942,0.00033900942,0.00033900942,0.00033900942,0.6854407,0.2982868,0.00033900942,0.00033900942,0.00033900942,0.00033900942,0.00033900942,0.00033900942,0.00033900942,0.00033900942,0.00033900942,0.00033900942,0.00033900942,0.00033900942,0.00033900942,0.00033900942,0.00033900942,0.00033900942,0.00033900942,0.00033900942,0.00033900942,0.00033900942,0.00033900942,0.00033900942,0.00033900942,0.00033900942,0.00033900942,0.00033900942
6.02598e-05,6.02598e-05,6.02598e-05,6.02598e-05,6.02598e-05,6.02598e-05,6.02598e-05,6.02598e-05,6.02598e-05,6.02598e-05,6.02598e-05,6.02598e-05,6.02598e-05,6.02598e-05,6.02598e-05,6.02598e-05,6.02598e-05,6.02598e-05,6.02598e-05,6.02598e-05,6.02598e-05,6.02598e-05,6.02598e-05,6.02598e-05,6.02598e-05,6.02598e-05,6.02598e-05,6.02598e-05,6.02598e-05,6.02598e-05,6.02598e-05,6.02598e-05,6.02598e-05,6.02598e-05,6.02598e-05,6.02598e-05,6.02598e-05,6.02598e-05,6.02598e-05,6.02598e-05,6.02598e-05,6.02598e-05,6.02598e-05,6.02598e-05,6.02598e-05,0.1806342,6.02598e-05,6.02598e-05,6.02598e-05,0.81647336
5.780518e-05,5.780518e-05,5.780518e-05,5.780518e-05,5.780518e-05,5.780518e-05,5.780518e-05,5.780518e-05,5.780518e-05,5.780518e-05,5.780518e-05,5.780518e-05,5.780518e-05,5.780518e-05,5.780518e-05,5.780518e-05,5.780518e-05,5.780518e-05,5.780518e-05,5.780518e-05,5.780518e-05,5.780518e-05,5.780518e-05,5.780518e-05,5.780518e-05,5.780518e-05,5.780518e-05,5.780518e-05,5.780518e-05,5.780518e-05,5.780518e-05,5.780518e-05,5.780518e-05,5.780518e-05,5.780518e-05,5.780518e-05,5.780518e-05,5.780518e-05,5.780518e-05,5.780518e-05,5.780518e-05,5.780518e-05,5.780518e-05,5.780518e-05,5.780518e-05,5.780518e-05,5.780518e-05,0.9044753,5.780518e-05,0.09275009
3.5846308e-05,3.5846308e-05,3.5846308e-05,3.5846308e-05,3.5846308e-05,3.5846308e-05,3.5846308e-05,3.5846308e-05,3.5846308e-05,3.5846308e-05,3.5846308e-05,3.5846308e-05,3.5846308e-05,3.5846308e-05,3.5846308e-05,3.5846308e-05,3.5846308e-05,3.5846308e-05,3.5846308e-05,3.5846308e-05,3.5846308e-05,3.5846308e-05,0.9980499,3.5846308e-05,3.5846308e-05,3.5846308e-05,3.5846308e-05,3.5846308e-05,3.5846308e-05,3.5846308e-05,3.5846308e-05,3.5846308e-05,3.5846308e-05,3.5846308e-05,3.5846308e-05,3.5846308e-05,0.00022948202,3.5846308e-05,3.5846308e-05,3.5846308e-05,3.5846308e-05,3.5846308e-05,3.5846308e-05,3.5846308e-05,3.5846308e-05,3.5846308e-05,3.5846308e-05,3.5846308e-05,3.5846308e-05,3.5846308e-05
0.00015040294,0.00015040294,0.00015040294,0.00015040294,0.00015040294,0.00015040294,0.00015040294,0.00015040294,0.00015040294,0.00015040294,0.00015040294,0.00015040294,0.00015040294,0.00015040294,0.00015040294,0.00015040294,0.00015040294,0.0129418885,0.00015040294,0.00015040294,0.00015040294,0.00015040294,0.00015040294,0.00015040294,0.00015040294,0.00015040294,0.00015040294,0.00015040294,0.54506713,0.00015040294,0.00015040294,0.00015040294,0.00015040294,0.00015040294,0.00015040294,0.00015040294,0.434922,0.00015040294,0.00015040294,0.00015040294,0.00015040294,0.00015040294,0.00015040294,0.00015040294,0.00015040294,0.00015040294,0.00015040294,0.00015040294,0.00015040294,0.00015040294
0.00012987717,0.00012987717,0.00012987717,0.00012987717,0.00012987717,0.00012987717,0.00012987717,0.00012987717,0.00012987717,0.00012987717,0.00012987717,0.00012987717,0.00012987717,0.00012987717,0.00012987717,0.00012987717,0.00012987717,0.00012987717,0.00012987717,0.00012987717,0.00012987717,0.00012987717,0.00012987717,0.00012987717,0.00012987717,0.00012987717,0.00012987717,0.00012987717,0.00012987717,0.00012987717,0.00012987717,0.00012987717,0.00012987717,0.00012987717,0.00012987717,0.00012987717,0.00012987717,0.9936361,0.00012987717,0.00012987717,0.00012987717,0.00012987717,0.00012987717,0.00012987717,0.00012987717,0.00012987717,0.00012987717,0.00012987717,0.00012987717,0.00012987717
0.00024099894,0.00024099894,0.00024099894,0.00024099894,0.00024099894,0.00024099894,0.00024099894,0.00024099894,0.00024099894,0.00024099894,0.00024099894,0.00024099894,0.00024099894,0.00024099894,0.00024099894,0.00024099894,0.00024099894,0.00024099894,0.00024099894,0.00024099894,0.00024099894,0.00024099894,0.00024099894,0.00024099894,0.00024099894,0.00024099894,0.00024099894,0.00024099894,0.00024099894,0.00024099894,0.00024099894,0.00024099894,0.00024099894,0.00024099894,0.00024099894,0.00024099894,0.00024099894,0.00024099894,0.00024099894,0.00024099894,0.00024099894,0.00024099894,0.00024099894,0.00024099894,0.00024099894,0.00024099894,0.00024099894,0.00024099894,0.00024099894,0.988191
0.00018524402,0.00018524402,0.00018524402,0.00018524402,0.00018524402,0.00018524402,0.00018524402,0.00018524402,0.00018524402,0.00018524402,0.00018524402,0.00018524402,0.00018524402,0.00018524402,0.00018524402,0.00018524402,0.00018524402,0.00018524402,0.00018524402,0.00018524402,0.00018524402,0.00018524402,0.00018524402,0.00018524402,0.00018524402,0.00018524402,0.00018524402,0.00018524402,0.00018524402,0.00018524402,0.00018524402,0.00018524402,0.00018524402,0.00018524402,0.00018524402,0.00018524402,0.00018524402,0.00018524402,0.00018524402,0.00018524402,0.00018524402,0.00018524402,0.00018524402,0.00018524402,0.00018524402,0.050868686,0.00018524402,0.00018524402,0.00018524402,0.9402396
0.00013245248,0.00013245248,0.00013245248,0.00013245248,0.00013245248,0.00013245248,0.00013245248,0.00013245248,0.00013245248,0.00013245248,0.00013245248,0.00013245248,0.00013245248,0.00013245248,0.00013245248,0.00013245248,0.00013245248,0.00013245248,0.00013245248,0.00013245248,0.00013245248,0.00013245248,0.00013245248,0.00013245248,0.00013245248,0.00013245248,0.00013245248,0.00013245248,0.00013245248,0.00013245248,0.00013245248,0.00013245248,0.00013245248,0.00013245248,0.00013245248,0.00013245248,0.00013245248,0.00013245248,0.00013245248,0.00013245248,0.00013245248,0.00013245248,0.00013245248,0.00013245248,0.00013245248,0.00013245248,0.00013245248,0.00013245248,0.00013245248,0.9935098
0.000104186816,0.000104186816,0.000104186816,0.000104186816,0.000104186816,0.000104186816,0.000104186816,0.000104186816,0.000104186816,0.000104186816,0.000104186816,0.000104186816,0.000104186816,0.000104186816,0.000104186816,0.000104186816,0.000104186816,0.000104186816,0.000104186816,0.000104186816,0.000104186816,0.000104186816,0.000104186816,0.000104186816,0.000104186816,0.000104186816,0.000104186816,0.000104186816,0.000104186816,0.000104186816,0.000104186816,0.000104186816,0.000104186816,0.000104186816,0.000104186816,0.000104186816,0.000104186816,0.07770177,0.000104186816,0.000104186816,0.000104186816,0.000104186816,0.000104186816,0.000104186816,0.000104186816,0.000104186816,0.000104186816,0.000104186816,0.000104186816,0.91729724
5.222727e-05,5.222727e-05,5.222727e-05,5.222727e-05,5.222727e-05,5.222727e-05,5.222727e-05,5.222727e-05,5.222727e-05,5.222727e-05,5.222727e-05,5.222727e-05,5.222727e-05,5.222727e-05,5.222727e-05,5.222727e-05,0.30874068,5.222727e-05,5.222727e-05,5.222727e-05,5.222727e-05,5.222727e-05,5.222727e-05,5.222727e-05,5.222727e-05,5.222727e-05,5.222727e-05,5.222727e-05,5.222727e-05,5.222727e-05,5.222727e-05,5.222727e-05,5.222727e-05,5.222727e-05,5.222727e-05,5.222727e-05,5.222727e-05,5.222727e-05,5.222727e-05,5.222727e-05,5.222727e-05,5.222727e-05,5.222727e-05,5.222727e-05,5.222727e-05,5.222727e-05,0.6887524,5.222727e-05,5.222727e-05,5.222727e-05
0.00019802479,0.00019802479,0.00019802479,0.00019802479,0.00019802479,0.00019802479,0.00019802479,0.00019802479,0.00019802479,0.00019802479,0.00019802479,0.00019802479,0.00019802479,0.00019802479,0.00019802479,0.00019802479,0.00019802479,0.00019802479,0.00019802479,0.00019802479,0.912676,0.00019802479,0.00019802479,0.00019802479,0.00019802479,0.00019802479,0.00019802479,0.00019802479,0.00019802479,0.00019802479,0.00019802479,0.00019802479,0.00019802479,0.00019802479,0.00019802479,0.00019802479,0.00019802479,0.00019802479,0.00019802479,0.00019802479,0.00019802479,0.00019802479,0.00019802479,0.00019802479,0.00019802479,0.00019802479,0.07781884,0.00019802479,0.00019802479,0.00019802479
0.00039217118,0.00039217118,0.00039217118,0.00039217118,0.00039217118,0.00039217118,0.00039217118,0.00039217118,0.00039217118,0.00039217118,0.00039217118,0.00039217118,0.00039217118,0.00039217118,0.00039217118,0.00039217118,0.00039217118,0.00039217118,0.00039217118,0.00039217118,0.00039217118,0.00039217118,0.98078364,0.00039217118,0.00039217118,0.00039217118,0.00039217118,0.00039217118,0.00039217118,0.00039217118,0.00039217118,0.00039217118,0.00039217118,0.00039217118,0.00039217118,0.00039217118,0.00039217118,0.00039217118,0.00039217118,0.00039217118,0.00039217118,0.00039217118,0.00039217118,0.00039217118,0.00039217118,0.00039217118,0.00039217118,0.00039217118,0.00039217118,0.00039217118
8.4752115e-05,8.4752115e-05,8.4752115e-05,8.4752115e-05,8.4752115e-05,8.4752115e-05,8.4752115e-05,8.4752115e-05,8.4752115e-05,8.4752115e-05,8.4752115e-05,8.4752115e-05,8.4752115e-05,8.4752115e-05,8.4752115e-05,8.4752115e-05,8.4752115e-05,8.4752115e-05,8.4752115e-05,8.4752115e-05,8.4752115e-05,8.4752115e-05,0.99584717,8.4752115e-05,8.4752115e-05,8.4752115e-05,8.4752115e-05,8.4752115e-05,8.4752115e-05,8.4752115e-05,8.4752115e-05,8.4752115e-05,8.4752115e-05,8.4752115e-05,8.4752115e-05,8.4752115e-05,8.4752115e-05,8.4752115e-05,8.4752115e-05,8.4752115e-05,8.4752115e-05,8.4752115e-05,8.4752115e-05,8.4752115e-05,8.4752115e-05,8.4752115e-05,8.4752115e-05,8.4752115e-05,8.4752115e-05,8.4752115e-05
0.00016808308,0.00016808308,0.00016808308,0.00016808308,0.00016808308,0.00016808308,0.00016808308,0.00016808308,0.00016808308,0.00016808308,0.00016808308,0.00016808308,0.00016808308,0.00016808308,0.00016808308,0.00016808308,0.00016808308,0.00016808308,0.00016808308,0.00016808308,0.00016808308,0.00016808308,0.00016808308,0.00016808308,0.00016808308,0.00016808308,0.00016808308,0.00016808308,0.00016808308,0.00016808308,0.00016808308,0.00016808308,0.00016808308,0.00016808308,0.00016808308,0.00016808308,0.00016808308,0.00016808308,0.00016808308,0.00016808308,0.00016808308,0.00016808308,0.00016808308,0.00016808308,0.00016808308,0.00016808308,0.00016808308,0.00016808308,0.00016808308,0.9917639
0.00012989852,0.00012989852,0.00012989852,0.00012989852,0.00012989852,0.00012989852,0.00012989852,0.00012989852,0.00012989852,0.00012989852,0.00012989852,0.00012989852,0.00012989852,0.00012989852,0.00012989852,0.00012989852,0.00012989852,0.00012989852,0.00012989852,0.00012989852,0.00012989852,0.00012989852,0.00012989852,0.00012989852,0.00012989852,0.00012989852,0.00012989852,0.00012989852,0.00012989852,0.00012989852,0.00012989852,0.00012989852,0.00012989852,0.00012989852,0.00012989852,0.00012989852,0.00012989852,0.00046930584,0.00012989852,0.00012989852,0.3462953,0.00012989852,0.00012989852,0.00012989852,0.00012989852,0.11293598,0.00012989852,0.00012989852,0.00012989852,0.5343241
3.3004377e-05,3.3004377e-05,3.3004377e-05,3.3004377e-05,3.3004377e-05,3.3004377e-05,3.3004377e-05,3.3004377e-05,3.3004377e-05,3.3004377e-05,3.3004377e-05,3.3004377e-05,3.3004377e-05,3.3004377e-05,3.3004377e-05,3.3004377e-05,3.3004377e-05,3.3004377e-05,3.3004377e-05,3.3004377e-05,3.3004377e-05,0.9983828,3.3004377e-05,3.3004377e-05,3.3004377e-05,3.3004377e-05,3.3004377e-05,3.3004377e-05,3.3004377e-05,3.3004377e-05,3.3004377e-05,3.3004377e-05,3.3004377e-05,3.3004377e-05,3.3004377e-05,3.3004377e-05,3.3004377e-05,3.3004377e-05,3.3004377e-05,3.3004377e-05,3.3004377e-05,3.3004377e-05,3.3004377e-05,3.3004377e-05,3.3004377e-05,3.3004377e-05,3.3004377e-05,3.3004377e-05,3.3004377e-05,3.3004377e-05
7.2732924e-05,7.2732924e-05,7.2732924e-05,0.0058985353,7.2732924e-05,7.2732924e-05,7.2732924e-05,7.2732924e-05,7.2732924e-05,7.2732924e-05,7.2732924e-05,7.2732924e-05,7.2732924e-05,7.2732924e-05,7.2732924e-05,7.2732924e-05,7.2732924e-05,7.2732924e-05,7.2732924e-05,0.68800336,7.2732924e-05,7.2732924e-05,7.2732924e-05,7.2732924e-05,7.2732924e-05,7.2732924e-05,7.2732924e-05,7.2732924e-05,0.25908357,7.2732924e-05,7.2732924e-05,7.2732924e-05,7.2732924e-05,7.2732924e-05,7.2732924e-05,7.2732924e-05,7.2732924e-05,7.2732924e-05,7.2732924e-05,7.2732924e-05,7.2732924e-05,7.2732924e-05,7.2732924e-05,7.2732924e-05,7.2732924e-05,7.2732924e-05,7.2732924e-05,7.2732924e-05,7.2732924e-05,0.04366882
0.00032788338,0.00032788338,0.00032788338,0.00032788338,0.00032788338,0.00032788338,0.00032788338,0.00032788338,0.00032788338,0.00032788338,0.00032788338,0.00032788338,0.00032788338,0.00032788338,0.00032788338,0.00032788338,0.00032788338,0.00032788338,0.00032788338,0.00032788338,0.00032788338,0.00032788338,0.98393375,0.00032788338,0.00032788338,0.00032788338,0.00032788338,0.00032788338,0.00032788338,0.00032788338,0.00032788338,0.00032788338,0.00032788338,0.00032788338,0.00032788338,0.00032788338,0.00032788338,0.00032788338,0.00032788338,0.00032788338,0.00032788338,0.00032788338,0.00032788338,0.00032788338,0.00032788338,0.00032788338,0.00032788338,0.00032788338,0.00032788338,0.00032788338
2.9072824e-05,2.9072824e-05,2.9072824e-05,2.9072824e-05,2.9072824e-05,2.9072824e-05,2.9072824e-05,2.9072824e-05,2.9072824e-05,0.83552897,2.9072824e-05,2.9072824e-05,2.9072824e-05,2.9072824e-05,2.9072824e-05,2.9072824e-05,2.9072824e-05,2.9072824e-05,2.9072824e-05,2.9072824e-05,2.9072824e-05,2.9072824e-05,2.9072824e-05,2.9072824e-05,2.9072824e-05,2.9072824e-05,2.9072824e-05,2.9072824e-05,2.9072824e-05,2.9072824e-05,2.9072824e-05,2.9072824e-05,2.9072824e-05,2.9072824e-05,2.9072824e-05,2.9072824e-05,2.9072824e-05,2.9072824e-05,2.9072824e-05,2.9072824e-05,2.9072824e-05,2.9072824e-05,2.9072824e-05,0.1630755,2.9072824e-05,2.9072824e-05,2.9072824e-05,2.9072824e-05,2.9072824e-05,2.9072824e-05
0.0001449299,0.0001449299,0.0001449299,0.0001449299,0.0001449299,0.0001449299,0.0001449299,0.0001449299,0.0001449299,0.0001449299,0.0001449299,0.0001449299,0.0001449299,0.0001449299,0.0001449299,0.0001449299,0.0001449299,0.0001449299,0.0001449299,0.0001449299,0.0001449299,0.0001449299,0.0001449299,0.0001449299,0.0001449299,0.0001449299,0.0001449299,0.0001449299,0.0001449299,0.0001449299,0.0001449299,0.0001449299,0.0001449299,0.0001449299,0.0001449299,0.0001449299,0.0001449299,0.0001449299,0.0001449299,0.0001449299,0.0001449299,0.0001449299,0.0001449299,0.0001449299,0.0001449299,0.0001449299,0.0001449299,0.0001449299,0.0001449299,0.99289846
8.736158e-05,8.736158e-05,8.736158e-05,8.736158e-05,8.736158e-05,8.736158e-05,8.736158e-05,8.736158e-05,8.736158e-05,8.736158e-05,8.736158e-05,8.736158e-05,8.736158e-05,8.736158e-05,8.736158e-05,8.736158e-05,8.736158e-05,8.736158e-05,8.736158e-05,8.736158e-05,8.736158e-05,8.736158e-05,8.736158e-05,8.736158e-05,8.736158e-05,8.736158e-05,8.736158e-05,8.736158e-05,0.27672815,8.736158e-05,8.736158e-05,8.736158e-05,8.736158e-05,8.736158e-05,8.736158e-05,0.35468572,0.36448014,8.736158e-05,8.736158e-05,8.736158e-05,8.736158e-05,8.736158e-05,8.736158e-05,8.736158e-05,8.736158e-05,8.736158e-05,8.736158e-05,8.736158e-05,8.736158e-05,8.736158e-05
0.8237953,9.216841e-05,9.216841e-05,9.216841e-05,9.216841e-05,9.216841e-05,9.216841e-05,9.216841e-05,9.216841e-05,9.216841e-05,9.216841e-05,9.216841e-05,9.216841e-05,9.216841e-05,9.216841e-05,9.216841e-05,9.216841e-05,9.216841e-05,9.216841e-05,9.216841e-05,9.216841e-05,9.216841e-05,9.216841e-05,0.17178054,9.216841e-05,9.216841e-05,9.216841e-05,9.216841e-05,9.216841e-05,9.216841e-05,9.216841e-05,9.216841e-05,9.216841e-05,9.216841e-05,9.216841e-05,9.216841e-05,9.216841e-05,9.216841e-05,9.216841e-05,9.216841e-05,9.216841e-05,9.216841e-05,9.216841e-05,9.216841e-05,9.216841e-05,9.216841e-05,9.216841e-05,9.216841e-05,9.216841e-05,9.216841e-05
8.0003396e-05,8.0003396e-05,8.0003396e-05,8.0003396e-05,8.0003396e-05,8.0003396e-05,8.0003396e-05,8.0003396e-05,8.0003396e-05,8.0003396e-05,8.0003396e-05,8.0003396e-05,8.0003396e-05,8.0003396e-05,8.0003396e-05,8.0003396e-05,8.0003396e-05,8.0003396e-05,8.0003396e-05,8.0003396e-05,8.0003396e-05,8.0003396e-05,8.0003396e-05,0.38886583,8.0003396e-05,8.0003396e-05,8.0003396e-05,8.0003396e-05,8.0003396e-05,8.0003396e-05,8.0003396e-05,8.0003396e-05,8.0003396e-05,8.0003396e-05,8.0003396e-05,0.60729396,8.0003396e-05,8.0003396e-05,8.0003396e-05,8.0003396e-05,8.0003396e-05,8.0003396e-05,8.0003396e-05,8.0003396e-05,8.0003396e-05,8.0003396e-05,8.0003396e-05,8.0003396e-05,8.0003396e-05,8.0003396e-05
0.00018519182,0.00018519182,0.00018519182,0.00018519182,0.00018519182,0.00018519182,0.00018519182,0.00018519182,0.00018519182,0.00018519182,0.00018519182,0.00018519182,0.00018519182,0.00018519182,0.00018519182,0.00018519182,0.00018519182,0.00018519182,0.00018519182,0.00018519182,0.00018519182,0.00018519182,0.00018519182,0.00018519182,0.00018519182,0.00018519182,0.00018519182,0.00018519182,0.99092555,0.00018519182,0.00018519182,0.00018519182,0.00018519182,0.00018519182,0.00018519182,0.00018519182,0.00018519182,0.00018519182,0.00018519182,0.00018519182,0.00018519182,0.00018519182,0.00018519182,0.00018519182,0.00018519182,0.00018519182,0.00018519182,0.00018519182,0.00018519182,0.00018519182
7.042344e-05,7.042344e-05,7.042344e-05,7.042344e-05,7.042344e-05,7.042344e-05,7.042344e-05,7.042344e-05,7.042344e-05,7.042344e-05,7.042344e-05,7.042344e-05,7.042344e-05,7.042344e-05,7.042344e-05,7.042344e-05,7.042344e-05,7.042344e-05,7.042344e-05,7.042344e-05,7.042344e-05,7.042344e-05,7.042344e-05,7.042344e-05,7.042344e-05,7.042344e-05,7.042344e-05,7.042344e-05,7.042344e-05,7.042344e-05,7.042344e-05,7.042344e-05,7.042344e-05,7.042344e-05,7.042344e-05,7.042344e-05,7.042344e-05,7.042344e-05,7.042344e-05,7.042344e-05,7.042344e-05,7.042344e-05,7.042344e-05,7.042344e-05,7.042344e-05,7.042344e-05,7.042344e-05,7.042344e-05,7.042344e-05,0.9965492
0.00037739723,0.00037739723,0.00037739723,0.00037739723,0.00037739723,0.00037739723,0.00037739723,0.00037739723,0.00037739723,0.00037739723,0.00037739723,0.00037739723,0.00037739723,0.00037739723,0.00037739723,0.00037739723,0.00037739723,0.00037739723,0.00037739723,0.00037739723,0.00037739723,0.00037739723,0.00037739723,0.00037739723,0.00037739723,0.00037739723,0.00037739723,0.00037739723,0.033945296,0.00037739723,0.00037739723,0.00037739723,0.00037739723,0.69490576,0.00037739723,0.00037739723,0.00037739723,0.25341123,0.00037739723,0.00037739723,0.00037739723,0.00037739723,0.00037739723,0.00037739723,0.00037739723,0.00037739723,0.00037739723,0.00037739723,0.00037739723,0.00037739723
0.00028572438,0.00028572438,0.00028572438,0.00028572438,0.00028572438,0.00028572438,0.00028572438,0.00028572438,0.00028572438,0.00028572438,0.00028572438,0.00028572438,0.00028572438,0.00028572438,0.00028572438,0.00028572438,0.00028572438,0.00028572438,0.00028572438,0.00028572438,0.00028572438,0.00028572438,0.98599946,0.00028572438,0.00028572438,0.00028572438,0.00028572438,0.00028572438,0.00028572438,0.00028572438,0.00028572438,0.00028572438,0.00028572438,0.00028572438,0.00028572438,0.00028572438,0.00028572438,0.00028572438,0.00028572438,0.00028572438,0.00028572438,0.00028572438,0.00028572438,0.00028572438,0.00028572438,0.00028572438,0.00028572438,0.00028572438,0.00028572438,0.00028572438
0.000101527425,0.000101527425,0.000101527425,0.48414144,0.000101527425,0.000101527425,0.000101527425,0.000101527425,0.000101527425,0.000101527425,0.000101527425,0.000101527425,0.000101527425,0.000101527425,0.000101527425,0.000101527425,0.000101527425,0.000101527425,0.000101527425,0.000101527425,0.000101527425,0.000101527425,0.000101527425,0.000101527425,0.000101527425,0.000101527425,0.000101527425,0.000101527425,0.000101527425,0.000101527425,0.000101527425,0.000101527425,0.000101527425,0.000101527425,0.000101527425,0.000101527425,0.000101527425,0.000101527425,0.000101527425,0.000101527425,0.000101527425,0.000101527425,0.000101527425,0.000101527425,0.000101527425,0.51098526,0.000101527425,0.000101527425,0.000101527425,0.000101527425
3.8763334e-05,3.8763334e-05,3.8763334e-05,0.26054865,3.8763334e-05,3.8763334e-05,3.8763334e-05,3.8763334e-05,3.8763334e-05,3.8763334e-05,3.8763334e-05,3.8763334e-05,3.8763334e-05,3.8763334e-05,3.8763334e-05,3.8763334e-05,3.8763334e-05,3.8763334e-05,3.8763334e-05,3.8763334e-05,3.8763334e-05,3.8763334e-05,3.8763334e-05,0.063223176,3.8763334e-05,3.8763334e-05,3.8763334e-05,3.8763334e-05,3.8763334e-05,3.8763334e-05,3.8763334e-05,3.8763334e-05,3.8763334e-05,3.8763334e-05,3.8763334e-05,3.8763334e-05,3.8763334e-05,3.8763334e-05,3.8763334e-05,3.8763334e-05,3.8763334e-05,3.8763334e-05,3.8763334e-05,3.8763334e-05,3.8763334e-05,0.6744063,3.8763334e-05,3.8763334e-05,3.8763334e-05,3.8763334e-05
5.2087424e-05,5.2087424e-05,5.2087424e-05,5.2087424e-05,5.2087424e-05,5.2087424e-05,5.2087424e-05,5.2087424e-05,5.2087424e-05,5.2087424e-05,5.2087424e-05,5.2087424e-05,5.2087424e-05,5.2087424e-05,5.2087424e-05,5.2087424e-05,5.2087424e-05,5.2087424e-05,5.2087424e-05,5.2087424e-05,5.2087424e-05,5.2087424e-05,5.2087424e-05,5.2087424e-05,5.2087424e-05,5.2087424e-05,5.2087424e-05,5.2087424e-05,5.2087424e-05,5.2087424e-05,5.2087424e-05,5.2087424e-05,5.2087424e-05,5.2087424e-05,5.2087424e-05,5.2087424e-05,5.2087424e-05,5.2087424e-05,5.2087424e-05,5.2087424e-05,5.2087424e-05,5.2087424e-05,5.2087424e-05,5.2087424e-05,5.2087424e-05,0.99744767,5.2087424e-05,5.2087424e-05,5.2087424e-05,5.2087424e-05
6.390207e-05,6.390207e-05,6.390207e-05,0.45119599,6.390207e-05,6.390207e-05,6.390207e-05,6.390207e-05,6.390207e-05,6.390207e-05,6.390207e-05,6.390207e-05,6.390207e-05,6.390207e-05,6.390207e-05,6.390207e-05,6.390207e-05,6.390207e-05,6.390207e-05,6.390207e-05,6.390207e-05,6.390207e-05,6.390207e-05,6.390207e-05,0.52812314,6.390207e-05,6.390207e-05,6.390207e-05,6.390207e-05,6.390207e-05,6.390207e-05,6.390207e-05,6.390207e-05,6.390207e-05,6.390207e-05,6.390207e-05,6.390207e-05,6.390207e-05,6.390207e-05,6.390207e-05,6.390207e-05,6.390207e-05,6.390207e-05,6.390207e-05,6.390207e-05,0.017677445,6.390207e-05,6.390207e-05,6.390207e-05,6.390207e-05
8.439804e-05,8.439804e-05,8.439804e-05,0.4711712,8.439804e-05,8.439804e-05,8.439804e-05,8.439804e-05,8.439804e-05,8.439804e-05,8.439804e-05,8.439804e-05,8.439804e-05,8.439804e-05,8.439804e-05,8.439804e-05,8.439804e-05,8.439804e-05,8.439804e-05,8.439804e-05,8.439804e-05,8.439804e-05,8.439804e-05,8.439804e-05,8.439804e-05,8.439804e-05,8.439804e-05,8.439804e-05,8.439804e-05,8.439804e-05,8.439804e-05,8.439804e-05,8.439804e-05,8.439804e-05,8.439804e-05,8.439804e-05,8.439804e-05,8.439804e-05,8.439804e-05,8.439804e-05,8.439804e-05,8.439804e-05,8.439804e-05,8.439804e-05,8.439804e-05,0.52477765,8.439804e-05,8.439804e-05,8.439804e-05,8.439804e-05
5.917531e-05,5.917531e-05,5.917531e-05,5.917531e-05,5.917531e-05,5.917531e-05,5.917531e-05,5.917531e-05,5.917531e-05,5.917531e-05,5.917531e-05,5.917531e-05,5.917531e-05,5.917531e-05,5.917531e-05,5.917531e-05,5.917531e-05,5.917531e-05,5.917531e-05,5.917531e-05,0.2517412,5.917531e-05,5.917531e-05,5.917531e-05,5.917531e-05,5.917531e-05,5.917531e-05,5.917531e-05,5.917531e-05,5.917531e-05,5.917531e-05,5.917531e-05,5.917531e-05,5.917531e-05,5.917531e-05,5.917531e-05,5.917531e-05,5.917531e-05,5.917531e-05,5.917531e-05,5.917531e-05,5.917531e-05,5.917531e-05,5.917531e-05,5.917531e-05,0.74541837,5.917531e-05,5.917531e-05,5.917531e-05,5.917531e-05
4.6621466e-05,4.6621466e-05,4.6621466e-05,0.99771553,4.6621466e-05,4.6621466e-05,4.6621466e-05,4.6621466e-05,4.6621466e-05,4.6621466e-05,4.6621466e-05,4.6621466e-05,4.6621466e-05,4.6621466e-05,4.6621466e-05,4.6621466e-05,4.6621466e-05,4.6621466e-05,4.6621466e-05,4.6621466e-05,4.6621466e-05,4.6621466e-05,4.6621466e-05,4.6621466e-05,4.6621466e-05,4.6621466e-05,4.6621466e-05,4.6621466e-05,4.6621466e-05,4.6621466e-05,4.6621466e-05,4.6621466e-05,4.6621466e-05,4.6621466e-05,4.6621466e-05,4.6621466e-05,4.6621466e-05,4.6621466e-05,4.6621466e-05,4.6621466e-05,4.6621466e-05,4.6621466e-05,4.6621466e-05,4.6621466e-05,4.6621466e-05,4.6621466e-05,4.6621466e-05,4.6621466e-05,4.6621466e-05,4.6621466e-05
0.00016666962,0.00016666962,0.00016666962,0.00016666962,0.00016666962,0.00016666962,0.00016666962,0.00016666962,0.00016666962,0.00016666962,0.00016666962,0.00016666962,0.00016666962,0.00016666962,0.00016666962,0.00016666962,0.00016666962,0.00016666962,0.00016666962,0.00016666962,0.00016666962,0.00016666962,0.00016666962,0.00016666962,0.00016666962,0.00016666962,0.00016666962,0.00016666962,0.00016666962,0.00016666962,0.00016666962,0.00016666962,0.00016666962,0.00016666962,0.00016666962,0.00016666962,0.00016666962,0.00016666962,0.00016666962,0.00016666962,0.00016666962,0.00016666962,0.00016666962,0.00016666962,0.00016666962,0.95918,0.00016666962,0.00016666962,0.03281985,0.00016666962
0.00020001853,0.00020001853,0.00020001853,0.00020001853,0.00020001853,0.00020001853,0.00020001853,0.00020001853,0.00020001853,0.00020001853,0.00020001853,0.00020001853,0.00020001853,0.00020001853,0.00020001853,0.00020001853,0.00020001853,0.00020001853,0.00020001853,0.00020001853,0.00020001853,0.00020001853,0.13925526,0.00020001853,0.00020001853,0.00020001853,0.00020001853,0.00020001853,0.00020001853,0.00020001853,0.00020001853,0.00020001853,0.00020001853,0.00020001853,0.00020001853,0.82139635,0.00020001853,0.00020001853,0.00020001853,0.00020001853,0.00020001853,0.00020001853,0.00020001853,0.00020001853,0.00020001853,0.029947566,0.00020001853,0.00020001853,0.00020001853,0.00020001853
2.0102292e-05,2.0102292e-05,2.0102292e-05,2.0102292e-05,2.0102292e-05,2.0102292e-05,0.028310325,2.0102292e-05,0.97072476,2.0102292e-05,2.0102292e-05,2.0102292e-05,2.0102292e-05,2.0102292e-05,2.0102292e-05,2.0102292e-05,2.0102292e-05,2.0102292e-05,2.0102292e-05,2.0102292e-05,2.0102292e-05,2.0102292e-05,2.0102292e-05,2.0102292e-05,2.0102292e-05,2.0102292e-05,2.0102292e-05,2.0102292e-05,2.0102292e-05,2.0102292e-05,2.0102292e-05,2.0102292e-05,2.0102292e-05,2.0102292e-05,2.0102292e-05,2.0102292e-05,2.0102292e-05,2.0102292e-05,2.0102292e-05,2.0102292e-05,2.0102292e-05,2.0102292e-05,2.0102292e-05,2.0102292e-05,2.0102292e-05,2.0102292e-05,2.0102292e-05,2.0102292e-05,2.0102292e-05,2.0102292e-05
0.00014598886,0.00014598886,0.00014598886,0.00014598886,0.00014598886,0.00014598886,0.00014598886,0.99284655,0.00014598886,0.00014598886,0.00014598886,0.00014598886,0.00014598886,0.00014598886,0.00014598886,0.00014598886,0.00014598886,0.00014598886,0.00014598886,0.00014598886,0.00014598886,0.00014598886,0.00014598886,0.00014598886,0.00014598886,0.00014598886,0.00014598886,0.00014598886,0.00014598886,0.00014598886,0.00014598886,0.00014598886,0.00014598886,0.00014598886,0.00014598886,0.00014598886,0.00014598886,0.00014598886,0.00014598886,0.00014598886,0.00014598886,0.00014598886,0.00014598886,0.00014598886,0.00014598886,0.00014598886,0.00014598886,0.00014598886,0.00014598886,0.00014598886
0.00021739943,0.00021739943,0.00021739943,0.00021739943,0.00021739943,0.00021739943,0.00021739943,0.062101346,0.00021739943,0.00021739943,0.00021739943,0.00021739943,0.00021739943,0.00021739943,0.00021739943,0.00021739943,0.00021739943,0.00021739943,0.00021739943,0.00021739943,0.00021739943,0.00021739943,0.00021739943,0.00021739943,0.74310446,0.00021739943,0.00021739943,0.00021739943,0.18457645,0.00021739943,0.00021739943,0.00021739943,0.00021739943,0.00021739943,0.00021739943,0.00021739943,0.00021739943,0.00021739943,0.00021739943,0.00021739943,0.00021739943,0.00021739943,0.00021739943,0.00021739943,0.00021739943,0.00021739943,0.00021739943,0.00021739943,0.00021739943,0.00021739943
7.9682075e-05,7.9682075e-05,7.9682075e-05,7.9682075e-05,7.9682075e-05,7.9682075e-05,7.9682075e-05,7.9682075e-05,7.9682075e-05,7.9682075e-05,7.9682075e-05,7.9682075e-05,7.9682075e-05,0.9960956,7.9682075e-05,7.9682075e-05,7.9682075e-05,7.9682075e-05,7.9682075e-05,7.9682075e-05,7.9682075e-05,7.9682075e-05,7.9682075e-05,7.9682075e-05,7.9682075e-05,7.9682075e-05,7.9682075e-05,7.9682075e-05,7.9682075e-05,7.9682075e-05,7.9682075e-05,7.9682075e-05,7.9682075e-05,7.9682075e-05,7.9682075e-05,7.9682075e-05,7.9682075e-05,7.9682075e-05,7.9682075e-05,7.9682075e-05,7.9682075e-05,7.9682075e-05,7.9682075e-05,7.9682075e-05,7.9682075e-05,7.9682075e-05,7.9682075e-05,7.9682075e-05,7.9682075e-05,7.9682075e-05
7.843267e-05,7.843267e-05,7.843267e-05,7.843267e-05,7.843267e-05,7.843267e-05,7.843267e-05,7.843267e-05,7.843267e-05,7.843267e-05,7.843267e-05,7.843267e-05,7.843267e-05,7.843267e-05,7.843267e-05,7.843267e-05,7.843267e-05,7.843267e-05,7.843267e-05,7.843267e-05,7.843267e-05,7.843267e-05,7.843267e-05,0.9961568,7.843267e-05,7.843267e-05,7.843267e-05,7.843267e-05,7.843267e-05,7.843267e-05,7.843267e-05,7.843267e-05,7.843267e-05,7.843267e-05,7.843267e-05,7.843267e-05,7.843267e-05,7.843267e-05,7.843267e-05,7.843267e-05,7.843267e-05,7.843267e-05,7.843267e-05,7.843267e-05,7.843267e-05,7.843267e-05,7.843267e-05,7.843267e-05,7.843267e-05,7.843267e-05
5.586722e-05,5.586722e-05,5.586722e-05,5.586722e-05,5.586722e-05,5.586722e-05,0.8954118,5.586722e-05,5.586722e-05,5.586722e-05,5.586722e-05,5.586722e-05,5.586722e-05,5.586722e-05,5.586722e-05,5.586722e-05,5.586722e-05,5.586722e-05,5.586722e-05,5.586722e-05,5.586722e-05,5.586722e-05,5.586722e-05,5.586722e-05,5.586722e-05,5.586722e-05,5.586722e-05,5.586722e-05,5.586722e-05,5.586722e-05,5.586722e-05,5.586722e-05,5.586722e-05,0.101906605,5.586722e-05,5.586722e-05,5.586722e-05,5.586722e-05,5.586722e-05,5.586722e-05,5.586722e-05,5.586722e-05,5.586722e-05,5.586722e-05,5.586722e-05,5.586722e-05,5.586722e-05,5.586722e-05,5.586722e-05,5.586722e-05
0.00033334372,0.00033334372,0.00033334372,0.00033334372,0.00033334372,0.00033334372,0.00033334372,0.00033334372,0.00033334372,0.00033334372,0.00033334372,0.00033334372,0.00033334372,0.00033334372,0.00033334372,0.00033334372,0.00033334372,0.00033334372,0.00033334372,0.00033334372,0.9836662,0.00033334372,0.00033334372,0.00033334372,0.00033334372,0.00033334372,0.00033334372,0.00033334372,0.00033334372,0.00033334372,0.00033334372,0.00033334372,0.00033334372,0.00033334372,0.00033334372,0.00033334372,0.00033334372,0.00033334372,0.00033334372,0.00033334372,0.00033334372,0.00033334372,0.00033334372,0.00033334372,0.00033334372,0.00033334372,0.00033334372,0.00033334372,0.00033334372,0.00033334372
0.00023815793,0.00023815793,0.00023815793,0.00023815793,0.00023815793,0.00023815793,0.00023815793,0.00023815793,0.00023815793,0.00023815793,0.00023815793,0.00023815793,0.00023815793,0.49991497,0.00023815793,0.00023815793,0.00023815793,0.00023815793,0.00023815793,0.00023815793,0.00023815793,0.00023815793,0.00023815793,0.00023815793,0.00023815793,0.00023815793,0.00023815793,0.00023815793,0.00023815793,0.00023815793,0.00023815793,0.00023815793,0.00023815793,0.00023815793,0.00023815793,0.00023815793,0.00023815793,0.00023815793,0.00023815793,0.00023815793,0.00023815793,0.00023815793,0.00023815793,0.00023815793,0.00023815793,0.48865342,0.00023815793,0.00023815793,0.00023815793,0.00023815793
0.00019047946,0.00019047946,0.00019047946,0.00019047946,0.00019047946,0.00019047946,0.00019047946,0.00019047946,0.00019047946,0.00019047946,0.00019047946,0.00019047946,0.00019047946,0.00019047946,0.00019047946,0.00019047946,0.00019047946,0.00019047946,0.00019047946,0.00019047946,0.00019047946,0.00019047946,0.00019047946,0.00019047946,0.00019047946,0.99066645,0.00019047946,0.00019047946,0.00019047946,0.00019047946,0.00019047946,0.00019047946,0.00019047946,0.00019047946,0.00019047946,0.00019047946,0.00019047946,0.00019047946,0.00019047946,0.00019047946,0.00019047946,0.00019047946,0.00019047946,0.00019047946,0.00019047946,0.00019047946,0.00019047946,0.00019047946,0.00019047946,0.00019047946
0.00014926016,0.00014926016,0.00014926016,0.00014926016,0.00014926016,0.00014926016,0.00014926016,0.00014926016,0.00014926016,0.00014926016,0.00014926016,0.00014926016,0.00014926016,0.00014926016,0.00014926016,0.00014926016,0.00014926016,0.00014926016,0.00014926016,0.00014926016,0.00014926016,0.00014926016,0.00014926016,0.00014926016,0.00014926016,0.00014926016,0.00014926016,0.00014926016,0.9926863,0.00014926016,0.00014926016,0.00014926016,0.00014926016,0.00014926016,0.00014926016,0.00014926016,0.00014926016,0.00014926016,0.00014926016,0.00014926016,0.00014926016,0.00014926016,0.00014926016,0.00014926016,0.00014926016,0.00014926016,0.00014926016,0.00014926016,0.00014926016,0.00014926016
0.0001504025,0.0001504025,0.0001504025,0.0001504025,0.0001504025,0.0001504025,0.0001504025,0.0001504025,0.0001504025,0.0001504025,0.0001504025,0.0001504025,0.0001504025,0.0001504025,0.0001504025,0.0001504025,0.0001504025,0.0001504025,0.0001504025,0.0001504025,0.0001504025,0.0001504025,0.0001504025,0.0001504025,0.0001504025,0.0001504025,0.0001504025,0.0001504025,0.9926303,0.0001504025,0.0001504025,0.0001504025,0.0001504025,0.0001504025,0.0001504025,0.0001504025,0.0001504025,0.0001504025,0.0001504025,0.0001504025,0.0001504025,0.0001504025,0.0001504025,0.0001504025,0.0001504025,0.0001504025,0.0001504025,0.0001504025,0.0001504025,0.0001504025
0.00025001395,0.00025001395,0.00025001395,0.00025001395,0.00025001395,0.00025001395,0.00025001395,0.00025001395,0.00025001395,0.00025001395,0.00025001395,0.00025001395,0.00025001395,0.00025001395,0.00025001395,0.00025001395,0.00025001395,0.00025001395,0.00025001395,0.00025001395,0.00025001395,0.00025001395,0.00025001395,0.00025001395,0.00025001395,0.00025001395,0.00025001395,0.00025001395,0.00025001395,0.00025001395,0.00025001395,0.00025001395,0.00025001395,0.17084664,0.00025001395,0.00025001395,0.00025001395,0.00025001395,0.00025001395,0.00025001395,0.00025001395,0.00025001395,0.00025001395,0.12646139,0.00025001395,0.00025001395,0.00025001395,0.00025001395,0.00025001395,0.69094133
0.00018518788,0.00018518788,0.00018518788,0.00018518788,0.00018518788,0.00018518788,0.00018518788,0.00018518788,0.00018518788,0.00018518788,0.00018518788,0.00018518788,0.00018518788,0.00018518788,0.00018518788,0.00018518788,0.00018518788,0.00018518788,0.9909258,0.00018518788,0.00018518788,0.00018518788,0.00018518788,0.00018518788,0.00018518788,0.00018518788,0.00018518788,0.00018518788,0.00018518788,0.00018518788,0.00018518788,0.00018518788,0.00018518788,0.00018518788,0.00018518788,0.00018518788,0.00018518788,0.00018518788,0.00018518788,0.00018518788,0.00018518788,0.00018518788,0.00018518788,0.00018518788,0.00018518788,0.00018518788,0.00018518788,0.00018518788,0.00018518788,0.00018518788
0.0003571727,0.0003571727,0.0003571727,0.0003571727,0.0003571727,0.0003571727,0.0003571727,0.0003571727,0.0003571727,0.0003571727,0.0003571727,0.0003571727,0.0003571727,0.0003571727,0.0003571727,0.0003571727,0.0003571727,0.0003571727,0.0003571727,0.0003571727,0.0003571727,0.0003571727,0.0003571727,0.0003571727,0.0003571727,0.0003571727,0.0003571727,0.0003571727,0.0003571727,0.0003571727,0.0003571727,0.0003571727,0.0003571727,0.0003571727,0.0003571727,0.0003571727,0.0003571727,0.0003571727,0.0003571727,0.4580114,0.0003571727,0.0003571727,0.0003571727,0.0003571727,0.0003571727,0.0003571727,0.0003571727,0.0003571727,0.0003571727,0.52484435
0.0004444506,0.0004444506,0.0004444506,0.0004444506,0.0004444506,0.0004444506,0.0004444506,0.0004444506,0.0004444506,0.0004444506,0.97822195,0.0004444506,0.0004444506,0.0004444506,0.0004444506,0.0004444506,0.0004444506,0.0004444506,0.0004444506,0.0004444506,0.0004444506,0.0004444506,0.0004444506,0.0004444506,0.0004444506,0.0004444506,0.0004444506,0.0004444506,0.0004444506,0.0004444506,0.0004444506,0.0004444506,0.0004444506,0.0004444506,0.0004444506,0.0004444506,0.0004444506,0.0004444506,0.0004444506,0.0004444506,0.0004444506,0.0004444506,0.0004444506,0.0004444506,0.0004444506,0.0004444506,0.0004444506,0.0004444506,0.0004444506,0.0004444506
