0.00019201975,0.00019201975,0.00019201975,0.00019201975,0.00019201975,0.00019201975,0.2946161,0.00019201975,0.00019201975,0.00019201975,0.00019201975,0.00019201975,0.00019201975,0.00019201975,0.00019201975,0.00019201975,0.00019201975,0.00019201975,0.00019201975,0.00019201975,0.00019201975,0.00019201975,0.00019201975,0.00019201975,0.00019201975,0.00019201975,0.00019201975,0.00019201975,0.00019201975,0.00019201975,0.00019201975,0.00019201975,0.6977031,0.00019201975,0.00019201975,0.00019201975,0.00019201975,0.00019201975,0.00019201975,0.00019201975,0.00019201975,0.00019201975
0.00017129624,0.00017129624,0.00017129624,0.00017129624,0.00017129624,0.00017129624,0.8829403,0.00017129624,0.00017129624,0.00017129624,0.00017129624,0.00017129624,0.00017129624,0.00017129624,0.00017129624,0.00017129624,0.11020784,0.00017129624,0.00017129624,0.00017129624,0.00017129624,0.00017129624,0.00017129624,0.00017129624,0.00017129624,0.00017129624,0.00017129624,0.00017129624,0.00017129624,0.00017129624,0.00017129624,0.00017129624,0.00017129624,0.00017129624,0.00017129624,0.00017129624,0.00017129624,0.00017129624,0.00017129624,0.00017129624,0.00017129624,0.00017129624
0.00059525954,0.00059525954,0.00059525954,0.00059525954,0.00059525954,0.00059525954,0.32976365,0.00059525954,0.00059525954,0.00059525954,0.00059525954,0.00059525954,0.00059525954,0.00059525954,0.00059525954,0.00059525954,0.00059525954,0.00059525954,0.00059525954,0.00059525954,0.00059525954,0.00059525954,0.00059525954,0.00059525954,0.00059525954,0.00059525954,0.00059525954,0.2582723,0.00059525954,0.00059525954,0.00059525954,0.00059525954,0.3887489,0.00059525954,0.00059525954,0.00059525954,0.00059525954,0.00059525954,0.00059525954,0.00059525954,0.00059525954,0.00059525954
2.5124706e-05,2.5124706e-05,2.5124706e-05,2.5124706e-05,2.5124706e-05,2.5124706e-05,0.121008664,2.5124706e-05,0.0011172853,2.5124706e-05,2.5124706e-05,2.5124706e-05,2.5124706e-05,0.5844229,2.5124706e-05,2.5124706e-05,2.5124706e-05,2.5124706e-05,2.5124706e-05,2.5124706e-05,2.5124706e-05,2.5124706e-05,2.5124706e-05,2.5124706e-05,2.5124706e-05,2.5124706e-05,2.5124706e-05,2.5124706e-05,2.5124706e-05,2.5124706e-05,2.5124706e-05,2.5124706e-05,0.0315253,2.5124706e-05,2.5124706e-05,2.5124706e-05,2.5124706e-05,2.5124706e-05,0.26099622,2.5124706e-05,2.5124706e-05,2.5124706e-05
6.523364e-05,6.523364e-05,6.523364e-05,6.523364e-05,6.523364e-05,6.523364e-05,0.9973254,6.523364e-05,6.523364e-05,6.523364e-05,6.523364e-05,6.523364e-05,6.523364e-05,6.523364e-05,6.523364e-05,6.523364e-05,6.523364e-05,6.523364e-05,6.523364e-05,6.523364e-05,6.523364e-05,6.523364e-05,6.523364e-05,6.523364e-05,6.523364e-05,6.523364e-05,6.523364e-05,6.523364e-05,6.523364e-05,6.523364e-05,6.523364e-05,6.523364e-05,6.523364e-05,6.523364e-05,6.523364e-05,6.523364e-05,6.523364e-05,6.523364e-05,6.523364e-05,6.523364e-05,6.523364e-05,6.523364e-05
0.00025063363,0.00025063363,0.00025063363,0.00025063363,0.00025063363,0.00025063363,0.98972404,0.00025063363,0.00025063363,0.00025063363,0.00025063363,0.00025063363,0.00025063363,0.00025063363,0.00025063363,0.00025063363,0.00025063363,0.00025063363,0.00025063363,0.00025063363,0.00025063363,0.00025063363,0.00025063363,0.00025063363,0.00025063363,0.00025063363,0.00025063363,0.00025063363,0.00025063363,0.00025063363,0.00025063363,0.00025063363,0.00025063363,0.00025063363,0.00025063363,0.00025063363,0.00025063363,0.00025063363,0.00025063363,0.00025063363,0.00025063363,0.00025063363
0.00025602357,0.00025602357,0.00025602357,0.00025602357,0.00025602357,0.00025602357,0.989503,0.00025602357,0.00025602357,0.00025602357,0.00025602357,0.00025602357,0.00025602357,0.00025602357,0.00025602357,0.00025602357,0.00025602357,0.00025602357,0.00025602357,0.00025602357,0.00025602357,0.00025602357,0.00025602357,0.00025602357,0.00025602357,0.00025602357,0.00025602357,0.00025602357,0.00025602357,0.00025602357,0.00025602357,0.00025602357,0.00025602357,0.00025602357,0.00025602357,0.00025602357,0.00025602357,0.00025602357,0.00025602357,0.00025602357,0.00025602357,0.00025602357
0.0005065907,0.0005065907,0.0005065907,0.0005065907,0.0005065907,0.0005065907,0.9792298,0.0005065907,0.0005065907,0.0005065907,0.0005065907,0.0005065907,0.0005065907,0.0005065907,0.0005065907,0.0005065907,0.0005065907,0.0005065907,0.0005065907,0.0005065907,0.0005065907,0.0005065907,0.0005065907,0.0005065907,0.0005065907,0.0005065907,0.0005065907,0.0005065907,0.0005065907,0.0005065907,0.0005065907,0.0005065907,0.0005065907,0.0005065907,0.0005065907,0.0005065907,0.0005065907,0.0005065907,0.0005065907,0.0005065907,0.0005065907,0.0005065907
0.00051760726,0.00051760726,0.00051760726,0.00051760726,0.00051760726,0.00051760726,0.034039207,0.00051760726,0.00051760726,0.9452565,0.00051760726,0.00051760726,0.00051760726,0.00051760726,0.00051760726,0.00051760726,0.00051760726,0.00051760726,0.00051760726,0.00051760726,0.00051760726,0.00051760726,0.00051760726,0.00051760726,0.00051760726,0.00051760726,0.00051760726,0.00051760726,0.00051760726,0.00051760726,0.00051760726,0.00051760726,0.00051760726,0.00051760726,0.00051760726,0.00051760726,0.00051760726,0.00051760726,0.00051760726,0.00051760726,0.00051760726,0.00051760726
0.0004578881,0.0004578881,0.0004578881,0.0004578881,0.0004578881,0.0004578881,0.0004578881,0.0004578881,0.0004578881,0.0004578881,0.0004578881,0.0004578881,0.0004578881,0.0004578881,0.0004578881,0.0004578881,0.0004578881,0.0004578881,0.0004578881,0.0004578881,0.0004578881,0.0004578881,0.0004578881,0.0004578881,0.0004578881,0.0004578881,0.0004578881,0.0004578881,0.0004578881,0.0004578881,0.0004578881,0.0004578881,0.9812266,0.0004578881,0.0004578881,0.0004578881,0.0004578881,0.0004578881,0.0004578881,0.0004578881,0.0004578881,0.0004578881
0.00020177868,0.00020177868,0.00020177868,0.00020177868,0.00020177868,0.00020177868,0.00020177868,0.00020177868,0.00020177868,0.0537111,0.00020177868,0.00020177868,0.00020177868,0.00020177868,0.00020177868,0.00020177868,0.00020177868,0.00020177868,0.00020177868,0.00020177868,0.00020177868,0.00020177868,0.00020177868,0.00020177868,0.00020177868,0.00020177868,0.00020177868,0.00020177868,0.00020177868,0.00020177868,0.00020177868,0.00020177868,0.826159,0.00020177868,0.00020177868,0.00020177868,0.00020177868,0.00020177868,0.00020177868,0.11226057,0.00020177868,0.00020177868
0.00012086489,0.00012086489,0.00012086489,0.00012086489,0.00012086489,0.00012086489,0.9950445,0.00012086489,0.00012086489,0.00012086489,0.00012086489,0.00012086489,0.00012086489,0.00012086489,0.00012086489,0.00012086489,0.00012086489,0.00012086489,0.00012086489,0.00012086489,0.00012086489,0.00012086489,0.00012086489,0.00012086489,0.00012086489,0.00012086489,0.00012086489,0.00012086489,0.00012086489,0.00012086489,0.00012086489,0.00012086489,0.00012086489,0.00012086489,0.00012086489,0.00012086489,0.00012086489,0.00012086489,0.00012086489,0.00012086489,0.00012086489,0.00012086489
0.0002834564,0.0002834564,0.0002834564,0.0002834564,0.0002834564,0.0002834564,0.27426648,0.0002834564,0.0002834564,0.0002834564,0.0002834564,0.0002834564,0.0002834564,0.0002834564,0.0002834564,0.0002834564,0.0002834564,0.0002834564,0.0002834564,0.0002834564,0.0002834564,0.0002834564,0.0002834564,0.0002834564,0.0002834564,0.0002834564,0.0002834564,0.0002834564,0.0002834564,0.0002834564,0.0002834564,0.0002834564,0.7143953,0.0002834564,0.0002834564,0.0002834564,0.0002834564,0.0002834564,0.0002834564,0.0002834564,0.0002834564,0.0002834564
0.0003720327,0.0003720327,0.0003720327,0.0003720327,0.0003720327,0.0003720327,0.9847467,0.0003720327,0.0003720327,0.0003720327,0.0003720327,0.0003720327,0.0003720327,0.0003720327,0.0003720327,0.0003720327,0.0003720327,0.0003720327,0.0003720327,0.0003720327,0.0003720327,0.0003720327,0.0003720327,0.0003720327,0.0003720327,0.0003720327,0.0003720327,0.0003720327,0.0003720327,0.0003720327,0.0003720327,0.0003720327,0.0003720327,0.0003720327,0.0003720327,0.0003720327,0.0003720327,0.0003720327,0.0003720327,0.0003720327,0.0003720327,0.0003720327
0.00034014354,0.00034014354,0.00034014354,0.00034014354,0.00034014354,0.00034014354,0.00034014354,0.00034014354,0.00034014354,0.00034014354,0.00034014354,0.00034014354,0.00034014354,0.00034014354,0.00034014354,0.00034014354,0.00034014354,0.00034014354,0.00034014354,0.00034014354,0.00034014354,0.00034014354,0.00034014354,0.00034014354,0.00034014354,0.00034014354,0.00034014354,0.00034014354,0.00034014354,0.00034014354,0.00034014354,0.00034014354,0.9860541,0.00034014354,0.00034014354,0.00034014354,0.00034014354,0.00034014354,0.00034014354,0.00034014354,0.00034014354,0.00034014354
0.00028686714,0.00028686714,0.00028686714,0.00028686714,0.00028686714,0.00028686714,0.00028686714,0.00028686714,0.00028686714,0.00028686714,0.00028686714,0.00028686714,0.00028686714,0.00028686714,0.00028686714,0.00028686714,0.00028686714,0.00028686714,0.00028686714,0.00028686714,0.00028686714,0.00028686714,0.00028686714,0.00028686714,0.00028686714,0.00028686714,0.00028686714,0.00028686714,0.00028686714,0.00028686714,0.00028686714,0.00028686714,0.98823845,0.00028686714,0.00028686714,0.00028686714,0.00028686714,0.00028686714,0.00028686714,0.00028686714,0.00028686714,0.00028686714
0.00011905295,0.00011905295,0.00011905295,0.00011905295,0.00011905295,0.00011905295,0.9951188,0.00011905295,0.00011905295,0.00011905295,0.00011905295,0.00011905295,0.00011905295,0.00011905295,0.00011905295,0.00011905295,0.00011905295,0.00011905295,0.00011905295,0.00011905295,0.00011905295,0.00011905295,0.00011905295,0.00011905295,0.00011905295,0.00011905295,0.00011905295,0.00011905295,0.00011905295,0.00011905295,0.00011905295,0.00011905295,0.00011905295,0.00011905295,0.00011905295,0.00011905295,0.00011905295,0.00011905295,0.00011905295,0.00011905295,0.00011905295,0.00011905295
0.0001874882,0.0001874882,0.0001874882,0.0001874882,0.0001874882,0.0001874882,0.94354516,0.0001874882,0.0001874882,0.0001874882,0.0001874882,0.0001874882,0.0001874882,0.0001874882,0.0001874882,0.0001874882,0.0001874882,0.0001874882,0.0001874882,0.0001874882,0.0001874882,0.0001874882,0.0001874882,0.0001874882,0.0001874882,0.0001874882,0.0001874882,0.0001874882,0.0001874882,0.0001874882,0.0001874882,0.0001874882,0.04895533,0.0001874882,0.0001874882,0.0001874882,0.0001874882,0.0001874882,0.0001874882,0.0001874882,0.0001874882,0.0001874882
0.00017007299,0.00017007299,0.00017007299,0.00017007299,0.00017007299,0.00017007299,0.7357094,0.00017007299,0.00017007299,0.00017007299,0.00017007299,0.00017007299,0.00017007299,0.00017007299,0.00017007299,0.00017007299,0.2574876,0.00017007299,0.00017007299,0.00017007299,0.00017007299,0.00017007299,0.00017007299,0.00017007299,0.00017007299,0.00017007299,0.00017007299,0.00017007299,0.00017007299,0.00017007299,0.00017007299,0.00017007299,0.00017007299,0.00017007299,0.00017007299,0.00017007299,0.00017007299,0.00017007299,0.00017007299,0.00017007299,0.00017007299,0.00017007299
0.0001506977,0.0001506977,0.0001506977,0.0001506977,0.0001506977,0.0001506977,0.0001506977,0.0001506977,0.0001506977,0.0001506977,0.0001506977,0.0001506977,0.0001506977,0.0001506977,0.0001506977,0.0001506977,0.54684985,0.0001506977,0.0001506977,0.0001506977,0.0001506977,0.0001506977,0.0001506977,0.0001506977,0.0001506977,0.0001506977,0.0001506977,0.0001506977,0.0001506977,0.0001506977,0.0001506977,0.0001506977,0.44712222,0.0001506977,0.0001506977,0.0001506977,0.0001506977,0.0001506977,0.0001506977,0.0001506977,0.0001506977,0.0001506977
7.6077944e-05,7.6077944e-05,7.6077944e-05,7.6077944e-05,0.9029809,7.6077944e-05,0.07968657,7.6077944e-05,7.6077944e-05,7.6077944e-05,7.6077944e-05,7.6077944e-05,0.014365451,7.6077944e-05,7.6077944e-05,7.6077944e-05,7.6077944e-05,7.6077944e-05,7.6077944e-05,7.6077944e-05,7.6077944e-05,7.6077944e-05,7.6077944e-05,7.6077944e-05,7.6077944e-05,7.6077944e-05,7.6077944e-05,7.6077944e-05,7.6077944e-05,7.6077944e-05,7.6077944e-05,7.6077944e-05,7.6077944e-05,7.6077944e-05,7.6077944e-05,7.6077944e-05,7.6077944e-05,7.6077944e-05,7.6077944e-05,7.6077944e-05,7.6077944e-05,7.6077944e-05
6.822417e-05,6.822417e-05,6.822417e-05,6.822417e-05,6.822417e-05,6.822417e-05,6.822417e-05,6.822417e-05,6.822417e-05,6.822417e-05,6.822417e-05,6.822417e-05,6.822417e-05,6.822417e-05,6.822417e-05,6.822417e-05,6.822417e-05,6.822417e-05,6.822417e-05,6.822417e-05,6.822417e-05,6.822417e-05,6.822417e-05,6.822417e-05,6.822417e-05,6.822417e-05,6.822417e-05,6.822417e-05,6.822417e-05,0.9972028,6.822417e-05,6.822417e-05,6.822417e-05,6.822417e-05,6.822417e-05,6.822417e-05,6.822417e-05,6.822417e-05,6.822417e-05,6.822417e-05,6.822417e-05,6.822417e-05
0.00020178441,0.00020178441,0.00020178441,0.00020178441,0.00020178441,0.00020178441,0.00020178441,0.00020178441,0.00020178441,0.00020178441,0.00020178441,0.00020178441,0.00020178441,0.00020178441,0.00020178441,0.00020178441,0.00020178441,0.00020178441,0.00020178441,0.00020178441,0.00020178441,0.00020178441,0.00020178441,0.00020178441,0.00020178441,0.00020178441,0.00020178441,0.00020178441,0.00020178441,0.00020178441,0.00020178441,0.00020178441,0.00020178441,0.00020178441,0.00020178441,0.00020178441,0.00020178441,0.00020178441,0.00020178441,0.9917269,0.00020178441,0.00020178441
0.0004105184,0.0004105184,0.0004105184,0.0004105184,0.0004105184,0.0004105184,0.11976698,0.0004105184,0.0004105184,0.3515034,0.0004105184,0.0004105184,0.0004105184,0.0004105184,0.0004105184,0.0004105184,0.0004105184,0.0004105184,0.0004105184,0.0004105184,0.0004105184,0.0004105184,0.0004105184,0.0004105184,0.0004105184,0.0004105184,0.0004105184,0.0004105184,0.0004105184,0.0004105184,0.37565276,0.0004105184,0.13747716,0.0004105184,0.0004105184,0.0004105184,0.0004105184,0.0004105184,0.0004105184,0.0004105184,0.0004105184,0.0004105184
1.721781e-05,1.721781e-05,0.15538464,1.721781e-05,0.7785729,1.721781e-05,1.721781e-05,1.721781e-05,1.721781e-05,1.721781e-05,1.721781e-05,1.721781e-05,1.721781e-05,1.721781e-05,1.721781e-05,1.721781e-05,1.721781e-05,1.721781e-05,1.721781e-05,1.721781e-05,1.721781e-05,1.721781e-05,1.721781e-05,1.721781e-05,1.721781e-05,1.721781e-05,1.721781e-05,1.721781e-05,1.721781e-05,0.065370984,1.721781e-05,1.721781e-05,1.721781e-05,1.721781e-05,1.721781e-05,1.721781e-05,1.721781e-05,1.721781e-05,1.721781e-05,1.721781e-05,1.721781e-05,1.721781e-05
5.1760715e-05,5.1760715e-05,5.1760715e-05,5.1760715e-05,5.1760715e-05,5.1760715e-05,5.1760715e-05,5.1760715e-05,5.1760715e-05,5.1760715e-05,5.1760715e-05,5.1760715e-05,5.1760715e-05,5.1760715e-05,5.1760715e-05,5.1760715e-05,5.1760715e-05,5.1760715e-05,5.1760715e-05,5.1760715e-05,5.1760715e-05,5.1760715e-05,5.1760715e-05,5.1760715e-05,5.1760715e-05,5.1760715e-05,5.1760715e-05,5.1760715e-05,5.1760715e-05,0.9978778,5.1760715e-05,5.1760715e-05,5.1760715e-05,5.1760715e-05,5.1760715e-05,5.1760715e-05,5.1760715e-05,5.1760715e-05,5.1760715e-05,5.1760715e-05,5.1760715e-05,5.1760715e-05
2.7211996e-05,2.7211996e-05,2.7211996e-05,2.7211996e-05,0.9988843,2.7211996e-05,2.7211996e-05,2.7211996e-05,2.7211996e-05,2.7211996e-05,2.7211996e-05,2.7211996e-05,2.7211996e-05,2.7211996e-05,2.7211996e-05,2.7211996e-05,2.7211996e-05,2.7211996e-05,2.7211996e-05,2.7211996e-05,2.7211996e-05,2.7211996e-05,2.7211996e-05,2.7211996e-05,2.7211996e-05,2.7211996e-05,2.7211996e-05,2.7211996e-05,2.7211996e-05,2.7211996e-05,2.7211996e-05,2.7211996e-05,2.7211996e-05,2.7211996e-05,2.7211996e-05,2.7211996e-05,2.7211996e-05,2.7211996e-05,2.7211996e-05,2.7211996e-05,2.7211996e-05,2.7211996e-05
3.852837e-05,3.852837e-05,3.852837e-05,3.852837e-05,3.852837e-05,3.852837e-05,3.852837e-05,3.852837e-05,3.852837e-05,3.852837e-05,3.852837e-05,3.852837e-05,3.852837e-05,3.852837e-05,3.852837e-05,3.852837e-05,3.852837e-05,3.852837e-05,3.852837e-05,3.852837e-05,3.852837e-05,3.852837e-05,3.852837e-05,3.852837e-05,3.852837e-05,3.852837e-05,3.852837e-05,3.852837e-05,3.852837e-05,3.852837e-05,3.852837e-05,3.852837e-05,3.852837e-05,0.9984203,3.852837e-05,3.852837e-05,3.852837e-05,3.852837e-05,3.852837e-05,3.852837e-05,3.852837e-05,3.852837e-05
6.401452e-05,6.401452e-05,6.401452e-05,6.401452e-05,6.401452e-05,0.40650734,6.401452e-05,6.401452e-05,6.401452e-05,6.401452e-05,6.401452e-05,6.401452e-05,6.401452e-05,6.401452e-05,6.401452e-05,6.401452e-05,6.401452e-05,6.401452e-05,6.401452e-05,6.401452e-05,6.401452e-05,6.401452e-05,6.401452e-05,6.401452e-05,6.401452e-05,6.401452e-05,6.401452e-05,6.401452e-05,6.401452e-05,6.401452e-05,6.401452e-05,6.401452e-05,6.401452e-05,6.401452e-05,6.401452e-05,0.5909321,6.401452e-05,6.401452e-05,6.401452e-05,6.401452e-05,6.401452e-05,6.401452e-05
0.00021646939,0.00021646939,0.00021646939,0.00021646939,0.00021646939,0.00021646939,0.00021646939,0.00021646939,0.00021646939,0.00021646939,0.00021646939,0.00021646939,0.00021646939,0.00021646939,0.00021646939,0.00021646939,0.00021646939,0.00021646939,0.00021646939,0.00021646939,0.00021646939,0.00021646939,0.00021646939,0.00021646939,0.00021646939,0.00021646939,0.00021646939,0.00021646939,0.00021646939,0.00021646939,0.00021646939,0.00021646939,0.99112475,0.00021646939,0.00021646939,0.00021646939,0.00021646939,0.00021646939,0.00021646939,0.00021646939,0.00021646939,0.00021646939
7.065379e-05,7.065379e-05,7.065379e-05,7.065379e-05,7.065379e-05,7.065379e-05,7.065379e-05,7.065379e-05,7.065379e-05,7.065379e-05,7.065379e-05,7.065379e-05,7.065379e-05,7.065379e-05,7.065379e-05,0.031233925,7.065379e-05,7.065379e-05,7.065379e-05,7.065379e-05,7.065379e-05,7.065379e-05,7.065379e-05,7.065379e-05,7.065379e-05,7.065379e-05,7.065379e-05,0.96593994,7.065379e-05,7.065379e-05,7.065379e-05,7.065379e-05,7.065379e-05,7.065379e-05,7.065379e-05,7.065379e-05,7.065379e-05,7.065379e-05,7.065379e-05,7.065379e-05,7.065379e-05,7.065379e-05
0.00011615028,0.00011615028,0.00011615028,0.00011615028,0.00011615028,0.00011615028,0.00011615028,0.00011615028,0.00011615028,0.00011615028,0.00011615028,0.00011615028,0.00011615028,0.00011615028,0.00011615028,0.00011615028,0.00011615028,0.00011615028,0.00011615028,0.00011615028,0.00011615028,0.00011615028,0.00011615028,0.9952378,0.00011615028,0.00011615028,0.00011615028,0.00011615028,0.00011615028,0.00011615028,0.00011615028,0.00011615028,0.00011615028,0.00011615028,0.00011615028,0.00011615028,0.00011615028,0.00011615028,0.00011615028,0.00011615028,0.00011615028,0.00011615028
8.6581225e-05,8.6581225e-05,8.6581225e-05,8.6581225e-05,8.6581225e-05,8.6581225e-05,8.6581225e-05,8.6581225e-05,8.6581225e-05,8.6581225e-05,8.6581225e-05,8.6581225e-05,8.6581225e-05,8.6581225e-05,8.6581225e-05,0.9964501,8.6581225e-05,8.6581225e-05,8.6581225e-05,8.6581225e-05,8.6581225e-05,8.6581225e-05,8.6581225e-05,8.6581225e-05,8.6581225e-05,8.6581225e-05,8.6581225e-05,8.6581225e-05,8.6581225e-05,8.6581225e-05,8.6581225e-05,8.6581225e-05,8.6581225e-05,8.6581225e-05,8.6581225e-05,8.6581225e-05,8.6581225e-05,8.6581225e-05,8.6581225e-05,8.6581225e-05,8.6581225e-05,8.6581225e-05
9.758867e-05,0.014660602,9.758867e-05,9.758867e-05,9.758867e-05,9.758867e-05,0.872983,9.758867e-05,9.758867e-05,0.015312442,9.758867e-05,9.758867e-05,9.758867e-05,9.758867e-05,9.758867e-05,9.758867e-05,9.758867e-05,9.758867e-05,9.758867e-05,9.758867e-05,9.758867e-05,9.758867e-05,9.758867e-05,9.758867e-05,9.758867e-05,9.758867e-05,9.758867e-05,9.758867e-05,9.758867e-05,9.758867e-05,9.758867e-05,9.758867e-05,0.09333565,9.758867e-05,9.758867e-05,9.758867e-05,9.758867e-05,9.758867e-05,9.758867e-05,9.758867e-05,9.758867e-05,9.758867e-05
6.2500825e-05,6.2500825e-05,6.2500825e-05,6.2500825e-05,6.2500825e-05,6.2500825e-05,6.2500825e-05,6.2500825e-05,6.2500825e-05,6.2500825e-05,6.2500825e-05,6.2500825e-05,0.9974375,6.2500825e-05,6.2500825e-05,6.2500825e-05,6.2500825e-05,6.2500825e-05,6.2500825e-05,6.2500825e-05,6.2500825e-05,6.2500825e-05,6.2500825e-05,6.2500825e-05,6.2500825e-05,6.2500825e-05,6.2500825e-05,6.2500825e-05,6.2500825e-05,6.2500825e-05,6.2500825e-05,6.2500825e-05,6.2500825e-05,6.2500825e-05,6.2500825e-05,6.2500825e-05,6.2500825e-05,6.2500825e-05,6.2500825e-05,6.2500825e-05,6.2500825e-05,6.2500825e-05
7.990568e-05,7.990568e-05,7.990568e-05,7.990568e-05,7.990568e-05,7.990568e-05,0.28851828,7.990568e-05,7.990568e-05,7.990568e-05,7.990568e-05,7.990568e-05,7.990568e-05,7.990568e-05,7.990568e-05,7.990568e-05,7.990568e-05,7.990568e-05,7.990568e-05,7.990568e-05,7.990568e-05,7.990568e-05,7.990568e-05,0.70828545,7.990568e-05,7.990568e-05,7.990568e-05,7.990568e-05,7.990568e-05,7.990568e-05,7.990568e-05,7.990568e-05,7.990568e-05,7.990568e-05,7.990568e-05,7.990568e-05,7.990568e-05,7.990568e-05,7.990568e-05,7.990568e-05,7.990568e-05,7.990568e-05
0.00011029052,0.00011029052,0.00011029052,0.00011029052,0.00011029052,0.00011029052,0.6803595,0.00011029052,0.00011029052,0.00011029052,0.00011029052,0.00011029052,0.00011029052,0.00011029052,0.00011029052,0.00011029052,0.00011029052,0.00011029052,0.00011029052,0.00011029052,0.00011029052,0.00011029052,0.00011029052,0.31522888,0.00011029052,0.00011029052,0.00011029052,0.00011029052,0.00011029052,0.00011029052,0.00011029052,0.00011029052,0.00011029052,0.00011029052,0.00011029052,0.00011029052,0.00011029052,0.00011029052,0.00011029052,0.00011029052,0.00011029052,0.00011029052
0.00025885418,0.00025885418,0.00025885418,0.00025885418,0.00025885418,0.00025885418,0.4123139,0.00025885418,0.00025885418,0.00025885418,0.00025885418,0.00025885418,0.00025885418,0.00025885418,0.00025885418,0.00025885418,0.00025885418,0.00025885418,0.00025885418,0.00025885418,0.00025885418,0.00025885418,0.00025885418,0.00025885418,0.00025885418,0.00025885418,0.00025885418,0.00025885418,0.00025885418,0.00025885418,0.00025885418,0.00025885418,0.57733196,0.00025885418,0.00025885418,0.00025885418,0.00025885418,0.00025885418,0.00025885418,0.00025885418,0.00025885418,0.00025885418
4.6789875e-05,4.6789875e-05,4.6789875e-05,4.6789875e-05,4.6789875e-05,4.6789875e-05,0.37591672,4.6789875e-05,4.6789875e-05,0.31259078,4.6789875e-05,4.6789875e-05,4.6789875e-05,4.6789875e-05,4.6789875e-05,4.6789875e-05,4.6789875e-05,4.6789875e-05,4.6789875e-05,4.6789875e-05,4.6789875e-05,4.6789875e-05,4.6789875e-05,4.6789875e-05,4.6789875e-05,4.6789875e-05,4.6789875e-05,4.6789875e-05,4.6789875e-05,4.6789875e-05,4.6789875e-05,4.6789875e-05,4.6789875e-05,4.6789875e-05,4.6789875e-05,0.3096677,4.6789875e-05,4.6789875e-05,4.6789875e-05,4.6789875e-05,4.6789875e-05,4.6789875e-05
5.154129e-05,5.154129e-05,5.154129e-05,5.154129e-05,5.154129e-05,5.154129e-05,0.49148506,5.154129e-05,5.154129e-05,5.154129e-05,5.154129e-05,5.154129e-05,5.154129e-05,5.154129e-05,5.154129e-05,5.154129e-05,5.154129e-05,5.154129e-05,5.154129e-05,5.154129e-05,5.154129e-05,5.154129e-05,5.154129e-05,5.154129e-05,5.154129e-05,5.154129e-05,5.154129e-05,5.154129e-05,5.154129e-05,5.154129e-05,5.154129e-05,5.154129e-05,5.154129e-05,5.154129e-05,5.154129e-05,5.154129e-05,5.154129e-05,5.154129e-05,5.154129e-05,5.154129e-05,5.154129e-05,0.50645334
7.0873e-05,7.0873e-05,7.0873e-05,7.0873e-05,7.0873e-05,7.0873e-05,7.0873e-05,7.0873e-05,7.0873e-05,7.0873e-05,7.0873e-05,7.0873e-05,7.0873e-05,7.0873e-05,7.0873e-05,7.0873e-05,7.0873e-05,7.0873e-05,7.0873e-05,7.0873e-05,7.0873e-05,7.0873e-05,7.0873e-05,7.0873e-05,7.0873e-05,7.0873e-05,7.0873e-05,0.8827498,7.0873e-05,7.0873e-05,7.0873e-05,7.0873e-05,0.1144153,7.0873e-05,7.0873e-05,7.0873e-05,7.0873e-05,7.0873e-05,7.0873e-05,7.0873e-05,7.0873e-05,7.0873e-05
0.00013606278,0.13038506,0.00013606278,0.00013606278,0.00013606278,0.8641724,0.00013606278,0.00013606278,0.00013606278,0.00013606278,0.00013606278,0.00013606278,0.00013606278,0.00013606278,0.00013606278,0.00013606278,0.00013606278,0.00013606278,0.00013606278,0.00013606278,0.00013606278,0.00013606278,0.00013606278,0.00013606278,0.00013606278,0.00013606278,0.00013606278,0.00013606278,0.00013606278,0.00013606278,0.00013606278,0.00013606278,0.00013606278,0.00013606278,0.00013606278,0.00013606278,0.00013606278,0.00013606278,0.00013606278,0.00013606278,0.00013606278,0.00013606278
0.0001904816,0.0001904816,0.0001904816,0.0001904816,0.0001904816,0.0001904816,0.99219024,0.0001904816,0.0001904816,0.0001904816,0.0001904816,0.0001904816,0.0001904816,0.0001904816,0.0001904816,0.0001904816,0.0001904816,0.0001904816,0.0001904816,0.0001904816,0.0001904816,0.0001904816,0.0001904816,0.0001904816,0.0001904816,0.0001904816,0.0001904816,0.0001904816,0.0001904816,0.0001904816,0.0001904816,0.0001904816,0.0001904816,0.0001904816,0.0001904816,0.0001904816,0.0001904816,0.0001904816,0.0001904816,0.0001904816,0.0001904816,0.0001904816
7.2377785e-05,7.2377785e-05,0.03727241,7.2377785e-05,7.2377785e-05,7.2377785e-05,7.2377785e-05,7.2377785e-05,7.2377785e-05,7.2377785e-05,7.2377785e-05,7.2377785e-05,7.2377785e-05,7.2377785e-05,0.7620171,7.2377785e-05,7.2377785e-05,0.0009984224,7.2377785e-05,7.2377785e-05,7.2377785e-05,7.2377785e-05,7.2377785e-05,7.2377785e-05,7.2377785e-05,7.2377785e-05,7.2377785e-05,7.2377785e-05,7.2377785e-05,0.1969617,7.2377785e-05,7.2377785e-05,7.2377785e-05,7.2377785e-05,7.2377785e-05,7.2377785e-05,7.2377785e-05,7.2377785e-05,7.2377785e-05,7.2377785e-05,7.2377785e-05,7.2377785e-05
8.818997e-05,8.818997e-05,8.818997e-05,8.818997e-05,8.818997e-05,8.818997e-05,0.9963842,8.818997e-05,8.818997e-05,8.818997e-05,8.818997e-05,8.818997e-05,8.818997e-05,8.818997e-05,8.818997e-05,8.818997e-05,8.818997e-05,8.818997e-05,8.818997e-05,8.818997e-05,8.818997e-05,8.818997e-05,8.818997e-05,8.818997e-05,8.818997e-05,8.818997e-05,8.818997e-05,8.818997e-05,8.818997e-05,8.818997e-05,8.818997e-05,8.818997e-05,8.818997e-05,8.818997e-05,8.818997e-05,8.818997e-05,8.818997e-05,8.818997e-05,8.818997e-05,8.818997e-05,8.818997e-05,8.818997e-05
2.3600694e-05,2.3600694e-05,0.68550813,2.3600694e-05,2.3600694e-05,2.3600694e-05,2.3600694e-05,2.3600694e-05,2.3600694e-05,2.3600694e-05,2.3600694e-05,2.3600694e-05,2.3600694e-05,2.3600694e-05,2.3600694e-05,2.3600694e-05,2.3600694e-05,2.3600694e-05,2.3600694e-05,2.3600694e-05,2.3600694e-05,2.3600694e-05,2.3600694e-05,0.060776453,2.3600694e-05,2.3600694e-05,2.3600694e-05,2.3600694e-05,2.3600694e-05,2.3600694e-05,2.3600694e-05,2.3600694e-05,2.3600694e-05,0.25279498,2.3600694e-05,2.3600694e-05,2.3600694e-05,2.3600694e-05,2.3600694e-05,2.3600694e-05,2.3600694e-05,2.3600694e-05
7.632614e-05,7.632614e-05,7.632614e-05,7.632614e-05,7.632614e-05,7.632614e-05,7.632614e-05,7.632614e-05,7.632614e-05,0.33849338,7.632614e-05,7.632614e-05,7.632614e-05,7.632614e-05,7.632614e-05,7.632614e-05,7.632614e-05,7.632614e-05,7.632614e-05,7.632614e-05,7.632614e-05,7.632614e-05,7.632614e-05,7.632614e-05,7.632614e-05,7.632614e-05,7.632614e-05,7.632614e-05,7.632614e-05,7.632614e-05,7.632614e-05,7.632614e-05,7.632614e-05,7.632614e-05,7.632614e-05,7.632614e-05,7.632614e-05,0.65845364,7.632614e-05,7.632614e-05,7.632614e-05,7.632614e-05
6.922745e-05,6.922745e-05,6.922745e-05,6.922745e-05,6.922745e-05,6.922745e-05,6.922745e-05,6.922745e-05,6.922745e-05,6.922745e-05,6.922745e-05,6.922745e-05,6.922745e-05,6.922745e-05,6.922745e-05,6.922745e-05,6.922745e-05,6.922745e-05,0.055389486,6.922745e-05,6.922745e-05,6.922745e-05,6.922745e-05,6.922745e-05,6.922745e-05,6.922745e-05,6.922745e-05,6.922745e-05,0.85490656,6.922745e-05,0.087004095,6.922745e-05,6.922745e-05,6.922745e-05,6.922745e-05,6.922745e-05,6.922745e-05,6.922745e-05,6.922745e-05,6.922745e-05,6.922745e-05,6.922745e-05
7.705656e-05,7.705656e-05,7.705656e-05,7.705656e-05,7.705656e-05,7.705656e-05,7.705656e-05,7.705656e-05,7.705656e-05,7.705656e-05,7.705656e-05,7.705656e-05,7.705656e-05,7.705656e-05,7.705656e-05,7.705656e-05,7.705656e-05,7.705656e-05,0.99684066,7.705656e-05,7.705656e-05,7.705656e-05,7.705656e-05,7.705656e-05,7.705656e-05,7.705656e-05,7.705656e-05,7.705656e-05,7.705656e-05,7.705656e-05,7.705656e-05,7.705656e-05,7.705656e-05,7.705656e-05,7.705656e-05,7.705656e-05,7.705656e-05,7.705656e-05,7.705656e-05,7.705656e-05,7.705656e-05,7.705656e-05
0.00012466185,0.00012466185,0.00012466185,0.00012466185,0.00012466185,0.00012466185,0.00012466185,0.00012466185,0.00012466185,0.00012466185,0.00012466185,0.00012466185,0.00012466185,0.00012466185,0.00012466185,0.17608419,0.00012466185,0.00012466185,0.15019035,0.00012466185,0.00012466185,0.00012466185,0.00012466185,0.00012466185,0.00012466185,0.00012466185,0.00012466185,0.00012466185,0.00012466185,0.00012466185,0.66886365,0.00012466185,0.00012466185,0.00012466185,0.00012466185,0.00012466185,0.00012466185,0.00012466185,0.00012466185,0.00012466185,0.00012466185,0.00012466185
0.00022894717,0.00022894717,0.00022894717,0.00022894717,0.00022894717,0.00022894717,0.00022894717,0.00022894717,0.00022894717,0.00022894717,0.00022894717,0.00022894717,0.00022894717,0.00022894717,0.00022894717,0.00022894717,0.00022894717,0.00022894717,0.00022894717,0.00022894717,0.00022894717,0.00022894717,0.00022894717,0.00022894717,0.00022894717,0.00022894717,0.00022894717,0.00022894717,0.00022894717,0.00022894717,0.00022894717,0.00022894717,0.99061316,0.00022894717,0.00022894717,0.00022894717,0.00022894717,0.00022894717,0.00022894717,0.00022894717,0.00022894717,0.00022894717
0.00021072122,0.00021072122,0.00021072122,0.00021072122,0.00021072122,0.00021072122,0.00021072122,0.00021072122,0.00021072122,0.00021072122,0.00021072122,0.00021072122,0.00021072122,0.00021072122,0.00021072122,0.00021072122,0.00021072122,0.00021072122,0.00021072122,0.00021072122,0.00021072122,0.00021072122,0.00021072122,0.00021072122,0.00021072122,0.00021072122,0.00021072122,0.00021072122,0.00021072122,0.00021072122,0.00021072122,0.00021072122,0.75387174,0.00021072122,0.00021072122,0.23769942,0.00021072122,0.00021072122,0.00021072122,0.00021072122,0.00021072122,0.00021072122
0.00056690973,0.00056690973,0.00056690973,0.00056690973,0.00056690973,0.00056690973,0.00056690973,0.00056690973,0.00056690973,0.00056690973,0.00056690973,0.00056690973,0.00056690973,0.00056690973,0.00056690973,0.97675675,0.00056690973,0.00056690973,0.00056690973,0.00056690973,0.00056690973,0.00056690973,0.00056690973,0.00056690973,0.00056690973,0.00056690973,0.00056690973,0.00056690973,0.00056690973,0.00056690973,0.00056690973,0.00056690973,0.00056690973,0.00056690973,0.00056690973,0.00056690973,0.00056690973,0.00056690973,0.00056690973,0.00056690973,0.00056690973,0.00056690973
0.00040356914,0.00040356914,0.00040356914,0.00040356914,0.00040356914,0.00040356914,0.00040356914,0.00040356914,0.00040356914,0.00040356914,0.00040356914,0.00040356914,0.00040356914,0.00040356914,0.00040356914,0.38321245,0.00040356914,0.00040356914,0.00040356914,0.00040356914,0.00040356914,0.00040356914,0.00040356914,0.00040356914,0.00040356914,0.00040356914,0.00040356914,0.00040356914,0.00040356914,0.00040356914,0.6006448,0.00040356914,0.00040356914,0.00040356914,0.00040356914,0.00040356914,0.00040356914,0.00040356914,0.00040356914,0.00040356914,0.00040356914,0.00040356914
7.193299e-05,7.193299e-05,0.012150943,7.193299e-05,7.193299e-05,7.193299e-05,0.4525651,0.4502017,7.193299e-05,7.193299e-05,7.193299e-05,7.193299e-05,7.193299e-05,7.193299e-05,7.193299e-05,0.08234885,7.193299e-05,7.193299e-05,7.193299e-05,7.193299e-05,7.193299e-05,7.193299e-05,7.193299e-05,7.193299e-05,7.193299e-05,7.193299e-05,7.193299e-05,7.193299e-05,7.193299e-05,7.193299e-05,7.193299e-05,7.193299e-05,7.193299e-05,7.193299e-05,7.193299e-05,7.193299e-05,7.193299e-05,7.193299e-05,7.193299e-05,7.193299e-05,7.193299e-05,7.193299e-05
6.882209e-05,6.882209e-05,6.882209e-05,6.882209e-05,6.882209e-05,6.882209e-05,0.015017751,0.98222935,6.882209e-05,6.882209e-05,6.882209e-05,6.882209e-05,6.882209e-05,6.882209e-05,6.882209e-05,6.882209e-05,6.882209e-05,6.882209e-05,6.882209e-05,6.882209e-05,6.882209e-05,6.882209e-05,6.882209e-05,6.882209e-05,6.882209e-05,6.882209e-05,6.882209e-05,6.882209e-05,6.882209e-05,6.882209e-05,6.882209e-05,6.882209e-05,6.882209e-05,6.882209e-05,6.882209e-05,6.882209e-05,6.882209e-05,6.882209e-05,6.882209e-05,6.882209e-05,6.882209e-05,6.882209e-05
4.2698197e-05,4.2698197e-05,4.2698197e-05,4.2698197e-05,4.2698197e-05,4.2698197e-05,0.52863586,4.2698197e-05,4.2698197e-05,4.2698197e-05,4.2698197e-05,4.2698197e-05,4.2698197e-05,4.2698197e-05,4.2698197e-05,4.2698197e-05,4.2698197e-05,4.2698197e-05,4.2698197e-05,4.2698197e-05,4.2698197e-05,4.2698197e-05,4.2698197e-05,4.2698197e-05,4.2698197e-05,4.2698197e-05,0.030675177,0.43902373,4.2698197e-05,4.2698197e-05,4.2698197e-05,4.2698197e-05,4.2698197e-05,4.2698197e-05,4.2698197e-05,4.2698197e-05,4.2698197e-05,4.2698197e-05,4.2698197e-05,4.2698197e-05,4.2698197e-05,4.2698197e-05
0.00017903441,0.00017903441,0.00017903441,0.00017903441,0.00017903441,0.00017903441,0.18036464,0.00017903441,0.00017903441,0.00017903441,0.00017903441,0.00017903441,0.00017903441,0.00017903441,0.00017903441,0.00017903441,0.00017903441,0.00017903441,0.66964847,0.00017903441,0.00017903441,0.00017903441,0.00017903441,0.00017903441,0.00017903441,0.00017903441,0.00017903441,0.00017903441,0.00017903441,0.00017903441,0.00017903441,0.00017903441,0.14300452,0.00017903441,0.00017903441,0.00017903441,0.00017903441,0.00017903441,0.00017903441,0.00017903441,0.00017903441,0.00017903441
0.00015461196,0.00015461196,0.00015461196,0.00015461196,0.00015461196,0.00015461196,0.00015461196,0.00015461196,0.00015461196,0.00015461196,0.00015461196,0.00015461196,0.00015461196,0.00015461196,0.00015461196,0.00015461196,0.00015461196,0.00015461196,0.00015461196,0.00015461196,0.00015461196,0.00015461196,0.00015461196,0.00015461196,0.00015461196,0.00015461196,0.00015461196,0.00015461196,0.00015461196,0.00015461196,0.00015461196,0.00015461196,0.99366087,0.00015461196,0.00015461196,0.00015461196,0.00015461196,0.00015461196,0.00015461196,0.00015461196,0.00015461196,0.00015461196
0.00028686953,0.00028686953,0.00028686953,0.00028686953,0.00028686953,0.00028686953,0.00028686953,0.00028686953,0.00028686953,0.00028686953,0.00028686953,0.00028686953,0.00028686953,0.00028686953,0.00028686953,0.00028686953,0.9882384,0.00028686953,0.00028686953,0.00028686953,0.00028686953,0.00028686953,0.00028686953,0.00028686953,0.00028686953,0.00028686953,0.00028686953,0.00028686953,0.00028686953,0.00028686953,0.00028686953,0.00028686953,0.00028686953,0.00028686953,0.00028686953,0.00028686953,0.00028686953,0.00028686953,0.00028686953,0.00028686953,0.00028686953,0.00028686953
0.00022047073,0.00022047073,0.00022047073,0.00022047073,0.00022047073,0.00022047073,0.17251575,0.00022047073,0.00022047073,0.00022047073,0.00022047073,0.00022047073,0.00022047073,0.00022047073,0.00022047073,0.00022047073,0.3237083,0.00022047073,0.00022047073,0.00022047073,0.00022047073,0.00022047073,0.00022047073,0.00022047073,0.00022047073,0.00022047073,0.00022047073,0.00022047073,0.00022047073,0.00022047073,0.4951776,0.00022047073,0.00022047073,0.00022047073,0.00022047073,0.00022047073,0.00022047073,0.00022047073,0.00022047073,0.00022047073,0.00022047073,0.00022047073
0.00015768292,0.00015768292,0.00015768292,0.00015768292,0.00015768292,0.00015768292,0.2856479,0.00015768292,0.00015768292,0.00015768292,0.00015768292,0.00015768292,0.00015768292,0.00015768292,0.00015768292,0.00015768292,0.00015768292,0.00015768292,0.00015768292,0.00015768292,0.00015768292,0.00015768292,0.00015768292,0.00015768292,0.00015768292,0.00015768292,0.00015768292,0.00015768292,0.00015768292,0.00015768292,0.70804477,0.00015768292,0.00015768292,0.00015768292,0.00015768292,0.00015768292,0.00015768292,0.00015768292,0.00015768292,0.00015768292,0.00015768292,0.00015768292
0.00012402848,0.00012402848,0.00012402848,0.00012402848,0.00012402848,0.00012402848,0.9949148,0.00012402848,0.00012402848,0.00012402848,0.00012402848,0.00012402848,0.00012402848,0.00012402848,0.00012402848,0.00012402848,0.00012402848,0.00012402848,0.00012402848,0.00012402848,0.00012402848,0.00012402848,0.00012402848,0.00012402848,0.00012402848,0.00012402848,0.00012402848,0.00012402848,0.00012402848,0.00012402848,0.00012402848,0.00012402848,0.00012402848,0.00012402848,0.00012402848,0.00012402848,0.00012402848,0.00012402848,0.00012402848,0.00012402848,0.00012402848,0.00012402848
6.216882e-05,6.216882e-05,6.216882e-05,0.8854556,6.216882e-05,6.216882e-05,6.216882e-05,6.216882e-05,6.216882e-05,6.216882e-05,6.216882e-05,6.216882e-05,6.216882e-05,6.216882e-05,6.216882e-05,6.216882e-05,6.216882e-05,6.216882e-05,6.216882e-05,6.216882e-05,6.216882e-05,6.216882e-05,6.216882e-05,6.216882e-05,6.216882e-05,6.216882e-05,6.216882e-05,6.216882e-05,6.216882e-05,6.216882e-05,6.216882e-05,6.216882e-05,6.216882e-05,6.216882e-05,6.216882e-05,6.216882e-05,6.216882e-05,6.216882e-05,6.216882e-05,0.112057656,6.216882e-05,6.216882e-05
0.00023574683,0.00023574683,0.00023574683,0.6015065,0.00023574683,0.00023574683,0.00023574683,0.00023574683,0.00023574683,0.00023574683,0.00023574683,0.00023574683,0.00023574683,0.00023574683,0.00023574683,0.00023574683,0.00023574683,0.00023574683,0.00023574683,0.00023574683,0.00023574683,0.00023574683,0.00023574683,0.00023574683,0.00023574683,0.00023574683,0.00023574683,0.00023574683,0.00023574683,0.00023574683,0.00023574683,0.00023574683,0.38906363,0.00023574683,0.00023574683,0.00023574683,0.00023574683,0.00023574683,0.00023574683,0.00023574683,0.00023574683,0.00023574683
0.0004668688,0.0004668688,0.0004668688,0.0004668688,0.0004668688,0.0004668688,0.32818347,0.0004668688,0.0004668688,0.0004668688,0.0004668688,0.0004668688,0.0004668688,0.0004668688,0.0004668688,0.0004668688,0.0004668688,0.0004668688,0.0004668688,0.0004668688,0.0004668688,0.0004668688,0.0004668688,0.0004668688,0.0004668688,0.0004668688,0.0004668688,0.0004668688,0.0004668688,0.0004668688,0.6531418,0.0004668688,0.0004668688,0.0004668688,0.0004668688,0.0004668688,0.0004668688,0.0004668688,0.0004668688,0.0004668688,0.0004668688,0.0004668688
0.00010089836,0.00010089836,0.00010089836,0.00010089836,0.00010089836,0.46529728,0.082220644,0.00010089836,0.00010089836,0.00010089836,0.00010089836,0.00010089836,0.00010089836,0.00010089836,0.00010089836,0.00010089836,0.00010089836,0.00010089836,0.00010089836,0.00010089836,0.00010089836,0.00010089836,0.00010089836,0.00010089836,0.00010089836,0.00010089836,0.00010089836,0.00010089836,0.00010089836,0.00010089836,0.00010089836,0.00010089836,0.00010089836,0.00010089836,0.00010089836,0.44854704,0.00010089836,0.00010089836,0.00010089836,0.00010089836,0.00010089836,0.00010089836
0.00020009853,0.00020009853,0.00020009853,0.00020009853,0.00020009853,0.00020009853,0.5152695,0.00020009853,0.00020009853,0.47672656,0.00020009853,0.00020009853,0.00020009853,0.00020009853,0.00020009853,0.00020009853,0.00020009853,0.00020009853,0.00020009853,0.00020009853,0.00020009853,0.00020009853,0.00020009853,0.00020009853,0.00020009853,0.00020009853,0.00020009853,0.00020009853,0.00020009853,0.00020009853,0.00020009853,0.00020009853,0.00020009853,0.00020009853,0.00020009853,0.00020009853,0.00020009853,0.00020009853,0.00020009853,0.00020009853,0.00020009853,0.00020009853
0.00015463802,0.00015463802,0.00015463802,0.00015463802,0.00015463802,0.00015463802,0.54764456,0.00015463802,0.00015463802,0.00015463802,0.00015463802,0.00015463802,0.00015463802,0.00015463802,0.00015463802,0.00015463802,0.00015463802,0.00015463802,0.00015463802,0.00015463802,0.00015463802,0.00015463802,0.00015463802,0.00015463802,0.00015463802,0.00015463802,0.00015463802,0.00015463802,0.00015463802,0.00015463802,0.00015463802,0.00015463802,0.00015463802,0.00015463802,0.00015463802,0.00015463802,0.00015463802,0.00015463802,0.44616997,0.00015463802,0.00015463802,0.00015463802
3.9291146e-05,3.9291146e-05,3.9291146e-05,3.9291146e-05,3.9291146e-05,3.9291146e-05,3.9291146e-05,3.9291146e-05,3.9291146e-05,3.9291146e-05,3.9291146e-05,3.9291146e-05,3.9291146e-05,3.9291146e-05,3.9291146e-05,3.9291146e-05,3.9291146e-05,3.9291146e-05,3.9291146e-05,3.9291146e-05,3.9291146e-05,3.9291146e-05,3.9291146e-05,3.9291146e-05,0.99838907,3.9291146e-05,3.9291146e-05,3.9291146e-05,3.9291146e-05,3.9291146e-05,3.9291146e-05,3.9291146e-05,3.9291146e-05,3.9291146e-05,3.9291146e-05,3.9291146e-05,3.9291146e-05,3.9291146e-05,3.9291146e-05,3.9291146e-05,3.9291146e-05,3.9291146e-05
8.65957e-05,8.65957e-05,8.65957e-05,8.65957e-05,8.65957e-05,8.65957e-05,0.15288316,8.65957e-05,8.65957e-05,0.77061903,8.65957e-05,8.65957e-05,8.65957e-05,8.65957e-05,8.65957e-05,8.65957e-05,8.65957e-05,8.65957e-05,8.65957e-05,8.65957e-05,8.65957e-05,8.65957e-05,8.65957e-05,8.65957e-05,8.65957e-05,8.65957e-05,8.65957e-05,8.65957e-05,8.65957e-05,8.65957e-05,8.65957e-05,8.65957e-05,8.65957e-05,8.65957e-05,8.65957e-05,8.65957e-05,8.65957e-05,8.65957e-05,8.65957e-05,0.0731206,8.65957e-05,8.65957e-05
0.00039033854,0.00039033854,0.00039033854,0.00039033854,0.00039033854,0.00039033854,0.00039033854,0.00039033854,0.00039033854,0.77177036,0.00039033854,0.00039033854,0.2126161,0.00039033854,0.00039033854,0.00039033854,0.00039033854,0.00039033854,0.00039033854,0.00039033854,0.00039033854,0.00039033854,0.00039033854,0.00039033854,0.00039033854,0.00039033854,0.00039033854,0.00039033854,0.00039033854,0.00039033854,0.00039033854,0.00039033854,0.00039033854,0.00039033854,0.00039033854,0.00039033854,0.00039033854,0.00039033854,0.00039033854,0.00039033854,0.00039033854,0.00039033854
3.460863e-05,3.460863e-05,3.460863e-05,3.460863e-05,3.460863e-05,3.460863e-05,3.460863e-05,3.460863e-05,3.460863e-05,3.460863e-05,3.460863e-05,3.460863e-05,3.460863e-05,3.460863e-05,3.460863e-05,3.460863e-05,3.460863e-05,3.460863e-05,3.460863e-05,0.99858105,3.460863e-05,3.460863e-05,3.460863e-05,3.460863e-05,3.460863e-05,3.460863e-05,3.460863e-05,3.460863e-05,3.460863e-05,3.460863e-05,3.460863e-05,3.460863e-05,3.460863e-05,3.460863e-05,3.460863e-05,3.460863e-05,3.460863e-05,3.460863e-05,3.460863e-05,3.460863e-05,3.460863e-05,3.460863e-05
0.00017253926,0.00017253926,0.00017253926,0.00017253926,0.00017253926,0.00017253926,0.008866964,0.00017253926,0.00017253926,0.00017253926,0.00017253926,0.00017253926,0.00017253926,0.00017253926,0.00017253926,0.00017253926,0.47284377,0.00017253926,0.00017253926,0.00017253926,0.00017253926,0.00017253926,0.00017253926,0.00017253926,0.00017253926,0.00017253926,0.00017253926,0.00017253926,0.00017253926,0.00017253926,0.51156026,0.00017253926,0.00017253926,0.00017253926,0.00017253926,0.00017253926,0.00017253926,0.00017253926,0.00017253926,0.00017253926,0.00017253926,0.00017253926
0.00010398156,0.00010398156,0.00010398156,0.00010398156,0.00010398156,0.00010398156,0.08818079,0.00010398156,0.00010398156,0.00010398156,0.00010398156,0.00010398156,0.00010398156,0.00010398156,0.00010398156,0.00010398156,0.00010398156,0.00010398156,0.00010398156,0.70587534,0.00010398156,0.00010398156,0.00010398156,0.00010398156,0.00010398156,0.00010398156,0.00010398156,0.00010398156,0.00010398156,0.00010398156,0.00010398156,0.00010398156,0.00010398156,0.00010398156,0.00010398156,0.00010398156,0.00010398156,0.00010398156,0.00010398156,0.00010398156,0.00010398156,0.20188856
0.00010972401,0.00010972401,0.00010972401,0.00010972401,0.00010972401,0.00010972401,0.00010972401,0.00010972401,0.00010972401,0.00010972401,0.00010972401,0.00010972401,0.00010972401,0.00010972401,0.00010972401,0.00010972401,0.00010972401,0.00010972401,0.00010972401,0.00010972401,0.00010972401,0.00010972401,0.00010972401,0.00010972401,0.00010972401,0.00010972401,0.9955013,0.00010972401,0.00010972401,0.00010972401,0.00010972401,0.00010972401,0.00010972401,0.00010972401,0.00010972401,0.00010972401,0.00010972401,0.00010972401,0.00010972401,0.00010972401,0.00010972401,0.00010972401
9.524235e-05,9.524235e-05,0.89345384,9.524235e-05,9.524235e-05,0.10273648,9.524235e-05,9.524235e-05,9.524235e-05,9.524235e-05,9.524235e-05,9.524235e-05,9.524235e-05,9.524235e-05,9.524235e-05,9.524235e-05,9.524235e-05,9.524235e-05,9.524235e-05,9.524235e-05,9.524235e-05,9.524235e-05,9.524235e-05,9.524235e-05,9.524235e-05,9.524235e-05,9.524235e-05,9.524235e-05,9.524235e-05,9.524235e-05,9.524235e-05,9.524235e-05,9.524235e-05,9.524235e-05,9.524235e-05,9.524235e-05,9.524235e-05,9.524235e-05,9.524235e-05,9.524235e-05,9.524235e-05,9.524235e-05
0.00022046757,0.00022046757,0.00022046757,0.469004,0.00022046757,0.00022046757,0.15051858,0.00022046757,0.00022046757,0.00022046757,0.00022046757,0.00022046757,0.00022046757,0.00022046757,0.00022046757,0.00022046757,0.00022046757,0.00022046757,0.00022046757,0.00022046757,0.00022046757,0.00022046757,0.00022046757,0.00022046757,0.00022046757,0.00022046757,0.00022046757,0.00022046757,0.00022046757,0.00022046757,0.00022046757,0.00022046757,0.3718792,0.00022046757,0.00022046757,0.00022046757,0.00022046757,0.00022046757,0.00022046757,0.00022046757,0.00022046757,0.00022046757
8.384102e-05,8.384102e-05,8.384102e-05,8.384102e-05,8.384102e-05,8.384102e-05,0.46727136,8.384102e-05,8.384102e-05,8.384102e-05,8.384102e-05,8.384102e-05,8.384102e-05,8.384102e-05,8.384102e-05,8.384102e-05,0.430636,8.384102e-05,8.384102e-05,8.384102e-05,8.384102e-05,8.384102e-05,8.384102e-05,8.384102e-05,8.384102e-05,8.384102e-05,8.384102e-05,8.384102e-05,8.384102e-05,8.384102e-05,0.015245982,8.384102e-05,8.384102e-05,8.384102e-05,8.384102e-05,0.08366066,8.384102e-05,8.384102e-05,8.384102e-05,8.384102e-05,8.384102e-05,8.384102e-05
0.00044929804,0.00044929804,0.3001499,0.00044929804,0.00044929804,0.00044929804,0.6818782,0.00044929804,0.00044929804,0.00044929804,0.00044929804,0.00044929804,0.00044929804,0.00044929804,0.00044929804,0.00044929804,0.00044929804,0.00044929804,0.00044929804,0.00044929804,0.00044929804,0.00044929804,0.00044929804,0.00044929804,0.00044929804,0.00044929804,0.00044929804,0.00044929804,0.00044929804,0.00044929804,0.00044929804,0.00044929804,0.00044929804,0.00044929804,0.00044929804,0.00044929804,0.00044929804,0.00044929804,0.00044929804,0.00044929804,0.00044929804,0.00044929804
0.00034017258,0.00034017258,0.00034017258,0.00034017258,0.00034017258,0.00034017258,0.98605293,0.00034017258,0.00034017258,0.00034017258,0.00034017258,0.00034017258,0.00034017258,0.00034017258,0.00034017258,0.00034017258,0.00034017258,0.00034017258,0.00034017258,0.00034017258,0.00034017258,0.00034017258,0.00034017258,0.00034017258,0.00034017258,0.00034017258,0.00034017258,0.00034017258,0.00034017258,0.00034017258,0.00034017258,0.00034017258,0.00034017258,0.00034017258,0.00034017258,0.00034017258,0.00034017258,0.00034017258,0.00034017258,0.00034017258,0.00034017258,0.00034017258
0.00012086824,0.00012086824,0.00012086824,0.00012086824,0.00012086824,0.00012086824,0.00012086824,0.00012086824,0.00012086824,0.00012086824,0.00012086824,0.75492096,0.00012086824,0.00012086824,0.00012086824,0.00012086824,0.00012086824,0.00012086824,0.00012086824,0.00012086824,0.00012086824,0.00012086824,0.00012086824,0.00012086824,0.00012086824,0.00012086824,0.00012086824,0.00012086824,0.00012086824,0.00012086824,0.00012086824,0.00012086824,0.24024434,0.00012086824,0.00012086824,0.00012086824,0.00012086824,0.00012086824,0.00012086824,0.00012086824,0.00012086824,0.00012086824
0.0025120042,4.6150377e-05,4.6150377e-05,4.6150377e-05,4.6150377e-05,0.02297891,4.6150377e-05,4.6150377e-05,4.6150377e-05,4.6150377e-05,4.6150377e-05,0.97270924,4.6150377e-05,4.6150377e-05,4.6150377e-05,4.6150377e-05,4.6150377e-05,4.6150377e-05,4.6150377e-05,4.6150377e-05,4.6150377e-05,4.6150377e-05,4.6150377e-05,4.6150377e-05,4.6150377e-05,4.6150377e-05,4.6150377e-05,4.6150377e-05,4.6150377e-05,4.6150377e-05,4.6150377e-05,4.6150377e-05,4.6150377e-05,4.6150377e-05,4.6150377e-05,4.6150377e-05,4.6150377e-05,4.6150377e-05,4.6150377e-05,4.6150377e-05,4.6150377e-05,4.6150377e-05
6.202809e-05,6.202809e-05,6.202809e-05,6.202809e-05,6.202809e-05,6.202809e-05,0.22535309,6.202809e-05,6.202809e-05,6.202809e-05,6.202809e-05,0.16497143,6.202809e-05,6.202809e-05,6.202809e-05,0.13559528,6.202809e-05,6.202809e-05,6.202809e-05,6.202809e-05,6.202809e-05,6.202809e-05,6.202809e-05,6.202809e-05,6.202809e-05,6.202809e-05,6.202809e-05,6.202809e-05,0.47172317,6.202809e-05,6.202809e-05,6.202809e-05,6.202809e-05,6.202809e-05,6.202809e-05,6.202809e-05,6.202809e-05,6.202809e-05,6.202809e-05,6.202809e-05,6.202809e-05,6.202809e-05
7.608433e-05,7.608433e-05,7.608433e-05,7.608433e-05,7.608433e-05,7.608433e-05,7.608433e-05,7.608433e-05,7.608433e-05,7.608433e-05,7.608433e-05,0.8441131,7.608433e-05,7.608433e-05,0.1528435,7.608433e-05,7.608433e-05,7.608433e-05,7.608433e-05,7.608433e-05,7.608433e-05,7.608433e-05,7.608433e-05,7.608433e-05,7.608433e-05,7.608433e-05,7.608433e-05,7.608433e-05,7.608433e-05,7.608433e-05,7.608433e-05,7.608433e-05,7.608433e-05,7.608433e-05,7.608433e-05,7.608433e-05,7.608433e-05,7.608433e-05,7.608433e-05,7.608433e-05,7.608433e-05,7.608433e-05
0.00010047919,0.00010047919,0.00010047919,0.00010047919,0.00010047919,0.00010047919,0.00010047919,0.00010047919,0.00010047919,0.00010047919,0.00010047919,0.9958803,0.00010047919,0.00010047919,0.00010047919,0.00010047919,0.00010047919,0.00010047919,0.00010047919,0.00010047919,0.00010047919,0.00010047919,0.00010047919,0.00010047919,0.00010047919,0.00010047919,0.00010047919,0.00010047919,0.00010047919,0.00010047919,0.00010047919,0.00010047919,0.00010047919,0.00010047919,0.00010047919,0.00010047919,0.00010047919,0.00010047919,0.00010047919,0.00010047919,0.00010047919,0.00010047919
7.046583e-05,7.046583e-05,7.046583e-05,7.046583e-05,7.046583e-05,7.046583e-05,0.09234443,7.046583e-05,7.046583e-05,7.046583e-05,7.046583e-05,0.08421642,7.046583e-05,7.046583e-05,7.046583e-05,7.046583e-05,7.046583e-05,7.046583e-05,7.046583e-05,7.046583e-05,7.046583e-05,7.046583e-05,7.046583e-05,7.046583e-05,0.011933776,7.046583e-05,7.046583e-05,7.046583e-05,0.80882764,7.046583e-05,7.046583e-05,7.046583e-05,7.046583e-05,7.046583e-05,7.046583e-05,7.046583e-05,7.046583e-05,7.046583e-05,7.046583e-05,7.046583e-05,7.046583e-05,7.046583e-05
5.5507666e-05,5.5507666e-05,5.5507666e-05,5.5507666e-05,5.5507666e-05,5.5507666e-05,5.5507666e-05,5.5507666e-05,5.5507666e-05,5.5507666e-05,5.5507666e-05,0.8620681,5.5507666e-05,5.5507666e-05,5.5507666e-05,5.5507666e-05,5.5507666e-05,0.13571158,5.5507666e-05,5.5507666e-05,5.5507666e-05,5.5507666e-05,5.5507666e-05,5.5507666e-05,5.5507666e-05,5.5507666e-05,5.5507666e-05,5.5507666e-05,5.5507666e-05,5.5507666e-05,5.5507666e-05,5.5507666e-05,5.5507666e-05,5.5507666e-05,5.5507666e-05,5.5507666e-05,5.5507666e-05,5.5507666e-05,5.5507666e-05,5.5507666e-05,5.5507666e-05,5.5507666e-05
0.00019841806,0.00019841806,0.00019841806,0.00019841806,0.00019841806,0.00019841806,0.00019841806,0.00019841806,0.00019841806,0.00019841806,0.00019841806,0.00019841806,0.00019841806,0.00019841806,0.103009,0.00019841806,0.00019841806,0.5042397,0.00019841806,0.00019841806,0.00019841806,0.00019841806,0.00019841806,0.00019841806,0.00019841806,0.00019841806,0.00019841806,0.00019841806,0.00019841806,0.00019841806,0.385013,0.00019841806,0.00019841806,0.00019841806,0.00019841806,0.00019841806,0.00019841806,0.00019841806,0.00019841806,0.00019841806,0.00019841806,0.00019841806
0.0002381199,0.0002381199,0.0002381199,0.0002381199,0.0002381199,0.0002381199,0.0002381199,0.0002381199,0.0002381199,0.0002381199,0.0002381199,0.0002381199,0.0002381199,0.0002381199,0.0002381199,0.0002381199,0.0002381199,0.0002381199,0.0002381199,0.0002381199,0.0002381199,0.0002381199,0.0002381199,0.0002381199,0.0002381199,0.0002381199,0.0002381199,0.0002381199,0.0002381199,0.0002381199,0.9902371,0.0002381199,0.0002381199,0.0002381199,0.0002381199,0.0002381199,0.0002381199,0.0002381199,0.0002381199,0.0002381199,0.0002381199,0.0002381199
2.3930423e-05,2.3930423e-05,2.3930423e-05,2.3930423e-05,2.3930423e-05,2.3930423e-05,2.3930423e-05,2.3930423e-05,2.3930423e-05,2.3930423e-05,2.3930423e-05,2.3930423e-05,2.3930423e-05,2.3930423e-05,2.3930423e-05,2.3930423e-05,2.3930423e-05,0.99901885,2.3930423e-05,2.3930423e-05,2.3930423e-05,2.3930423e-05,2.3930423e-05,2.3930423e-05,2.3930423e-05,2.3930423e-05,2.3930423e-05,2.3930423e-05,2.3930423e-05,2.3930423e-05,2.3930423e-05,2.3930423e-05,2.3930423e-05,2.3930423e-05,2.3930423e-05,2.3930423e-05,2.3930423e-05,2.3930423e-05,2.3930423e-05,2.3930423e-05,2.3930423e-05,2.3930423e-05
0.0001737947,0.0001737947,0.0001737947,0.0001737947,0.0001737947,0.0001737947,0.0001737947,0.0001737947,0.0001737947,0.0001737947,0.0001737947,0.0001737947,0.0001737947,0.0001737947,0.0001737947,0.0001737947,0.0001737947,0.0001737947,0.0001737947,0.0001737947,0.0001737947,0.0001737947,0.0001737947,0.0001737947,0.0001737947,0.0001737947,0.0001737947,0.0001737947,0.0001737947,0.0001737947,0.0001737947,0.0001737947,0.0001737947,0.9928744,0.0001737947,0.0001737947,0.0001737947,0.0001737947,0.0001737947,0.0001737947,0.0001737947,0.0001737947
0.00025880715,0.00025880715,0.98938894,0.00025880715,0.00025880715,0.00025880715,0.00025880715,0.00025880715,0.00025880715,0.00025880715,0.00025880715,0.00025880715,0.00025880715,0.00025880715,0.00025880715,0.00025880715,0.00025880715,0.00025880715,0.00025880715,0.00025880715,0.00025880715,0.00025880715,0.00025880715,0.00025880715,0.00025880715,0.00025880715,0.00025880715,0.00025880715,0.00025880715,0.00025880715,0.00025880715,0.00025880715,0.00025880715,0.00025880715,0.00025880715,0.00025880715,0.00025880715,0.00025880715,0.00025880715,0.00025880715,0.00025880715,0.00025880715
9.486019e-05,9.486019e-05,9.486019e-05,9.486019e-05,9.486019e-05,9.486019e-05,9.486019e-05,9.486019e-05,9.486019e-05,9.486019e-05,9.486019e-05,9.486019e-05,9.486019e-05,9.486019e-05,9.486019e-05,9.486019e-05,9.486019e-05,9.486019e-05,9.486019e-05,9.486019e-05,9.486019e-05,9.486019e-05,9.486019e-05,9.486019e-05,9.486019e-05,9.486019e-05,9.486019e-05,9.486019e-05,9.486019e-05,9.486019e-05,9.486019e-05,9.486019e-05,9.486019e-05,9.486019e-05,9.486019e-05,0.99611074,9.486019e-05,9.486019e-05,9.486019e-05,9.486019e-05,9.486019e-05,9.486019e-05
9.337318e-05,9.337318e-05,9.337318e-05,9.337318e-05,9.337318e-05,0.99617165,9.337318e-05,9.337318e-05,9.337318e-05,9.337318e-05,9.337318e-05,9.337318e-05,9.337318e-05,9.337318e-05,9.337318e-05,9.337318e-05,9.337318e-05,9.337318e-05,9.337318e-05,9.337318e-05,9.337318e-05,9.337318e-05,9.337318e-05,9.337318e-05,9.337318e-05,9.337318e-05,9.337318e-05,9.337318e-05,9.337318e-05,9.337318e-05,9.337318e-05,9.337318e-05,9.337318e-05,9.337318e-05,9.337318e-05,9.337318e-05,9.337318e-05,9.337318e-05,9.337318e-05,9.337318e-05,9.337318e-05,9.337318e-05
6.650872e-05,6.650872e-05,6.650872e-05,6.650872e-05,6.650872e-05,6.650872e-05,6.650872e-05,6.650872e-05,6.650872e-05,6.650872e-05,6.650872e-05,6.650872e-05,6.650872e-05,0.6840274,6.650872e-05,6.650872e-05,6.650872e-05,6.650872e-05,6.650872e-05,6.650872e-05,6.650872e-05,6.650872e-05,6.650872e-05,0.31331232,6.650872e-05,6.650872e-05,6.650872e-05,6.650872e-05,6.650872e-05,6.650872e-05,6.650872e-05,6.650872e-05,6.650872e-05,6.650872e-05,6.650872e-05,6.650872e-05,6.650872e-05,6.650872e-05,6.650872e-05,6.650872e-05,6.650872e-05,6.650872e-05
0.00039683207,0.00039683207,0.00039683207,0.00039683207,0.00039683207,0.00039683207,0.00039683207,0.00039683207,0.00039683207,0.00039683207,0.00039683207,0.00039683207,0.00039683207,0.00039683207,0.00039683207,0.12897964,0.00039683207,0.00039683207,0.00039683207,0.00039683207,0.00039683207,0.00039683207,0.00039683207,0.00039683207,0.00039683207,0.00039683207,0.00039683207,0.85514706,0.00039683207,0.00039683207,0.00039683207,0.00039683207,0.00039683207,0.00039683207,0.00039683207,0.00039683207,0.00039683207,0.00039683207,0.00039683207,0.00039683207,0.00039683207,0.00039683207
0.00028345696,0.00028345696,0.00028345696,0.00028345696,0.00028345696,0.00028345696,0.00028345696,0.00028345696,0.00028345696,0.00028345696,0.00028345696,0.00028345696,0.00028345696,0.00028345696,0.00028345696,0.00028345696,0.00028345696,0.00028345696,0.00028345696,0.00028345696,0.00028345696,0.00028345696,0.00028345696,0.9883783,0.00028345696,0.00028345696,0.00028345696,0.00028345696,0.00028345696,0.00028345696,0.00028345696,0.00028345696,0.00028345696,0.00028345696,0.00028345696,0.00028345696,0.00028345696,0.00028345696,0.00028345696,0.00028345696,0.00028345696,0.00028345696
0.0002267622,0.99070275,0.0002267622,0.0002267622,0.0002267622,0.0002267622,0.0002267622,0.0002267622,0.0002267622,0.0002267622,0.0002267622,0.0002267622,0.0002267622,0.0002267622,0.0002267622,0.0002267622,0.0002267622,0.0002267622,0.0002267622,0.0002267622,0.0002267622,0.0002267622,0.0002267622,0.0002267622,0.0002267622,0.0002267622,0.0002267622,0.0002267622,0.0002267622,0.0002267622,0.0002267622,0.0002267622,0.0002267622,0.0002267622,0.0002267622,0.0002267622,0.0002267622,0.0002267622,0.0002267622,0.0002267622,0.0002267622,0.0002267622
0.00017770259,0.00017770259,0.00017770259,0.00017770259,0.00017770259,0.00017770259,0.782483,0.00017770259,0.00017770259,0.00017770259,0.00017770259,0.00017770259,0.00017770259,0.00017770259,0.00017770259,0.00017770259,0.00017770259,0.00017770259,0.00017770259,0.00017770259,0.00017770259,0.00017770259,0.00017770259,0.00017770259,0.00017770259,0.00017770259,0.00017770259,0.00017770259,0.00017770259,0.00017770259,0.00017770259,0.00017770259,0.21040899,0.00017770259,0.00017770259,0.00017770259,0.00017770259,0.00017770259,0.00017770259,0.00017770259,0.00017770259,0.00017770259
0.00017903428,0.00017903428,0.00017903428,0.00017903428,0.00017903428,0.00017903428,0.00017903428,0.00017903428,0.00017903428,0.00017903428,0.00017903428,0.00017903428,0.00017903428,0.00017903428,0.00017903428,0.00017903428,0.00017903428,0.00017903428,0.00017903428,0.00017903428,0.00017903428,0.00017903428,0.00017903428,0.00017903428,0.00017903428,0.00017903428,0.00017903428,0.00017903428,0.00017903428,0.00017903428,0.99265957,0.00017903428,0.00017903428,0.00017903428,0.00017903428,0.00017903428,0.00017903428,0.00017903428,0.00017903428,0.00017903428,0.00017903428,0.00017903428
0.00029762377,0.00029762377,0.00029762377,0.00029762377,0.00029762377,0.00029762377,0.00029762377,0.00029762377,0.00029762377,0.00029762377,0.00029762377,0.00029762377,0.00029762377,0.00029762377,0.00029762377,0.00029762377,0.98779744,0.00029762377,0.00029762377,0.00029762377,0.00029762377,0.00029762377,0.00029762377,0.00029762377,0.00029762377,0.00029762377,0.00029762377,0.00029762377,0.00029762377,0.00029762377,0.00029762377,0.00029762377,0.00029762377,0.00029762377,0.00029762377,0.00029762377,0.00029762377,0.00029762377,0.00029762377,0.00029762377,0.00029762377,0.00029762377
0.00022046278,0.00022046278,0.00022046278,0.00022046278,0.00022046278,0.00022046278,0.00022046278,0.00022046278,0.00022046278,0.990961,0.00022046278,0.00022046278,0.00022046278,0.00022046278,0.00022046278,0.00022046278,0.00022046278,0.00022046278,0.00022046278,0.00022046278,0.00022046278,0.00022046278,0.00022046278,0.00022046278,0.00022046278,0.00022046278,0.00022046278,0.00022046278,0.00022046278,0.00022046278,0.00022046278,0.00022046278,0.00022046278,0.00022046278,0.00022046278,0.00022046278,0.00022046278,0.00022046278,0.00022046278,0.00022046278,0.00022046278,0.00022046278
0.00042518668,0.00042518668,0.00042518668,0.00042518668,0.00042518668,0.00042518668,0.00042518668,0.00042518668,0.00042518668,0.00042518668,0.00042518668,0.00042518668,0.00042518668,0.00042518668,0.00042518668,0.00042518668,0.00042518668,0.00042518668,0.00042518668,0.00042518668,0.00042518668,0.00042518668,0.00042518668,0.201098,0.78189456,0.00042518668,0.00042518668,0.00042518668,0.00042518668,0.00042518668,0.00042518668,0.00042518668,0.00042518668,0.00042518668,0.00042518668,0.00042518668,0.00042518668,0.00042518668,0.00042518668,0.00042518668,0.00042518668,0.00042518668
0.00052914175,0.00052914175,0.00052914175,0.00052914175,0.00052914175,0.00052914175,0.9783052,0.00052914175,0.00052914175,0.00052914175,0.00052914175,0.00052914175,0.00052914175,0.00052914175,0.00052914175,0.00052914175,0.00052914175,0.00052914175,0.00052914175,0.00052914175,0.00052914175,0.00052914175,0.00052914175,0.00052914175,0.00052914175,0.00052914175,0.00052914175,0.00052914175,0.00052914175,0.00052914175,0.00052914175,0.00052914175,0.00052914175,0.00052914175,0.00052914175,0.00052914175,0.00052914175,0.00052914175,0.00052914175,0.00052914175,0.00052914175,0.00052914175
