5.6636e-05,5.6636e-05,5.6636e-05,5.6636e-05,5.6636e-05,5.6636e-05,5.6636e-05,5.6636e-05,0.30571568,5.6636e-05,5.6636e-05,5.6636e-05,5.6636e-05,0.07940523,5.6636e-05,0.012386405,5.6636e-05,5.6636e-05,5.6636e-05,5.6636e-05,5.6636e-05,5.6636e-05,5.6636e-05,5.6636e-05,5.6636e-05,5.6636e-05,0.12865481,5.6636e-05,5.6636e-05,5.6636e-05,5.6636e-05,5.6636e-05,0.39677963,5.6636e-05,0.07518926,5.6636e-05,5.6636e-05,5.6636e-05,5.6636e-05
3.123168e-05,3.123168e-05,3.123168e-05,3.123168e-05,3.123168e-05,3.123168e-05,3.123168e-05,3.123168e-05,3.123168e-05,0.013564411,3.123168e-05,3.123168e-05,0.04934913,3.123168e-05,0.0036467174,3.123168e-05,3.123168e-05,3.123168e-05,3.123168e-05,3.123168e-05,0.090600125,3.123168e-05,3.123168e-05,3.123168e-05,3.123168e-05,3.123168e-05,3.123168e-05,3.123168e-05,3.123168e-05,3.123168e-05,3.123168e-05,3.123168e-05,3.123168e-05,0.006092672,0.8357163,3.123168e-05,3.123168e-05,3.123168e-05,3.123168e-05
1.4866318e-05,1.4866318e-05,1.4866318e-05,1.4866318e-05,1.4866318e-05,1.4866318e-05,1.4866318e-05,1.4866318e-05,1.4866318e-05,1.4866318e-05,1.4866318e-05,1.4866318e-05,1.4866318e-05,1.4866318e-05,1.4866318e-05,0.035462152,1.4866318e-05,1.4866318e-05,1.4866318e-05,1.4866318e-05,1.4866318e-05,1.4866318e-05,1.4866318e-05,1.4866318e-05,1.4866318e-05,1.4866318e-05,0.7210335,1.4866318e-05,1.4866318e-05,1.4866318e-05,1.4866318e-05,1.4866318e-05,1.4866318e-05,0.021349613,0.22163442,1.4866318e-05,1.4866318e-05,1.4866318e-05,1.4866318e-05
8.4641506e-05,0.51186305,8.4641506e-05,8.4641506e-05,8.4641506e-05,8.4641506e-05,8.4641506e-05,8.4641506e-05,8.4641506e-05,0.30061024,8.4641506e-05,8.4641506e-05,8.4641506e-05,0.16284901,8.4641506e-05,8.4641506e-05,8.4641506e-05,8.4641506e-05,8.4641506e-05,8.4641506e-05,8.4641506e-05,8.4641506e-05,8.4641506e-05,8.4641506e-05,8.4641506e-05,8.4641506e-05,8.4641506e-05,8.4641506e-05,8.4641506e-05,8.4641506e-05,8.4641506e-05,8.4641506e-05,8.4641506e-05,8.4641506e-05,0.021715228,8.4641506e-05,8.4641506e-05,8.4641506e-05,8.4641506e-05
0.000103426646,0.000103426646,0.000103426646,0.000103426646,0.000103426646,0.000103426646,0.000103426646,0.000103426646,0.000103426646,0.000103426646,0.000103426646,0.000103426646,0.000103426646,0.25118762,0.000103426646,0.000103426646,0.000103426646,0.000103426646,0.000103426646,0.000103426646,0.000103426646,0.000103426646,0.000103426646,0.000103426646,0.000103426646,0.000103426646,0.000103426646,0.000103426646,0.000103426646,0.000103426646,0.000103426646,0.000103426646,0.000103426646,0.000103426646,0.000103426646,0.74498564,0.000103426646,0.000103426646,0.000103426646
0.00012632436,0.00012632436,0.00012632436,0.00012632436,0.00012632436,0.00012632436,0.00012632436,0.00012632436,0.00012632436,0.00012632436,0.00012632436,0.00012632436,0.00012632436,0.008510288,0.00012632436,0.00012632436,0.00012632436,0.00012632436,0.00012632436,0.00012632436,0.00012632436,0.00012632436,0.00012632436,0.00012632436,0.00012632436,0.00012632436,0.00012632436,0.00012632436,0.00012632436,0.00012632436,0.00012632436,0.00012632436,0.00012632436,0.00012632436,0.00012632436,0.9868157,0.00012632436,0.00012632436,0.00012632436
8.521366e-05,8.521366e-05,8.521366e-05,8.521366e-05,8.521366e-05,8.521366e-05,8.521366e-05,8.521366e-05,8.521366e-05,8.521366e-05,8.521366e-05,8.521366e-05,8.521366e-05,8.521366e-05,8.521366e-05,8.521366e-05,8.521366e-05,8.521366e-05,8.521366e-05,8.521366e-05,8.521366e-05,8.521366e-05,8.521366e-05,8.521366e-05,8.521366e-05,8.521366e-05,8.521366e-05,8.521366e-05,8.521366e-05,8.521366e-05,8.521366e-05,8.521366e-05,8.521366e-05,8.521366e-05,8.521366e-05,0.99676186,8.521366e-05,8.521366e-05,8.521366e-05
0.00013786028,0.00013786028,0.00013786028,0.00013786028,0.00013786028,0.00013786028,0.00013786028,0.00013786028,0.00013786028,0.00013786028,0.00013786028,0.00013786028,0.00013786028,0.00013786028,0.00013786028,0.00013786028,0.00013786028,0.00013786028,0.00013786028,0.00013786028,0.00013786028,0.00013786028,0.00013786028,0.00013786028,0.00013786028,0.00013786028,0.00013786028,0.00013786028,0.00013786028,0.00013786028,0.00013786028,0.00013786028,0.00013786028,0.00013786028,0.00013786028,0.9947613,0.00013786028,0.00013786028,0.00013786028
1.5420344e-05,1.5420344e-05,1.5420344e-05,1.5420344e-05,1.5420344e-05,1.5420344e-05,1.5420344e-05,1.5420344e-05,1.5420344e-05,1.5420344e-05,1.5420344e-05,1.5420344e-05,1.5420344e-05,1.5420344e-05,1.5420344e-05,1.5420344e-05,1.5420344e-05,1.5420344e-05,1.5420344e-05,1.5420344e-05,1.5420344e-05,1.5420344e-05,1.5420344e-05,1.5420344e-05,1.5420344e-05,1.5420344e-05,1.5420344e-05,1.5420344e-05,1.5420344e-05,1.5420344e-05,1.5420344e-05,1.5420344e-05,1.5420344e-05,0.999414,1.5420344e-05,1.5420344e-05,1.5420344e-05,1.5420344e-05,1.5420344e-05
0.24598484,2.9099496e-05,2.9099496e-05,2.9099496e-05,2.9099496e-05,2.9099496e-05,2.9099496e-05,2.9099496e-05,0.1571036,0.528289,2.9099496e-05,2.9099496e-05,2.9099496e-05,0.012997394,2.9099496e-05,2.9099496e-05,2.9099496e-05,2.9099496e-05,2.9099496e-05,2.9099496e-05,2.9099496e-05,2.9099496e-05,2.9099496e-05,2.9099496e-05,2.9099496e-05,2.9099496e-05,2.9099496e-05,2.9099496e-05,2.9099496e-05,2.9099496e-05,2.9099496e-05,2.9099496e-05,2.9099496e-05,0.017549014,2.9099496e-05,0.03711586,2.9099496e-05,2.9099496e-05,2.9099496e-05
0.0016949597,0.0086372,4.3703426e-06,4.3703426e-06,4.3703426e-06,4.3703426e-06,4.3703426e-06,4.3703426e-06,4.3703426e-06,4.3703426e-06,4.3703426e-06,4.3703426e-06,0.05247379,4.3703426e-06,4.3703426e-06,4.3703426e-06,4.3703426e-06,4.3703426e-06,4.3703426e-06,4.3703426e-06,4.3703426e-06,4.3703426e-06,4.3703426e-06,4.3703426e-06,4.3703426e-06,4.3703426e-06,4.3703426e-06,4.3703426e-06,4.3703426e-06,0.7698624,4.3703426e-06,4.3703426e-06,4.3703426e-06,4.3703426e-06,0.16718306,4.3703426e-06,4.3703426e-06,4.3703426e-06,4.3703426e-06
4.0573636e-06,4.0573636e-06,0.329309,4.0573636e-06,4.0573636e-06,4.0573636e-06,4.0573636e-06,4.0573636e-06,4.0573636e-06,4.0573636e-06,4.0573636e-06,4.0573636e-06,4.0573636e-06,4.0573636e-06,4.0573636e-06,4.0573636e-06,4.0573636e-06,4.0573636e-06,4.0573636e-06,4.0573636e-06,4.0573636e-06,4.0573636e-06,4.0573636e-06,4.0573636e-06,4.0573636e-06,4.0573636e-06,4.0573636e-06,4.0573636e-06,4.0573636e-06,4.0573636e-06,4.0573636e-06,4.0573636e-06,4.0573636e-06,4.0573636e-06,0.6705409,4.0573636e-06,4.0573636e-06,4.0573636e-06,4.0573636e-06
1.5608057e-05,0.46882045,1.5608057e-05,1.5608057e-05,1.5608057e-05,1.5608057e-05,1.5608057e-05,1.5608057e-05,1.5608057e-05,1.5608057e-05,1.5608057e-05,1.5608057e-05,1.5608057e-05,1.5608057e-05,1.5608057e-05,1.5608057e-05,1.5608057e-05,1.5608057e-05,1.5608057e-05,1.5608057e-05,1.5608057e-05,1.5608057e-05,1.5608057e-05,0.124776535,1.5608057e-05,1.5608057e-05,1.5608057e-05,1.5608057e-05,1.5608057e-05,1.5608057e-05,0.4058411,1.5608057e-05,1.5608057e-05,1.5608057e-05,1.5608057e-05,1.5608057e-05,1.5608057e-05,1.5608057e-05,1.5608057e-05
3.8523172e-05,0.39324996,3.8523172e-05,3.8523172e-05,3.8523172e-05,3.8523172e-05,3.8523172e-05,3.8523172e-05,3.8523172e-05,3.8523172e-05,3.8523172e-05,3.8523172e-05,3.8523172e-05,3.8523172e-05,3.8523172e-05,3.8523172e-05,3.8523172e-05,3.8523172e-05,3.8523172e-05,3.8523172e-05,3.8523172e-05,3.8523172e-05,3.8523172e-05,0.34041062,3.8523172e-05,3.8523172e-05,3.8523172e-05,3.8523172e-05,3.8523172e-05,3.8523172e-05,0.2649526,3.8523172e-05,3.8523172e-05,3.8523172e-05,3.8523172e-05,3.8523172e-05,3.8523172e-05,3.8523172e-05,3.8523172e-05
1.4439906e-05,1.4439906e-05,1.4439906e-05,1.4439906e-05,0.00027120064,1.4439906e-05,1.4439906e-05,1.4439906e-05,1.4439906e-05,0.0803184,1.4439906e-05,1.4439906e-05,0.13715689,1.4439906e-05,1.4439906e-05,1.4439906e-05,1.4439906e-05,1.4439906e-05,1.4439906e-05,0.083723694,1.4439906e-05,1.4439906e-05,1.4439906e-05,1.4439906e-05,1.4439906e-05,1.4439906e-05,1.4439906e-05,1.4439906e-05,1.4439906e-05,1.4439906e-05,1.4439906e-05,1.4439906e-05,1.4439906e-05,0.0004089854,0.6976443,1.4439906e-05,1.4439906e-05,1.4439906e-05,1.4439906e-05
5.5874283e-05,5.5874283e-05,5.5874283e-05,5.5874283e-05,5.5874283e-05,5.5874283e-05,5.5874283e-05,5.5874283e-05,5.5874283e-05,0.96278477,5.5874283e-05,5.5874283e-05,5.5874283e-05,5.5874283e-05,5.5874283e-05,5.5874283e-05,5.5874283e-05,5.5874283e-05,5.5874283e-05,5.5874283e-05,5.5874283e-05,5.5874283e-05,5.5874283e-05,5.5874283e-05,5.5874283e-05,5.5874283e-05,5.5874283e-05,5.5874283e-05,5.5874283e-05,5.5874283e-05,5.5874283e-05,5.5874283e-05,5.5874283e-05,5.5874283e-05,5.5874283e-05,0.035147894,5.5874283e-05,5.5874283e-05,5.5874283e-05
4.2093247e-06,4.2093247e-06,4.2093247e-06,4.2093247e-06,4.2093247e-06,4.2093247e-06,4.2093247e-06,4.2093247e-06,4.2093247e-06,4.2093247e-06,4.2093247e-06,4.2093247e-06,0.9998401,4.2093247e-06,4.2093247e-06,4.2093247e-06,4.2093247e-06,4.2093247e-06,4.2093247e-06,4.2093247e-06,4.2093247e-06,4.2093247e-06,4.2093247e-06,4.2093247e-06,4.2093247e-06,4.2093247e-06,4.2093247e-06,4.2093247e-06,4.2093247e-06,4.2093247e-06,4.2093247e-06,4.2093247e-06,4.2093247e-06,4.2093247e-06,4.2093247e-06,4.2093247e-06,4.2093247e-06,4.2093247e-06,4.2093247e-06
0.0024886143,0.0038601153,5.815255e-06,5.815255e-06,5.815255e-06,5.815255e-06,5.815255e-06,5.815255e-06,5.815255e-06,5.815255e-06,5.815255e-06,5.815255e-06,0.9934419,5.815255e-06,5.815255e-06,5.815255e-06,5.815255e-06,5.815255e-06,5.815255e-06,5.815255e-06,5.815255e-06,5.815255e-06,5.815255e-06,5.815255e-06,5.815255e-06,5.815255e-06,5.815255e-06,5.815255e-06,5.815255e-06,5.815255e-06,5.815255e-06,5.815255e-06,5.815255e-06,5.815255e-06,5.815255e-06,5.815255e-06,5.815255e-06,5.815255e-06,5.815255e-06
2.2534703e-05,2.2534703e-05,2.2534703e-05,2.2534703e-05,2.2534703e-05,2.2534703e-05,2.2534703e-05,2.2534703e-05,2.2534703e-05,2.2534703e-05,2.2534703e-05,2.2534703e-05,2.2534703e-05,2.2534703e-05,2.2534703e-05,2.2534703e-05,2.2534703e-05,0.99914366,2.2534703e-05,2.2534703e-05,2.2534703e-05,2.2534703e-05,2.2534703e-05,2.2534703e-05,2.2534703e-05,2.2534703e-05,2.2534703e-05,2.2534703e-05,2.2534703e-05,2.2534703e-05,2.2534703e-05,2.2534703e-05,2.2534703e-05,2.2534703e-05,2.2534703e-05,2.2534703e-05,2.2534703e-05,2.2534703e-05,2.2534703e-05
1.3450824e-05,1.3450824e-05,1.3450824e-05,1.3450824e-05,0.42171973,1.3450824e-05,1.3450824e-05,1.3450824e-05,1.3450824e-05,1.3450824e-05,1.3450824e-05,0.18927924,1.3450824e-05,0.02658876,1.3450824e-05,1.3450824e-05,1.3450824e-05,1.3450824e-05,1.3450824e-05,1.3450824e-05,1.3450824e-05,1.3450824e-05,1.3450824e-05,1.3450824e-05,1.3450824e-05,0.13897718,1.3450824e-05,1.3450824e-05,1.3450824e-05,0.06660193,1.3450824e-05,0.103471026,1.3450824e-05,0.018437719,0.03450741,1.3450824e-05,1.3450824e-05,1.3450824e-05,1.3450824e-05
4.1600288e-05,4.1600288e-05,4.1600288e-05,4.1600288e-05,4.1600288e-05,4.1600288e-05,4.1600288e-05,4.1600288e-05,4.1600288e-05,4.1600288e-05,4.1600288e-05,4.1600288e-05,4.1600288e-05,0.6539983,4.1600288e-05,4.1600288e-05,4.1600288e-05,4.1600288e-05,0.006360291,4.1600288e-05,4.1600288e-05,4.1600288e-05,4.1600288e-05,4.1600288e-05,4.1600288e-05,4.1600288e-05,4.1600288e-05,4.1600288e-05,4.1600288e-05,4.1600288e-05,4.1600288e-05,4.1600288e-05,4.1600288e-05,4.1600288e-05,4.1600288e-05,0.33814383,4.1600288e-05,4.1600288e-05,4.1600288e-05
0.00015548982,0.00015548982,0.00015548982,0.08653794,0.00015548982,0.00015548982,0.00015548982,0.00015548982,0.00015548982,0.37377498,0.00015548982,0.00015548982,0.00015548982,0.18711703,0.00015548982,0.00015548982,0.00015548982,0.34712794,0.00015548982,0.00015548982,0.00015548982,0.00015548982,0.00015548982,0.00015548982,0.00015548982,0.00015548982,0.00015548982,0.00015548982,0.00015548982,0.00015548982,0.00015548982,0.00015548982,0.00015548982,0.00015548982,0.00015548982,0.00015548982,0.00015548982,0.00015548982,0.00015548982
0.000115508104,0.000115508104,0.000115508104,0.000115508104,0.000115508104,0.000115508104,0.000115508104,0.000115508104,0.000115508104,0.000115508104,0.000115508104,0.000115508104,0.000115508104,0.52892274,0.000115508104,0.000115508104,0.000115508104,0.000115508104,0.000115508104,0.000115508104,0.000115508104,0.000115508104,0.000115508104,0.000115508104,0.000115508104,0.000115508104,0.000115508104,0.000115508104,0.000115508104,0.000115508104,0.000115508104,0.000115508104,0.000115508104,0.000115508104,0.000115508104,0.4668035,0.000115508104,0.000115508104,0.000115508104
9.089297e-06,9.089297e-06,9.089297e-06,9.089297e-06,9.089297e-06,9.089297e-06,9.089297e-06,9.089297e-06,0.0010880685,9.089297e-06,9.089297e-06,9.089297e-06,9.089297e-06,0.007724948,9.089297e-06,9.089297e-06,9.089297e-06,9.089297e-06,9.089297e-06,9.089297e-06,9.089297e-06,9.089297e-06,9.089297e-06,9.089297e-06,9.089297e-06,9.089297e-06,0.26135266,9.089297e-06,9.089297e-06,9.089297e-06,9.089297e-06,9.089297e-06,9.089297e-06,0.6775394,0.05198587,9.089297e-06,9.089297e-06,9.089297e-06,9.089297e-06
5.229639e-06,5.229639e-06,5.229639e-06,5.229639e-06,0.015327519,5.229639e-06,5.229639e-06,5.229639e-06,5.229639e-06,0.71891075,5.229639e-06,5.229639e-06,5.229639e-06,0.04046797,5.229639e-06,5.229639e-06,5.229639e-06,5.229639e-06,5.229639e-06,5.229639e-06,5.229639e-06,5.229639e-06,5.229639e-06,5.229639e-06,5.229639e-06,5.229639e-06,0.19827639,5.229639e-06,5.229639e-06,5.229639e-06,5.229639e-06,0.026839584,5.229639e-06,5.229639e-06,5.229639e-06,5.229639e-06,5.229639e-06,5.229639e-06,5.229639e-06
0.12770587,0.00016550923,0.00016550923,0.00016550923,0.00016550923,0.00016550923,0.00016550923,0.00016550923,0.00016550923,0.5141675,0.00016550923,0.00016550923,0.00016550923,0.35216835,0.00016550923,0.00016550923,0.00016550923,0.00016550923,0.00016550923,0.00016550923,0.00016550923,0.00016550923,0.00016550923,0.00016550923,0.00016550923,0.00016550923,0.00016550923,0.00016550923,0.00016550923,0.00016550923,0.00016550923,0.00016550923,0.00016550923,0.00016550923,0.00016550923,0.00016550923,0.00016550923,0.00016550923,0.00016550923
0.0005574907,0.0005574907,0.0005574907,0.0005574907,0.0005574907,0.0005574907,0.0005574907,0.0005574907,0.0005574907,0.0005574907,0.0005574907,0.0005574907,0.0005574907,0.0005574907,0.0005574907,0.0005574907,0.0005574907,0.0005574907,0.0005574907,0.0005574907,0.0005574907,0.0005574907,0.0005574907,0.0005574907,0.0005574907,0.0005574907,0.0005574907,0.0005574907,0.0005574907,0.0005574907,0.0005574907,0.0005574907,0.0005574907,0.9788154,0.0005574907,0.0005574907,0.0005574907,0.0005574907,0.0005574907
2.7604672e-05,2.7604672e-05,2.7604672e-05,2.7604672e-05,2.7604672e-05,2.7604672e-05,2.7604672e-05,2.7604672e-05,2.7604672e-05,2.7604672e-05,2.7604672e-05,2.7604672e-05,2.7604672e-05,2.7604672e-05,2.7604672e-05,2.7604672e-05,2.7604672e-05,2.7604672e-05,2.7604672e-05,2.7604672e-05,2.7604672e-05,2.7604672e-05,2.7604672e-05,2.7604672e-05,2.7604672e-05,2.7604672e-05,2.7604672e-05,2.7604672e-05,2.7604672e-05,2.7604672e-05,2.7604672e-05,2.7604672e-05,2.7604672e-05,2.7604672e-05,2.7604672e-05,2.7604672e-05,2.7604672e-05,0.998951,2.7604672e-05
6.107044e-05,6.107044e-05,6.107044e-05,6.107044e-05,6.107044e-05,0.07650647,6.107044e-05,6.107044e-05,6.107044e-05,6.107044e-05,6.107044e-05,6.107044e-05,6.107044e-05,0.91636497,6.107044e-05,6.107044e-05,6.107044e-05,6.107044e-05,6.107044e-05,6.107044e-05,6.107044e-05,6.107044e-05,6.107044e-05,6.107044e-05,6.107044e-05,6.107044e-05,6.107044e-05,6.107044e-05,6.107044e-05,6.107044e-05,6.107044e-05,6.107044e-05,6.107044e-05,6.107044e-05,6.107044e-05,0.004929996,6.107044e-05,6.107044e-05,6.107044e-05
2.474574e-05,2.474574e-05,2.474574e-05,2.474574e-05,0.46715325,2.474574e-05,2.474574e-05,2.474574e-05,2.474574e-05,0.2632624,2.474574e-05,2.474574e-05,2.474574e-05,2.474574e-05,2.474574e-05,2.474574e-05,2.474574e-05,2.474574e-05,2.474574e-05,2.474574e-05,2.474574e-05,2.474574e-05,2.474574e-05,2.474574e-05,2.474574e-05,2.474574e-05,2.474574e-05,2.474574e-05,2.474574e-05,2.474574e-05,2.474574e-05,2.474574e-05,2.474574e-05,2.474574e-05,2.474574e-05,0.26869348,2.474574e-05,2.474574e-05,2.474574e-05
1.2322879e-05,1.2322879e-05,1.2322879e-05,0.99953175,1.2322879e-05,1.2322879e-05,1.2322879e-05,1.2322879e-05,1.2322879e-05,1.2322879e-05,1.2322879e-05,1.2322879e-05,1.2322879e-05,1.2322879e-05,1.2322879e-05,1.2322879e-05,1.2322879e-05,1.2322879e-05,1.2322879e-05,1.2322879e-05,1.2322879e-05,1.2322879e-05,1.2322879e-05,1.2322879e-05,1.2322879e-05,1.2322879e-05,1.2322879e-05,1.2322879e-05,1.2322879e-05,1.2322879e-05,1.2322879e-05,1.2322879e-05,1.2322879e-05,1.2322879e-05,1.2322879e-05,1.2322879e-05,1.2322879e-05,1.2322879e-05,1.2322879e-05
0.016985063,0.0019667044,2.3835032e-06,2.3835032e-06,2.3835032e-06,2.3835032e-06,2.3835032e-06,2.3835032e-06,2.3835032e-06,2.3835032e-06,2.3835032e-06,2.3835032e-06,0.119673975,2.3835032e-06,2.3835032e-06,2.3835032e-06,0.28480917,2.3835032e-06,2.3835325e-06,2.3835032e-06,2.3835032e-06,0.4736879,2.3835032e-06,2.3835032e-06,2.3835032e-06,2.3835032e-06,2.3835032e-06,2.3835032e-06,2.3835032e-06,2.3835032e-06,2.3835032e-06,2.3835032e-06,2.3835032e-06,2.3835032e-06,0.102798514,2.3835032e-06,2.3835032e-06,2.3835032e-06,2.3835032e-06
0.052954484,0.1577522,2.9636481e-05,2.9636481e-05,2.9636481e-05,2.9636481e-05,2.9636481e-05,2.9636481e-05,2.9636481e-05,2.9636481e-05,2.9636481e-05,2.9636481e-05,2.9636481e-05,2.9636481e-05,2.9636481e-05,2.9636481e-05,2.9636481e-05,2.9636481e-05,0.7850021,2.9636481e-05,2.9636481e-05,2.9636481e-05,2.9636481e-05,0.0032539521,2.9636481e-05,2.9636481e-05,2.9636481e-05,2.9636481e-05,2.9636481e-05,2.9636481e-05,2.9636481e-05,2.9636481e-05,2.9636481e-05,2.9636481e-05,2.9636481e-05,2.9636481e-05,2.9636481e-05,2.9636481e-05,2.9636481e-05
0.00013642717,0.00013642717,0.00013642717,0.00013642717,0.00013642717,0.00013642717,0.00013642717,0.00013642717,0.00013642717,0.00013642717,0.00013642717,0.00013642717,0.00013642717,0.00013642717,0.00013642717,0.00013642717,0.00013642717,0.16951351,0.00013642717,0.00013642717,0.00013642717,0.00013642717,0.00013642717,0.00013642717,0.00013642717,0.00013642717,0.00013642717,0.00013642717,0.00013642717,0.00013642717,0.00013642717,0.00013642717,0.00013642717,0.8254387,0.00013642717,0.00013642717,0.00013642717,0.00013642717,0.00013642717
1.372038e-05,1.372038e-05,1.372038e-05,1.372038e-05,1.372038e-05,1.372038e-05,1.372038e-05,1.372038e-05,1.372038e-05,0.002071702,1.372038e-05,1.372038e-05,1.372038e-05,0.7373183,1.372038e-05,1.372038e-05,1.372038e-05,1.372038e-05,0.020190818,1.372038e-05,1.372038e-05,1.372038e-05,1.372038e-05,1.372038e-05,1.372038e-05,1.372038e-05,1.372038e-05,1.372038e-05,1.372038e-05,1.372038e-05,1.372038e-05,0.23993894,1.372038e-05,1.372038e-05,1.372038e-05,1.372038e-05,1.372038e-05,1.372038e-05,1.372038e-05
8.4920954e-05,8.4920954e-05,8.4920954e-05,8.4920954e-05,8.4920954e-05,8.4920954e-05,8.4920954e-05,8.4920954e-05,8.4920954e-05,0.996773,8.4920954e-05,8.4920954e-05,8.4920954e-05,8.4920954e-05,8.4920954e-05,8.4920954e-05,8.4920954e-05,8.4920954e-05,8.4920954e-05,8.4920954e-05,8.4920954e-05,8.4920954e-05,8.4920954e-05,8.4920954e-05,8.4920954e-05,8.4920954e-05,8.4920954e-05,8.4920954e-05,8.4920954e-05,8.4920954e-05,8.4920954e-05,8.4920954e-05,8.4920954e-05,8.4920954e-05,8.4920954e-05,8.4920954e-05,8.4920954e-05,8.4920954e-05,8.4920954e-05
1.805069e-05,1.805069e-05,1.805069e-05,1.805069e-05,1.805069e-05,1.805069e-05,1.805069e-05,1.805069e-05,1.805069e-05,4.572549e-05,1.805069e-05,1.805069e-05,1.805069e-05,0.2048401,1.805069e-05,1.805069e-05,1.805069e-05,1.805069e-05,0.51495814,1.805069e-05,1.805069e-05,1.805069e-05,1.805069e-05,1.805069e-05,1.805069e-05,1.805069e-05,1.805069e-05,1.805069e-05,1.805069e-05,1.805069e-05,1.805069e-05,0.005295827,1.805069e-05,1.805069e-05,1.805069e-05,0.27424645,1.805069e-05,1.805069e-05,1.805069e-05
0.00025642404,0.00025642404,0.00025642404,0.00025642404,0.00025642404,0.00025642404,0.00025642404,0.00025642404,0.00025642404,0.00025642404,0.00025642404,0.00025642404,0.00025642404,0.00025642404,0.00025642404,0.00025642404,0.00025642404,0.00025642404,0.00025642404,0.00025642404,0.00025642404,0.00025642404,0.00025642404,0.00025642404,0.00025642404,0.00025642404,0.00025642404,0.9902559,0.00025642404,0.00025642404,0.00025642404,0.00025642404,0.00025642404,0.00025642404,0.00025642404,0.00025642404,0.00025642404,0.00025642404,0.00025642404
0.06311281,0.00011875663,0.00011875663,0.00011875663,0.00011875663,0.00011875663,0.00011875663,0.00011875663,0.00011875663,0.29486993,0.00011875663,0.00011875663,0.00011875663,0.00011875663,0.00011875663,0.00011875663,0.00011875663,0.00011875663,0.27963465,0.00011875663,0.00011875663,0.00011875663,0.00011875663,0.00011875663,0.00011875663,0.00011875663,0.00011875663,0.00011875663,0.00011875663,0.00011875663,0.00011875663,0.16273156,0.00011875663,0.00011875663,0.00011875663,0.19561331,0.00011875663,0.00011875663,0.00011875663
6.315902e-05,6.315902e-05,6.315902e-05,6.315902e-05,6.315902e-05,6.315902e-05,6.315902e-05,6.315902e-05,6.315902e-05,6.315902e-05,6.315902e-05,6.315902e-05,6.315902e-05,6.315902e-05,6.315902e-05,6.315902e-05,6.315902e-05,6.315902e-05,6.315902e-05,0.77224666,0.15920432,6.315902e-05,6.315902e-05,6.315902e-05,6.315902e-05,6.315902e-05,0.06627525,6.315902e-05,6.315902e-05,6.315902e-05,6.315902e-05,6.315902e-05,6.315902e-05,6.315902e-05,6.315902e-05,6.315902e-05,6.315902e-05,6.315902e-05,6.315902e-05
1.5113781e-05,1.5113781e-05,1.5113781e-05,1.5113781e-05,1.5113781e-05,1.5113781e-05,1.5113781e-05,1.5113781e-05,1.5113781e-05,0.00078411115,1.5113781e-05,1.5113781e-05,1.5113781e-05,0.15905449,1.5113781e-05,1.5113781e-05,1.5113781e-05,1.5113781e-05,0.44908842,1.5113781e-05,1.5113781e-05,1.5113781e-05,1.5113781e-05,1.5113781e-05,1.5113781e-05,1.5113781e-05,1.5113781e-05,1.5113781e-05,1.5113781e-05,1.5113781e-05,1.5113781e-05,1.5113781e-05,1.5113781e-05,1.5113781e-05,1.5113781e-05,0.390544,1.5113781e-05,1.5113781e-05,1.5113781e-05
7.066523e-05,7.066523e-05,7.066523e-05,7.066523e-05,7.066523e-05,7.066523e-05,7.066523e-05,7.066523e-05,7.066523e-05,7.066523e-05,7.066523e-05,7.066523e-05,7.066523e-05,7.066523e-05,7.066523e-05,7.066523e-05,7.066523e-05,7.066523e-05,7.066523e-05,0.41501403,7.066523e-05,7.066523e-05,7.066523e-05,7.066523e-05,7.066523e-05,7.066523e-05,0.2760621,0.30637988,7.066523e-05,7.066523e-05,7.066523e-05,7.066523e-05,7.066523e-05,7.066523e-05,7.066523e-05,7.066523e-05,7.066523e-05,7.066523e-05,7.066523e-05
0.00010017215,0.00010017215,0.00010017215,0.00010017215,0.00010017215,0.00010017215,0.00010017215,0.00010017215,0.00010017215,0.00010017215,0.00010017215,0.00010017215,0.00010017215,0.00010017215,0.00010017215,0.00010017215,0.00010017215,0.00010017215,0.00010017215,0.47377267,0.00010017215,0.00010017215,0.00010017215,0.00010017215,0.00010017215,0.00010017215,0.52252096,0.00010017215,0.00010017215,0.00010017215,0.00010017215,0.00010017215,0.00010017215,0.00010017215,0.00010017215,0.00010017215,0.00010017215,0.00010017215,0.00010017215
0.0005128808,0.0005128808,0.0005128808,0.0005128808,0.0005128808,0.0005128808,0.0005128808,0.0005128808,0.0005128808,0.0005128808,0.0005128808,0.0005128808,0.0005128808,0.0005128808,0.0005128808,0.0005128808,0.0005128808,0.0005128808,0.0005128808,0.0005128808,0.0005128808,0.0005128808,0.0005128808,0.0005128808,0.0005128808,0.0005128808,0.0005128808,0.98051053,0.0005128808,0.0005128808,0.0005128808,0.0005128808,0.0005128808,0.0005128808,0.0005128808,0.0005128808,0.0005128808,0.0005128808,0.0005128808
3.7948364e-05,3.7948364e-05,3.7948364e-05,0.67871654,3.7948364e-05,3.7948364e-05,3.7948364e-05,3.7948364e-05,3.7948364e-05,3.7948364e-05,3.7948364e-05,3.7948364e-05,3.7948364e-05,3.7948364e-05,3.7948364e-05,3.7948364e-05,3.7948364e-05,3.7948364e-05,3.7948364e-05,0.31987932,3.7948364e-05,3.7948364e-05,3.7948364e-05,3.7948364e-05,3.7948364e-05,3.7948364e-05,3.7948364e-05,3.7948364e-05,3.7948364e-05,3.7948364e-05,3.7948364e-05,3.7948364e-05,3.7948364e-05,3.7948364e-05,3.7948364e-05,3.7948364e-05,3.7948364e-05,3.7948364e-05,3.7948364e-05
5.968281e-05,5.968281e-05,5.968281e-05,5.968281e-05,5.968281e-05,5.968281e-05,5.968281e-05,5.968281e-05,5.968281e-05,5.968281e-05,5.968281e-05,5.968281e-05,5.968281e-05,5.968281e-05,5.968281e-05,5.968281e-05,5.968281e-05,5.968281e-05,5.968281e-05,0.801464,5.968281e-05,5.968281e-05,5.968281e-05,5.968281e-05,5.968281e-05,5.968281e-05,5.968281e-05,5.968281e-05,5.968281e-05,5.968281e-05,5.968281e-05,5.968281e-05,5.968281e-05,0.1963277,5.968281e-05,5.968281e-05,5.968281e-05,5.968281e-05,5.968281e-05
8.325513e-05,8.325513e-05,8.325513e-05,8.325513e-05,8.325513e-05,8.325513e-05,8.325513e-05,8.325513e-05,8.325513e-05,8.325513e-05,8.325513e-05,8.325513e-05,8.325513e-05,8.325513e-05,8.325513e-05,8.325513e-05,8.325513e-05,8.325513e-05,8.325513e-05,0.9968363,8.325513e-05,8.325513e-05,8.325513e-05,8.325513e-05,8.325513e-05,8.325513e-05,8.325513e-05,8.325513e-05,8.325513e-05,8.325513e-05,8.325513e-05,8.325513e-05,8.325513e-05,8.325513e-05,8.325513e-05,8.325513e-05,8.325513e-05,8.325513e-05,8.325513e-05
6.331418e-05,6.331418e-05,6.331418e-05,6.331418e-05,6.331418e-05,6.331418e-05,6.331418e-05,6.331418e-05,6.331418e-05,6.331418e-05,6.331418e-05,6.331418e-05,6.331418e-05,6.331418e-05,6.331418e-05,6.331418e-05,6.331418e-05,6.331418e-05,6.331418e-05,0.21215989,6.331418e-05,6.331418e-05,6.331418e-05,6.331418e-05,6.331418e-05,6.331418e-05,0.7854975,6.331418e-05,6.331418e-05,6.331418e-05,6.331418e-05,6.331418e-05,6.331418e-05,6.331418e-05,6.331418e-05,6.331418e-05,6.331418e-05,6.331418e-05,6.331418e-05
8.29858e-06,0.99968463,8.29858e-06,8.29858e-06,8.29858e-06,8.29858e-06,8.29858e-06,8.29858e-06,8.29858e-06,8.29858e-06,8.29858e-06,8.29858e-06,8.29858e-06,8.29858e-06,8.29858e-06,8.29858e-06,8.29858e-06,8.29858e-06,8.29858e-06,8.29858e-06,8.29858e-06,8.29858e-06,8.29858e-06,8.29858e-06,8.29858e-06,8.29858e-06,8.29858e-06,8.29858e-06,8.29858e-06,8.29858e-06,8.29858e-06,8.29858e-06,8.29858e-06,8.29858e-06,8.29858e-06,8.29858e-06,8.29858e-06,8.29858e-06,8.29858e-06
4.4368462e-05,4.4368462e-05,4.4368462e-05,4.4368462e-05,4.4368462e-05,4.4368462e-05,4.4368462e-05,4.4368462e-05,4.4368462e-05,4.4368462e-05,4.4368462e-05,4.4368462e-05,0.8459155,4.4368462e-05,4.4368462e-05,4.4368462e-05,4.4368462e-05,0.15244292,4.4368462e-05,4.4368462e-05,4.4368462e-05,4.4368462e-05,4.4368462e-05,4.4368462e-05,4.4368462e-05,4.4368462e-05,4.4368462e-05,4.4368462e-05,4.4368462e-05,4.4368462e-05,4.4368462e-05,4.4368462e-05,4.4368462e-05,4.4368462e-05,4.4368462e-05,4.4368462e-05,4.4368462e-05,4.4368462e-05,4.4368462e-05
1.7914595e-05,1.7914595e-05,1.7914595e-05,1.7914595e-05,1.7914595e-05,1.7914595e-05,1.7914595e-05,1.7914595e-05,0.009959016,1.7914595e-05,1.7914595e-05,0.7560168,1.7914595e-05,1.7914595e-05,1.7914595e-05,1.7914595e-05,0.014437559,1.7914595e-05,1.7914595e-05,1.7914595e-05,1.7914595e-05,1.7914595e-05,1.7914595e-05,1.7914595e-05,1.7914595e-05,1.7914595e-05,1.7914595e-05,1.7914595e-05,1.7914595e-05,1.7914595e-05,1.7914595e-05,0.0024120745,1.7914595e-05,1.7914595e-05,0.21656542,1.7914595e-05,1.7914595e-05,1.7914595e-05,1.7914595e-05
8.1769285e-06,8.1769285e-06,8.1769285e-06,8.1769285e-06,8.1769285e-06,8.1769285e-06,8.1769285e-06,8.1769285e-06,0.7870014,8.1769285e-06,8.1769285e-06,8.1769285e-06,0.21269614,8.1769285e-06,8.1769285e-06,8.1769285e-06,8.1769285e-06,8.1769285e-06,8.1769285e-06,8.1769285e-06,8.1769285e-06,8.1769285e-06,8.1769285e-06,8.1769285e-06,8.1769285e-06,8.1769285e-06,8.1769285e-06,8.1769285e-06,8.1769285e-06,8.1769285e-06,8.1769285e-06,8.1769285e-06,8.1769285e-06,8.1769285e-06,8.1769285e-06,8.1769285e-06,8.1769285e-06,8.1769285e-06,8.1769285e-06
8.7527944e-05,8.7527944e-05,8.7527944e-05,8.7527944e-05,8.7527944e-05,8.7527944e-05,8.7527944e-05,8.7527944e-05,8.7527944e-05,8.7527944e-05,8.7527944e-05,8.7527944e-05,8.7527944e-05,8.7527944e-05,8.7527944e-05,8.7527944e-05,8.7527944e-05,8.7527944e-05,8.7527944e-05,8.7527944e-05,8.7527944e-05,8.7527944e-05,8.7527944e-05,8.7527944e-05,8.7527944e-05,8.7527944e-05,8.7527944e-05,0.99667394,8.7527944e-05,8.7527944e-05,8.7527944e-05,8.7527944e-05,8.7527944e-05,8.7527944e-05,8.7527944e-05,8.7527944e-05,8.7527944e-05,8.7527944e-05,8.7527944e-05
0.13407782,3.002653e-05,3.002653e-05,3.002653e-05,3.002653e-05,3.002653e-05,3.002653e-05,3.002653e-05,3.002653e-05,3.002653e-05,0.014263003,3.002653e-05,3.002653e-05,0.85057825,3.002653e-05,3.002653e-05,3.002653e-05,3.002653e-05,3.002653e-05,3.002653e-05,3.002653e-05,3.002653e-05,3.002653e-05,3.002653e-05,3.002653e-05,3.002653e-05,3.002653e-05,3.002653e-05,3.002653e-05,3.002653e-05,3.002653e-05,3.002653e-05,3.002653e-05,3.002653e-05,3.002653e-05,3.002653e-05,3.002653e-05,3.002653e-05,3.002653e-05
1.5217609e-05,1.5217609e-05,1.5217609e-05,1.5217609e-05,1.5217609e-05,1.5217609e-05,1.5217609e-05,1.5217609e-05,1.5217609e-05,1.5217609e-05,1.5217609e-05,1.5217609e-05,1.5217609e-05,1.5217609e-05,1.5217609e-05,1.5217609e-05,1.5217609e-05,1.5217609e-05,1.5217609e-05,1.5217609e-05,1.5217609e-05,1.5217609e-05,1.5217609e-05,1.5217609e-05,0.9862037,1.5217609e-05,1.5217609e-05,1.5217609e-05,1.5217609e-05,0.013233236,1.5217609e-05,1.5217609e-05,1.5217609e-05,1.5217609e-05,1.5217609e-05,1.5217609e-05,1.5217609e-05,1.5217609e-05,1.5217609e-05
2.2063321e-05,2.2063321e-05,2.2063321e-05,2.2063321e-05,2.2063321e-05,2.2063321e-05,0.019578313,2.2063321e-05,2.2063321e-05,2.2063321e-05,2.2063321e-05,2.2063321e-05,2.2063321e-05,2.2063321e-05,2.2063321e-05,2.2063321e-05,2.2063321e-05,0.9796053,2.2063321e-05,2.2063321e-05,2.2063321e-05,2.2063321e-05,2.2063321e-05,2.2063321e-05,2.2063321e-05,2.2063321e-05,2.2063321e-05,2.2063321e-05,2.2063321e-05,2.2063321e-05,2.2063321e-05,2.2063321e-05,2.2063321e-05,2.2063321e-05,2.2063321e-05,2.2063321e-05,2.2063321e-05,2.2063321e-05,2.2063321e-05
4.8573515e-05,4.8573515e-05,4.8573515e-05,4.8573515e-05,4.8573515e-05,4.8573515e-05,4.8573515e-05,4.8573515e-05,4.8573515e-05,4.8573515e-05,4.8573515e-05,4.8573515e-05,4.8573515e-05,0.00095877284,4.8573515e-05,4.8573515e-05,4.8573515e-05,4.8573515e-05,4.8573515e-05,4.8573515e-05,4.8573515e-05,4.8573515e-05,4.8573515e-05,4.8573515e-05,4.8573515e-05,4.8573515e-05,4.8573515e-05,4.8573515e-05,4.8573515e-05,4.8573515e-05,4.8573515e-05,4.8573515e-05,4.8573515e-05,4.8573515e-05,4.8573515e-05,0.997244,4.8573515e-05,4.8573515e-05,4.8573515e-05
4.1719253e-05,4.1719253e-05,4.1719253e-05,4.1719253e-05,4.1719253e-05,4.1719253e-05,0.56634957,4.1719253e-05,4.1719253e-05,4.1719253e-05,4.1719253e-05,4.1719253e-05,0.35484603,4.1719253e-05,4.1719253e-05,4.1719253e-05,4.1719253e-05,4.1719253e-05,4.1719253e-05,4.1719253e-05,4.1719253e-05,4.1719253e-05,4.1719253e-05,4.1719253e-05,4.1719253e-05,4.1719253e-05,4.1719253e-05,4.1719253e-05,4.1719253e-05,4.1719253e-05,4.1719253e-05,4.1719253e-05,4.1719253e-05,4.1719253e-05,0.07730243,4.1719253e-05,4.1719253e-05,4.1719253e-05,4.1719253e-05
3.8914284e-05,3.8914284e-05,3.8914284e-05,3.8914284e-05,3.8914284e-05,3.8914284e-05,3.8914284e-05,3.8914284e-05,3.8914284e-05,0.009077047,3.8914284e-05,3.8914284e-05,3.8914284e-05,0.9677911,3.8914284e-05,3.8914284e-05,3.8914284e-05,3.8914284e-05,3.8914284e-05,3.8914284e-05,3.8914284e-05,3.8914284e-05,3.8914284e-05,3.8914284e-05,0.02173091,3.8914284e-05,3.8914284e-05,3.8914284e-05,3.8914284e-05,3.8914284e-05,3.8914284e-05,3.8914284e-05,3.8914284e-05,3.8914284e-05,3.8914284e-05,3.8914284e-05,3.8914284e-05,3.8914284e-05,3.8914284e-05
4.4034256e-05,4.4034256e-05,4.4034256e-05,4.4034256e-05,4.4034256e-05,4.4034256e-05,4.4034256e-05,4.4034256e-05,4.4034256e-05,0.0030313216,4.4034256e-05,4.4034256e-05,0.14651228,0.078776546,4.4034256e-05,4.4034256e-05,4.4034256e-05,0.005295874,0.50547856,4.4034256e-05,4.4034256e-05,4.4034256e-05,4.4034256e-05,4.4034256e-05,4.4034256e-05,4.4034256e-05,4.4034256e-05,0.17071375,4.4034256e-05,4.4034256e-05,4.4034256e-05,4.4034256e-05,4.4034256e-05,4.4034256e-05,4.4034256e-05,0.08878255,4.4034256e-05,4.4034256e-05,4.4034256e-05
0.018438352,2.3511691e-05,2.3511691e-05,2.3511691e-05,2.3511691e-05,2.3511691e-05,2.3511691e-05,2.3511691e-05,2.3511691e-05,0.00078831386,2.3511691e-05,2.3511691e-05,2.3511691e-05,2.3511691e-05,2.3511691e-05,2.3511691e-05,2.3511691e-05,2.3511691e-05,2.3511691e-05,2.3511691e-05,2.3511691e-05,2.3511691e-05,2.3511691e-05,2.3511691e-05,2.3511691e-05,2.3511691e-05,2.3511691e-05,2.3511691e-05,2.3511691e-05,0.13203008,2.3511691e-05,2.3511691e-05,2.3511691e-05,0.7397776,0.09542331,2.3511691e-05,0.012766442,2.3511691e-05,2.3511691e-05
2.7667393e-06,2.7667393e-06,2.7667393e-06,2.7667393e-06,2.7667393e-06,2.7667393e-06,2.7667393e-06,2.7667393e-06,2.7667393e-06,2.7667393e-06,2.7667393e-06,2.7667393e-06,2.7964286e-06,2.7667393e-06,2.7667393e-06,2.7667393e-06,2.7667393e-06,2.7667393e-06,2.7667393e-06,2.7667393e-06,2.7667393e-06,2.7667393e-06,2.7667393e-06,7.1899805e-05,2.7667393e-06,2.7667393e-06,2.7667393e-06,0.9098067,2.7667393e-06,2.7667393e-06,2.7667393e-06,2.7667393e-06,2.7667393e-06,2.7667393e-06,2.7667393e-06,0.09002175,2.7667393e-06,2.7667393e-06,2.7667393e-06
4.5582974e-06,4.5582974e-06,4.5582974e-06,4.5582974e-06,4.5582974e-06,4.5582974e-06,4.5582974e-06,4.5582974e-06,4.5582974e-06,4.5582974e-06,4.5582974e-06,4.5582974e-06,4.5582974e-06,4.5582974e-06,4.5582974e-06,4.5582974e-06,4.5582974e-06,4.5582974e-06,4.5582974e-06,4.5582974e-06,4.5582974e-06,4.5582974e-06,4.5582974e-06,4.5582974e-06,4.5582974e-06,4.5582974e-06,0.005673766,4.5582974e-06,4.5582974e-06,4.5582974e-06,4.5582974e-06,0.9941576,4.5582974e-06,4.5582974e-06,4.5582974e-06,4.5582974e-06,4.5582974e-06,4.5582974e-06,4.5582974e-06
3.3004686e-05,3.3004686e-05,3.3004686e-05,3.3004686e-05,3.3004686e-05,3.3004686e-05,3.3004686e-05,3.3004686e-05,3.3004686e-05,3.3004686e-05,3.3004686e-05,3.3004686e-05,3.3004686e-05,3.3004686e-05,3.3004686e-05,3.3004686e-05,3.3004686e-05,3.3004686e-05,3.3004686e-05,3.3004686e-05,3.3004686e-05,3.3004686e-05,3.3004686e-05,3.3004686e-05,3.3004686e-05,3.3004686e-05,3.3004686e-05,3.3004686e-05,3.3004686e-05,3.3004686e-05,3.3004686e-05,3.3004686e-05,3.3004686e-05,3.3004686e-05,3.3004686e-05,0.9987458,3.3004686e-05,3.3004686e-05,3.3004686e-05
8.4627776e-05,8.4627776e-05,8.4627776e-05,8.4627776e-05,8.4627776e-05,8.4627776e-05,8.4627776e-05,8.4627776e-05,8.4627776e-05,8.4627776e-05,8.4627776e-05,8.4627776e-05,8.4627776e-05,8.4627776e-05,8.4627776e-05,8.4627776e-05,8.4627776e-05,8.4627776e-05,8.4627776e-05,8.4627776e-05,8.4627776e-05,8.4627776e-05,8.4627776e-05,8.4627776e-05,8.4627776e-05,8.4627776e-05,8.4627776e-05,8.4627776e-05,8.4627776e-05,8.4627776e-05,8.4627776e-05,8.4627776e-05,8.4627776e-05,8.4627776e-05,8.4627776e-05,0.99678415,8.4627776e-05,8.4627776e-05,8.4627776e-05
9.358448e-05,9.358448e-05,9.358448e-05,9.358448e-05,9.358448e-05,9.358448e-05,9.358448e-05,9.358448e-05,9.358448e-05,9.358448e-05,9.358448e-05,9.358448e-05,9.358448e-05,9.358448e-05,9.358448e-05,9.358448e-05,9.358448e-05,9.358448e-05,9.358448e-05,9.358448e-05,9.358448e-05,9.358448e-05,9.358448e-05,9.358448e-05,9.358448e-05,9.358448e-05,9.358448e-05,9.358448e-05,9.358448e-05,9.358448e-05,9.358448e-05,9.358448e-05,9.358448e-05,9.358448e-05,9.358448e-05,0.99644375,9.358448e-05,9.358448e-05,9.358448e-05
0.00020088295,1.1321592e-05,1.1321592e-05,1.1321592e-05,1.1321592e-05,0.09798135,1.1321592e-05,1.1321592e-05,1.1321592e-05,1.1321592e-05,1.1321592e-05,1.1321592e-05,0.03976527,1.1321592e-05,1.1321592e-05,1.1321592e-05,1.1321592e-05,1.1321592e-05,0.41337633,1.1321592e-05,1.1321592e-05,1.1321592e-05,1.1321592e-05,1.1321592e-05,0.44829124,1.1321592e-05,1.1321592e-05,1.1321592e-05,1.1321592e-05,1.1321592e-05,1.1321592e-05,1.1321592e-05,1.1321592e-05,1.1321592e-05,1.1321592e-05,1.1321592e-05,1.1321592e-05,1.1321592e-05,1.1321592e-05
0.006650695,0.016625382,4.3962827e-06,4.3962827e-06,4.3962827e-06,4.3962827e-06,4.3962827e-06,4.3962827e-06,4.3962827e-06,4.3962827e-06,0.03683528,4.3962827e-06,4.3962827e-06,4.3962827e-06,4.3962827e-06,0.0739945,4.3962827e-06,4.3962827e-06,4.3962827e-06,4.3962827e-06,4.3962827e-06,0.5371218,0.0022998892,0.023963973,4.3962827e-06,4.3962827e-06,4.3962827e-06,4.3962827e-06,0.0012852326,4.3962827e-06,4.3962827e-06,4.3962827e-06,4.3962827e-06,4.3962827e-06,4.3962827e-06,0.30109137,4.3962827e-06,4.3962827e-06,4.3962827e-06
0.6445734,4.9044116e-05,4.9044116e-05,4.9044116e-05,4.9044116e-05,4.9044116e-05,4.9044116e-05,4.9044116e-05,4.9044116e-05,4.9044116e-05,4.9044116e-05,4.9044116e-05,0.006329096,4.9044116e-05,4.9044116e-05,4.9044116e-05,0.010094977,0.0031918252,4.9044116e-05,4.9044116e-05,4.9044116e-05,4.9044116e-05,4.9044116e-05,4.9044116e-05,4.9044116e-05,4.9044116e-05,0.30778822,4.9044116e-05,4.9044116e-05,4.9044116e-05,4.9044116e-05,4.9044116e-05,4.9044116e-05,0.026404094,4.9044116e-05,4.9044116e-05,4.9044116e-05,4.9044116e-05,4.9044116e-05
6.894585e-05,6.894585e-05,6.894585e-05,6.894585e-05,6.894585e-05,6.894585e-05,6.894585e-05,6.894585e-05,6.894585e-05,6.894585e-05,6.894585e-05,6.894585e-05,6.894585e-05,6.894585e-05,6.894585e-05,6.894585e-05,6.894585e-05,6.894585e-05,6.894585e-05,0.63844323,6.894585e-05,6.894585e-05,6.894585e-05,6.894585e-05,6.894585e-05,6.894585e-05,6.894585e-05,6.894585e-05,6.894585e-05,6.894585e-05,6.894585e-05,6.894585e-05,6.894585e-05,6.894585e-05,6.894585e-05,0.35900575,6.894585e-05,6.894585e-05,6.894585e-05
4.6902634e-05,4.6902634e-05,4.6902634e-05,4.6902634e-05,4.6902634e-05,4.6902634e-05,4.6902634e-05,4.6902634e-05,0.0018089613,0.08196614,4.6902634e-05,4.6902634e-05,0.4608115,0.26566613,4.6902634e-05,4.6902634e-05,4.6902634e-05,4.6902634e-05,4.6902634e-05,4.6902634e-05,4.6902634e-05,0.17011821,4.6902634e-05,4.6902634e-05,4.6902634e-05,4.6902634e-05,4.6902634e-05,4.6902634e-05,4.6902634e-05,4.6902634e-05,4.6902634e-05,4.6902634e-05,4.6902634e-05,0.010084234,4.6902634e-05,0.008043963,4.6902634e-05,4.6902634e-05,4.6902634e-05
1.876011e-05,1.876011e-05,1.876011e-05,1.876011e-05,1.876011e-05,1.876011e-05,1.876011e-05,1.876011e-05,0.90223557,1.876011e-05,1.876011e-05,1.876011e-05,1.876011e-05,0.009700146,1.876011e-05,1.876011e-05,1.876011e-05,1.876011e-05,1.876011e-05,1.876011e-05,1.876011e-05,1.876011e-05,1.876011e-05,1.876011e-05,1.876011e-05,1.876011e-05,1.876011e-05,1.876011e-05,1.876011e-05,1.876011e-05,1.876011e-05,1.876011e-05,1.876011e-05,1.876011e-05,1.876011e-05,0.08738898,1.876011e-05,1.876011e-05,1.876011e-05
0.01022667,0.00010916801,0.00010916801,0.00010916801,0.00010916801,0.00010916801,0.00010916801,0.00010916801,0.00010916801,0.00023342576,0.00010916801,0.00010916801,0.34845528,0.50983244,0.00010916801,0.00010916801,0.087377645,0.00010916801,0.00010916801,0.00010916801,0.00010916801,0.00010916801,0.00010916801,0.00010916801,0.00010916801,0.00010916801,0.00010916801,0.00010916801,0.00010916801,0.00010916801,0.00010916801,0.00010916801,0.00010916801,0.00010916801,0.016241228,0.024139943,0.00010916801,0.00010916801,0.00010916801
3.3314445e-05,3.3314445e-05,3.3314445e-05,3.3314445e-05,3.3314445e-05,3.3314445e-05,3.3314445e-05,3.3314445e-05,3.3314445e-05,3.3314445e-05,3.3314445e-05,3.3314445e-05,3.3314445e-05,3.3314445e-05,3.3314445e-05,3.3314445e-05,3.3314445e-05,3.3314445e-05,3.3314445e-05,3.3314445e-05,3.3314445e-05,3.3314445e-05,3.3314445e-05,3.3314445e-05,3.3314445e-05,3.3314445e-05,3.3314445e-05,3.3314445e-05,3.3314445e-05,3.3314445e-05,3.3314445e-05,3.3314445e-05,3.3314445e-05,3.3314445e-05,3.3314445e-05,0.80299443,0.19577292,3.3314445e-05,3.3314445e-05
0.000117133044,0.000117133044,0.000117133044,0.000117133044,0.000117133044,0.000117133044,0.000117133044,0.000117133044,0.000117133044,0.64621586,0.000117133044,0.000117133044,0.000117133044,0.000117133044,0.000117133044,0.000117133044,0.000117133044,0.000117133044,0.000117133044,0.058171727,0.000117133044,0.000117133044,0.000117133044,0.000117133044,0.000117133044,0.000117133044,0.000117133044,0.000117133044,0.000117133044,0.000117133044,0.000117133044,0.000117133044,0.000117133044,0.000117133044,0.000117133044,0.000117133044,0.2913956,0.000117133044,0.000117133044
0.0001448721,0.0001448721,0.0001448721,0.0001448721,0.0001448721,0.0001448721,0.0001448721,0.0001448721,0.0001448721,0.0001448721,0.0001448721,0.0001448721,0.0001448721,0.0001448721,0.0001448721,0.0001448721,0.0001448721,0.0001448721,0.0001448721,0.0001448721,0.0001448721,0.0001448721,0.0001448721,0.0001448721,0.0001448721,0.0001448721,0.0001448721,0.0001448721,0.0001448721,0.0001448721,0.0001448721,0.0001448721,0.0001448721,0.0001448721,0.0001448721,0.0001448721,0.9944948,0.0001448721,0.0001448721
2.6671567e-05,2.6671567e-05,2.6671567e-05,0.91554236,2.6671567e-05,2.6671567e-05,2.6671567e-05,2.6671567e-05,2.6671567e-05,0.031079702,2.6671567e-05,2.6671567e-05,2.6671567e-05,0.024798837,2.6671567e-05,2.6671567e-05,2.6671567e-05,0.027645608,2.6671567e-05,2.6671567e-05,2.6671567e-05,2.6671567e-05,2.6671567e-05,2.6671567e-05,2.6671567e-05,2.6671567e-05,2.6671567e-05,2.6671567e-05,2.6671567e-05,2.6671567e-05,2.6671567e-05,2.6671567e-05,2.6671567e-05,2.6671567e-05,2.6671567e-05,2.6671567e-05,2.6671567e-05,2.6671567e-05,2.6671567e-05
5.2839664e-06,5.2839664e-06,5.2839664e-06,5.2839664e-06,5.335099e-06,5.2839664e-06,5.2839664e-06,5.2839664e-06,5.2839664e-06,5.2839664e-06,5.2839664e-06,5.2839664e-06,5.2839664e-06,0.6809823,5.2839664e-06,5.2839664e-06,5.2839664e-06,5.2839664e-06,5.2839664e-06,5.2839664e-06,5.2839664e-06,5.2839664e-06,5.2839664e-06,9.902753e-05,0.009244544,5.2839664e-06,5.2839664e-06,0.09817122,5.2839664e-06,0.20509724,0.0009428021,5.2839664e-06,5.2839664e-06,5.2839664e-06,1.1399938e-05,0.0052876,5.2839664e-06,5.2839664e-06,5.2839664e-06
4.4523047e-05,4.4523047e-05,4.4523047e-05,4.4523047e-05,4.4523047e-05,4.4523047e-05,4.4523047e-05,4.4523047e-05,4.4523047e-05,0.9983081,4.4523047e-05,4.4523047e-05,4.4523047e-05,4.4523047e-05,4.4523047e-05,4.4523047e-05,4.4523047e-05,4.4523047e-05,4.4523047e-05,4.4523047e-05,4.4523047e-05,4.4523047e-05,4.4523047e-05,4.4523047e-05,4.4523047e-05,4.4523047e-05,4.4523047e-05,4.4523047e-05,4.4523047e-05,4.4523047e-05,4.4523047e-05,4.4523047e-05,4.4523047e-05,4.4523047e-05,4.4523047e-05,4.4523047e-05,4.4523047e-05,4.4523047e-05,4.4523047e-05
0.00019725192,0.00019725192,0.00019725192,0.00019725192,0.00019725192,0.00019725192,0.00019725192,0.00019725192,0.00019725192,0.99250436,0.00019725192,0.00019725192,0.00019725192,0.00019725192,0.00019725192,0.00019725192,0.00019725192,0.00019725192,0.00019725192,0.00019725192,0.00019725192,0.00019725192,0.00019725192,0.00019725192,0.00019725192,0.00019725192,0.00019725192,0.00019725192,0.00019725192,0.00019725192,0.00019725192,0.00019725192,0.00019725192,0.00019725192,0.00019725192,0.00019725192,0.00019725192,0.00019725192,0.00019725192
0.00020679325,0.00020679325,0.00020679325,0.00020679325,0.00020679325,0.00020679325,0.00020679325,0.00020679325,0.00020679325,0.99214184,0.00020679325,0.00020679325,0.00020679325,0.00020679325,0.00020679325,0.00020679325,0.00020679325,0.00020679325,0.00020679325,0.00020679325,0.00020679325,0.00020679325,0.00020679325,0.00020679325,0.00020679325,0.00020679325,0.00020679325,0.00020679325,0.00020679325,0.00020679325,0.00020679325,0.00020679325,0.00020679325,0.00020679325,0.00020679325,0.00020679325,0.00020679325,0.00020679325,0.00020679325
6.270475e-05,6.270475e-05,6.270475e-05,6.270475e-05,6.270475e-05,6.270475e-05,6.270475e-05,6.270475e-05,6.270475e-05,0.9976172,6.270475e-05,6.270475e-05,6.270475e-05,6.270475e-05,6.270475e-05,6.270475e-05,6.270475e-05,6.270475e-05,6.270475e-05,6.270475e-05,6.270475e-05,6.270475e-05,6.270475e-05,6.270475e-05,6.270475e-05,6.270475e-05,6.270475e-05,6.270475e-05,6.270475e-05,6.270475e-05,6.270475e-05,6.270475e-05,6.270475e-05,6.270475e-05,6.270475e-05,6.270475e-05,6.270475e-05,6.270475e-05,6.270475e-05
0.000116571864,0.000116571864,0.000116571864,0.000116571864,0.000116571864,0.000116571864,0.000116571864,0.000116571864,0.000116571864,0.99557024,0.000116571864,0.000116571864,0.000116571864,0.000116571864,0.000116571864,0.000116571864,0.000116571864,0.000116571864,0.000116571864,0.000116571864,0.000116571864,0.000116571864,0.000116571864,0.000116571864,0.000116571864,0.000116571864,0.000116571864,0.000116571864,0.000116571864,0.000116571864,0.000116571864,0.000116571864,0.000116571864,0.000116571864,0.000116571864,0.000116571864,0.000116571864,0.000116571864,0.000116571864
0.00018316416,0.00018316416,0.00018316416,0.00018316416,0.00018316416,0.00018316416,0.00018316416,0.00018316416,0.00018316416,0.9930397,0.00018316416,0.00018316416,0.00018316416,0.00018316416,0.00018316416,0.00018316416,0.00018316416,0.00018316416,0.00018316416,0.00018316416,0.00018316416,0.00018316416,0.00018316416,0.00018316416,0.00018316416,0.00018316416,0.00018316416,0.00018316416,0.00018316416,0.00018316416,0.00018316416,0.00018316416,0.00018316416,0.00018316416,0.00018316416,0.00018316416,0.00018316416,0.00018316416,0.00018316416
5.4782986e-06,5.4782986e-06,5.4782986e-06,5.4782986e-06,5.4782986e-06,5.4782986e-06,5.4782986e-06,5.4782986e-06,5.4782986e-06,5.4782986e-06,5.4782986e-06,5.4782986e-06,5.4782986e-06,5.4782986e-06,5.4782986e-06,5.4782986e-06,5.4782986e-06,5.4782986e-06,0.090768784,5.4782986e-06,5.4782986e-06,5.4782986e-06,5.4782986e-06,5.4782986e-06,0.029074647,5.4782986e-06,5.4782986e-06,5.4782986e-06,5.4782986e-06,5.4782986e-06,5.4782986e-06,5.4782986e-06,5.4782986e-06,0.101358935,5.4782986e-06,5.4782986e-06,5.4782986e-06,5.4782986e-06,0.7786059
2.9243318e-05,2.9243318e-05,2.9243318e-05,2.9243318e-05,2.9243318e-05,2.9243318e-05,2.9243318e-05,2.9243318e-05,2.9243318e-05,2.9243318e-05,2.9243318e-05,2.9243318e-05,2.9243318e-05,2.9243318e-05,2.9243318e-05,2.9243318e-05,2.9243318e-05,0.00093027524,2.9243318e-05,2.9243318e-05,2.9243318e-05,2.9243318e-05,2.9243318e-05,2.9243318e-05,2.9243318e-05,2.9243318e-05,2.9243318e-05,2.9243318e-05,2.9243318e-05,2.9243318e-05,2.9243318e-05,2.9243318e-05,2.9243318e-05,0.6173846,2.9243318e-05,2.9243318e-05,2.9243318e-05,2.9243318e-05,0.38063234
8.50725e-06,8.50725e-06,8.50725e-06,8.50725e-06,8.50725e-06,8.50725e-06,8.50725e-06,8.50725e-06,8.50725e-06,8.50725e-06,8.50725e-06,8.50725e-06,8.50725e-06,8.50725e-06,8.50725e-06,8.50725e-06,8.50725e-06,0.9612619,8.50725e-06,8.50725e-06,8.50725e-06,8.50725e-06,8.50725e-06,0.003007967,8.50725e-06,8.50725e-06,8.50725e-06,8.50725e-06,8.50725e-06,8.50725e-06,8.50725e-06,8.50725e-06,8.50725e-06,0.010666709,8.50725e-06,8.50725e-06,0.024765652,8.50725e-06,8.50725e-06
3.021205e-05,3.021205e-05,3.021205e-05,3.021205e-05,3.021205e-05,0.25359973,3.021205e-05,3.021205e-05,3.021205e-05,3.021205e-05,3.021205e-05,3.021205e-05,3.021205e-05,3.021205e-05,3.021205e-05,3.021205e-05,3.021205e-05,3.021205e-05,0.61859,3.021205e-05,3.021205e-05,3.021205e-05,3.021205e-05,3.021205e-05,0.025191627,3.021205e-05,3.021205e-05,3.021205e-05,3.021205e-05,3.021205e-05,3.021205e-05,3.021205e-05,3.021205e-05,3.021205e-05,3.021205e-05,0.101561226,3.021205e-05,3.021205e-05,3.021205e-05
1.4824502e-05,1.4824502e-05,1.4824502e-05,1.4824502e-05,1.4824502e-05,1.4824502e-05,1.4824502e-05,1.4824502e-05,1.4824502e-05,1.4824502e-05,1.4824502e-05,1.4824502e-05,1.4824502e-05,1.4824502e-05,1.4824502e-05,1.4824502e-05,1.4824502e-05,1.4824502e-05,1.4824502e-05,1.4824502e-05,1.4824502e-05,1.4824502e-05,1.4824502e-05,1.4824502e-05,0.9994367,1.4824502e-05,1.4824502e-05,1.4824502e-05,1.4824502e-05,1.4824502e-05,1.4824502e-05,1.4824502e-05,1.4824502e-05,1.4824502e-05,1.4824502e-05,1.4824502e-05,1.4824502e-05,1.4824502e-05,1.4824502e-05
4.324166e-05,4.324166e-05,4.324166e-05,4.324166e-05,4.324166e-05,0.98471296,4.324166e-05,4.324166e-05,4.324166e-05,4.324166e-05,4.324166e-05,4.324166e-05,4.324166e-05,4.324166e-05,4.324166e-05,4.324166e-05,4.324166e-05,4.324166e-05,4.324166e-05,4.324166e-05,4.324166e-05,4.324166e-05,4.324166e-05,4.324166e-05,4.324166e-05,4.324166e-05,0.013687055,4.324166e-05,4.324166e-05,4.324166e-05,4.324166e-05,4.324166e-05,4.324166e-05,4.324166e-05,4.324166e-05,4.324166e-05,4.324166e-05,4.324166e-05,4.324166e-05
7.541829e-05,7.541829e-05,7.541829e-05,7.541829e-05,7.541829e-05,7.541829e-05,7.541829e-05,7.541829e-05,7.541829e-05,7.541829e-05,7.541829e-05,7.541829e-05,0.9971341,7.541829e-05,7.541829e-05,7.541829e-05,7.541829e-05,7.541829e-05,7.541829e-05,7.541829e-05,7.541829e-05,7.541829e-05,7.541829e-05,7.541829e-05,7.541829e-05,7.541829e-05,7.541829e-05,7.541829e-05,7.541829e-05,7.541829e-05,7.541829e-05,7.541829e-05,7.541829e-05,7.541829e-05,7.541829e-05,7.541829e-05,7.541829e-05,7.541829e-05,7.541829e-05
0.29153714,0.00031321732,9.788206e-05,9.788206e-05,9.788206e-05,9.788206e-05,9.788206e-05,9.788206e-05,0.03537299,9.788206e-05,9.788206e-05,9.788206e-05,0.08899205,9.788206e-05,9.788206e-05,9.788206e-05,9.788206e-05,9.788206e-05,9.788206e-05,9.788206e-05,9.788206e-05,9.788206e-05,9.788206e-05,9.788206e-05,9.788206e-05,9.788206e-05,9.788206e-05,9.788206e-05,9.788206e-05,9.788206e-05,9.788206e-05,9.788206e-05,9.788206e-05,9.788206e-05,9.788206e-05,0.5804567,9.788206e-05,9.788206e-05,9.788206e-05
0.11082305,1.43378775e-05,1.43378775e-05,1.43378775e-05,1.43378775e-05,1.43378775e-05,1.43378775e-05,1.43378775e-05,1.43378775e-05,0.00014451572,1.43378775e-05,1.43378775e-05,0.63360924,0.18891238,1.43378775e-05,1.43378775e-05,0.057854872,1.43378775e-05,1.43378775e-05,1.43378775e-05,1.43378775e-05,1.43378775e-05,1.43378775e-05,1.43378775e-05,1.43378775e-05,1.43378775e-05,1.43378775e-05,1.43378775e-05,1.43378775e-05,1.43378775e-05,1.43378775e-05,1.43378775e-05,1.43378775e-05,1.43378775e-05,0.008182804,1.43378775e-05,1.43378775e-05,1.43378775e-05,1.43378775e-05
0.88048756,0.00011763312,0.00011763312,0.00011763312,0.00011763312,0.00011763312,0.00011763312,0.00011763312,0.00011763312,0.00011763312,0.00011763312,0.00011763312,0.00011763312,0.00011763312,0.00011763312,0.00011763312,0.00011763312,0.00011763312,0.00011763312,0.00011763312,0.00011763312,0.00011763312,0.00011763312,0.00011763312,0.00011763312,0.00011763312,0.00011763312,0.00011763312,0.00011763312,0.00011763312,0.00011763312,0.00011763312,0.00011763312,0.00011763312,0.00011763312,0.11516005,0.00011763312,0.00011763312,0.00011763312
0.00016760932,0.00016760932,0.00016760932,0.037631758,0.00016760932,0.00016760932,0.00016760932,0.00016760932,0.9561667,0.00016760932,0.00016760932,0.00016760932,0.00016760932,0.00016760932,0.00016760932,0.00016760932,0.00016760932,0.00016760932,0.00016760932,0.00016760932,0.00016760932,0.00016760932,0.00016760932,0.00016760932,0.00016760932,0.00016760932,0.00016760932,0.00016760932,0.00016760932,0.00016760932,0.00016760932,0.00016760932,0.00016760932,0.00016760932,0.00016760932,0.00016760932,0.00016760932,0.00016760932,0.00016760932
0.00018327791,0.00018327791,0.00018327791,0.22094303,0.00018327791,0.00018327791,0.00018327791,0.00018327791,0.00018327791,0.00018327791,0.00018327791,0.00018327791,0.00018327791,0.00018327791,0.00018327791,0.00018327791,0.00018327791,0.00018327791,0.00018327791,0.00018327791,0.00018327791,0.00018327791,0.00018327791,0.00018327791,0.00018327791,0.00018327791,0.00018327791,0.00018327791,0.00018327791,0.00018327791,0.00018327791,0.00018327791,0.00018327791,0.20455931,0.00018327791,0.00018327791,0.5678996,0.00018327791,0.00018327791
0.0006930725,0.0006930725,0.0006930725,0.9736633,0.0006930725,0.0006930725,0.0006930725,0.0006930725,0.0006930725,0.0006930725,0.0006930725,0.0006930725,0.0006930725,0.0006930725,0.0006930725,0.0006930725,0.0006930725,0.0006930725,0.0006930725,0.0006930725,0.0006930725,0.0006930725,0.0006930725,0.0006930725,0.0006930725,0.0006930725,0.0006930725,0.0006930725,0.0006930725,0.0006930725,0.0006930725,0.0006930725,0.0006930725,0.0006930725,0.0006930725,0.0006930725,0.0006930725,0.0006930725,0.0006930725
5.5994966e-05,5.5994966e-05,5.5994966e-05,5.5994966e-05,5.5994966e-05,5.5994966e-05,5.5994966e-05,5.5994966e-05,5.5994966e-05,5.5994966e-05,5.5994966e-05,5.5994966e-05,5.5994966e-05,5.5994966e-05,5.5994966e-05,5.5994966e-05,0.9978722,5.5994966e-05,5.5994966e-05,5.5994966e-05,5.5994966e-05,5.5994966e-05,5.5994966e-05,5.5994966e-05,5.5994966e-05,5.5994966e-05,5.5994966e-05,5.5994966e-05,5.5994966e-05,5.5994966e-05,5.5994966e-05,5.5994966e-05,5.5994966e-05,5.5994966e-05,5.5994966e-05,5.5994966e-05,5.5994966e-05,5.5994966e-05,5.5994966e-05
