5.970457e-05,5.970457e-05,5.970457e-05,5.970457e-05,5.970457e-05,0.003956349,5.970457e-05,5.970457e-05,5.970457e-05,5.970457e-05,5.970457e-05,5.970457e-05,0.99317783,5.970457e-05,5.970457e-05,5.970457e-05,5.970457e-05,5.970457e-05,5.970457e-05,5.970457e-05,5.970457e-05,5.970457e-05,5.970457e-05,5.970457e-05,5.970457e-05,5.970457e-05,5.970457e-05,5.970457e-05,5.970457e-05,5.970457e-05,5.970457e-05,5.970457e-05,5.970457e-05,5.970457e-05,5.970457e-05,5.970457e-05,5.970457e-05,5.970457e-05,5.970457e-05,5.970457e-05,5.970457e-05,5.970457e-05,5.970457e-05,5.970457e-05,5.970457e-05,5.970457e-05,5.970457e-05,5.970457e-05,5.970457e-05,5.970457e-05
8.077436e-05,8.077436e-05,8.077436e-05,8.077436e-05,8.077436e-05,8.077436e-05,8.077436e-05,8.077436e-05,8.077436e-05,8.077436e-05,0.9918759,0.0042469017,8.077436e-05,8.077436e-05,8.077436e-05,8.077436e-05,8.077436e-05,8.077436e-05,8.077436e-05,8.077436e-05,8.077436e-05,8.077436e-05,8.077436e-05,8.077436e-05,8.077436e-05,8.077436e-05,8.077436e-05,8.077436e-05,8.077436e-05,8.077436e-05,8.077436e-05,8.077436e-05,8.077436e-05,8.077436e-05,8.077436e-05,8.077436e-05,8.077436e-05,8.077436e-05,8.077436e-05,8.077436e-05,8.077436e-05,8.077436e-05,8.077436e-05,8.077436e-05,8.077436e-05,8.077436e-05,8.077436e-05,8.077436e-05,8.077436e-05,8.077436e-05
1.4833242e-05,1.4833242e-05,1.4833242e-05,1.4833242e-05,1.4833242e-05,0.24813443,1.4833242e-05,1.4833242e-05,1.4833242e-05,1.4833242e-05,1.4833242e-05,1.4833242e-05,1.4833242e-05,1.4833242e-05,1.4833242e-05,1.4833242e-05,1.4833242e-05,1.4833242e-05,1.4833242e-05,0.0019318986,1.4833242e-05,1.4833242e-05,1.4833242e-05,1.4833242e-05,1.4833242e-05,1.4833242e-05,1.4833242e-05,1.4833242e-05,1.4833242e-05,1.4833242e-05,1.4833242e-05,1.4833242e-05,0.07779804,1.4833242e-05,1.4833242e-05,1.4833242e-05,1.4833242e-05,0.28450376,1.4833242e-05,1.4833242e-05,1.4833242e-05,1.4833242e-05,1.4833242e-05,1.4833242e-05,1.4833242e-05,1.4833242e-05,1.4833242e-05,0.38696435,1.4833242e-05,1.4833242e-05
3.1168944e-05,3.1168944e-05,3.1168944e-05,3.1168944e-05,3.1168944e-05,3.1168944e-05,0.04506603,3.1168944e-05,3.1168944e-05,3.1168944e-05,3.1168944e-05,3.1168944e-05,3.1168944e-05,0.7854302,3.1168944e-05,3.1168944e-05,3.1168944e-05,3.1168944e-05,3.1168944e-05,3.1168944e-05,3.1168944e-05,3.1168944e-05,3.1168944e-05,3.1168944e-05,3.1168944e-05,3.1168944e-05,3.1168944e-05,3.1168944e-05,3.1168944e-05,3.1168944e-05,3.1168944e-05,3.1168944e-05,3.1168944e-05,3.1168944e-05,3.1168944e-05,3.1168944e-05,3.1168944e-05,3.1168944e-05,3.1168944e-05,0.16803887,3.1168944e-05,3.1168944e-05,3.1168944e-05,3.1168944e-05,3.1168944e-05,3.1168944e-05,3.1168944e-05,3.1168944e-05,3.1168944e-05,3.1168944e-05
3.0826013e-05,0.9002797,3.0826013e-05,3.0826013e-05,3.0826013e-05,0.07331598,3.0826013e-05,3.0826013e-05,3.0826013e-05,3.0826013e-05,3.0826013e-05,3.0826013e-05,3.0826013e-05,3.0826013e-05,3.0826013e-05,3.0826013e-05,3.0826013e-05,3.0826013e-05,3.0826013e-05,3.0826013e-05,3.0826013e-05,3.0826013e-05,3.0826013e-05,3.0826013e-05,3.0826013e-05,3.0826013e-05,0.024955299,3.0826013e-05,3.0826013e-05,3.0826013e-05,3.0826013e-05,3.0826013e-05,3.0826013e-05,3.0826013e-05,3.0826013e-05,3.0826013e-05,3.097405e-05,3.0826013e-05,3.0826013e-05,3.0826013e-05,3.0826013e-05,3.0826013e-05,3.0826013e-05,3.0826013e-05,3.0826013e-05,3.0826013e-05,3.0826013e-05,3.0826013e-05,3.0826013e-05,3.0826013e-05
5.1818297e-05,5.1818297e-05,5.1818297e-05,5.1818297e-05,5.1818297e-05,0.040545825,5.1818297e-05,5.1818297e-05,5.1818297e-05,5.1818297e-05,5.1818297e-05,0.012272556,5.1818297e-05,5.1818297e-05,5.1818297e-05,5.1818297e-05,5.1818297e-05,5.1818297e-05,5.1818297e-05,5.1818297e-05,5.1818297e-05,5.1818297e-05,0.9447462,5.1818297e-05,5.1818297e-05,5.1818297e-05,5.1818297e-05,5.1818297e-05,5.1818297e-05,5.1818297e-05,5.1818297e-05,5.1818297e-05,5.1818297e-05,5.1818297e-05,5.1818297e-05,5.1818297e-05,5.1818297e-05,5.1818297e-05,5.1818297e-05,5.1818297e-05,5.1818297e-05,5.1818297e-05,5.1818297e-05,5.1818297e-05,5.1818297e-05,5.1818297e-05,5.1818297e-05,5.1818297e-05,5.1818297e-05,5.1818297e-05
6.734391e-05,6.734391e-05,6.734391e-05,6.734391e-05,6.734391e-05,6.734391e-05,6.734391e-05,6.734391e-05,6.734391e-05,6.734391e-05,0.74874836,6.734391e-05,0.0001506182,6.734391e-05,6.734391e-05,6.734391e-05,6.734391e-05,6.734391e-05,6.734391e-05,6.734391e-05,6.734391e-05,6.734391e-05,0.2479359,6.734391e-05,6.734391e-05,6.734391e-05,6.734391e-05,6.734391e-05,6.734391e-05,6.734391e-05,6.734391e-05,6.734391e-05,6.734391e-05,6.734391e-05,6.734391e-05,6.734391e-05,6.734391e-05,6.734391e-05,6.734391e-05,6.734391e-05,6.734391e-05,6.734391e-05,6.734391e-05,6.734391e-05,6.734391e-05,6.734391e-05,6.734391e-05,6.734391e-05,6.734391e-05,6.734391e-05
6.061083e-05,6.061083e-05,6.061083e-05,6.061083e-05,6.061083e-05,0.05949918,6.061083e-05,6.061083e-05,6.061083e-05,6.061083e-05,0.6254061,6.061083e-05,0.004234237,6.061083e-05,6.061083e-05,6.061083e-05,6.061083e-05,6.061083e-05,6.061083e-05,6.061083e-05,6.061083e-05,6.061083e-05,0.17855333,6.061083e-05,0.12957963,6.061083e-05,6.061083e-05,6.061083e-05,6.061083e-05,6.061083e-05,6.061083e-05,6.061083e-05,6.061083e-05,6.061083e-05,6.061083e-05,6.061083e-05,6.061083e-05,6.061083e-05,6.061083e-05,6.061083e-05,6.061083e-05,6.061083e-05,6.061083e-05,6.061083e-05,6.061083e-05,6.061083e-05,6.061083e-05,6.061083e-05,6.061083e-05,6.061083e-05
5.0783776e-05,5.0783776e-05,5.0783776e-05,5.0783776e-05,5.0783776e-05,5.0783776e-05,5.0783776e-05,5.0783776e-05,5.0783776e-05,5.0783776e-05,0.0091335345,0.19825818,5.0783776e-05,5.0783776e-05,5.0783776e-05,5.0783776e-05,5.0783776e-05,5.0783776e-05,5.0783776e-05,5.0783776e-05,5.0783776e-05,5.0783776e-05,0.17798261,5.0783776e-05,0.112082385,5.0783776e-05,5.0783776e-05,5.0783776e-05,5.0783776e-05,5.0783776e-05,5.0783776e-05,5.0783776e-05,5.0783776e-05,0.500258,5.0783776e-05,5.0783776e-05,5.0783776e-05,5.0783776e-05,5.0783776e-05,5.0783776e-05,5.0783776e-05,5.0783776e-05,5.0783776e-05,5.0783776e-05,5.0783776e-05,5.0783776e-05,5.0783776e-05,5.0783776e-05,5.0783776e-05,5.0783776e-05
3.591269e-05,3.591269e-05,0.028854549,3.591269e-05,3.591269e-05,3.591269e-05,3.591269e-05,3.591269e-05,3.591269e-05,3.591269e-05,3.591269e-05,0.8646557,3.591269e-05,3.591269e-05,3.591269e-05,3.591269e-05,3.591269e-05,3.591269e-05,3.591269e-05,3.591269e-05,3.591269e-05,3.591269e-05,0.004484428,3.591269e-05,3.591269e-05,3.591269e-05,3.591269e-05,3.591269e-05,3.591269e-05,3.591269e-05,3.591269e-05,3.591269e-05,3.591269e-05,3.591269e-05,3.591269e-05,3.591269e-05,3.591269e-05,3.591269e-05,3.591269e-05,3.591269e-05,3.591269e-05,3.591269e-05,3.591269e-05,3.591269e-05,0.100353315,3.591269e-05,3.591269e-05,3.591269e-05,3.591269e-05,3.591269e-05
3.326799e-05,0.018879894,3.326799e-05,3.326799e-05,3.326799e-05,3.326799e-05,3.326799e-05,3.326799e-05,3.326799e-05,3.326799e-05,3.326799e-05,3.326799e-05,3.326799e-05,3.326799e-05,3.326799e-05,3.326799e-05,3.326799e-05,3.326799e-05,3.326799e-05,3.326799e-05,3.326799e-05,3.326799e-05,0.53037864,3.326799e-05,3.326799e-05,3.326799e-05,3.326799e-05,3.326799e-05,3.326799e-05,3.326799e-05,3.326799e-05,3.326799e-05,3.326799e-05,0.1538128,3.326799e-05,3.326799e-05,3.326799e-05,3.326799e-05,3.326799e-05,3.326799e-05,3.326799e-05,3.326799e-05,3.326799e-05,3.326799e-05,3.326799e-05,3.326799e-05,0.29539838,3.326799e-05,3.326799e-05,3.326799e-05
3.279521e-05,3.279521e-05,3.279521e-05,3.279521e-05,3.279521e-05,3.279521e-05,3.279521e-05,3.279521e-05,3.279521e-05,3.279521e-05,3.279521e-05,3.279521e-05,3.279521e-05,3.279521e-05,3.279521e-05,3.279521e-05,3.279521e-05,3.279521e-05,3.279521e-05,3.279521e-05,3.279521e-05,3.279521e-05,0.6413999,3.279521e-05,3.279521e-05,3.279521e-05,3.279521e-05,3.279521e-05,3.279521e-05,3.279521e-05,3.279521e-05,3.279521e-05,3.279521e-05,3.279521e-05,0.35702586,3.279521e-05,3.279521e-05,3.279521e-05,3.279521e-05,3.279521e-05,3.279521e-05,3.279521e-05,3.279521e-05,3.279521e-05,3.279521e-05,3.279521e-05,3.279521e-05,3.279521e-05,3.279521e-05,3.279521e-05
4.6410347e-05,4.6410347e-05,4.6410347e-05,4.6410347e-05,4.6410347e-05,4.6410347e-05,4.6410347e-05,4.6410347e-05,4.6410347e-05,4.6410347e-05,0.027445901,4.6410347e-05,4.6410347e-05,4.6410347e-05,4.6410347e-05,4.6410347e-05,4.6410347e-05,4.6410347e-05,4.6410347e-05,4.6410347e-05,4.6410347e-05,4.6410347e-05,0.97032636,4.6410347e-05,4.6410347e-05,4.6410347e-05,4.6410347e-05,4.6410347e-05,4.6410347e-05,4.6410347e-05,4.6410347e-05,4.6410347e-05,4.6410347e-05,4.6410347e-05,4.6410347e-05,4.6410347e-05,4.6410347e-05,4.6410347e-05,4.6410347e-05,4.6410347e-05,4.6410347e-05,4.6410347e-05,4.6410347e-05,4.6410347e-05,4.6410347e-05,4.6410347e-05,4.6410347e-05,4.6410347e-05,4.6410347e-05,4.6410347e-05
3.170234e-05,3.170234e-05,3.170234e-05,3.170234e-05,3.170234e-05,3.170234e-05,3.170234e-05,3.170234e-05,3.170234e-05,3.170234e-05,3.170234e-05,0.99844664,3.170234e-05,3.170234e-05,3.170234e-05,3.170234e-05,3.170234e-05,3.170234e-05,3.170234e-05,3.170234e-05,3.170234e-05,3.170234e-05,3.170234e-05,3.170234e-05,3.170234e-05,3.170234e-05,3.170234e-05,3.170234e-05,3.170234e-05,3.170234e-05,3.170234e-05,3.170234e-05,3.170234e-05,3.170234e-05,3.170234e-05,3.170234e-05,3.170234e-05,3.170234e-05,3.170234e-05,3.170234e-05,3.170234e-05,3.170234e-05,3.170234e-05,3.170234e-05,3.170234e-05,3.170234e-05,3.170234e-05,3.170234e-05,3.170234e-05,3.170234e-05
4.54578e-05,4.54578e-05,4.54578e-05,4.54578e-05,4.54578e-05,4.54578e-05,4.54578e-05,4.54578e-05,4.54578e-05,4.54578e-05,0.00024065403,0.00076727394,4.54578e-05,4.54578e-05,4.54578e-05,4.54578e-05,4.54578e-05,4.54578e-05,4.54578e-05,4.54578e-05,4.54578e-05,4.54578e-05,4.54578e-05,4.54578e-05,4.54578e-05,4.54578e-05,4.54578e-05,4.54578e-05,4.54578e-05,4.54578e-05,4.54578e-05,4.54578e-05,4.54578e-05,4.54578e-05,4.54578e-05,4.54578e-05,0.99685556,4.54578e-05,4.54578e-05,4.54578e-05,4.54578e-05,4.54578e-05,4.54578e-05,4.54578e-05,4.54578e-05,4.54578e-05,4.54578e-05,4.54578e-05,4.54578e-05,4.54578e-05
7.692977e-05,7.692977e-05,7.692977e-05,7.692977e-05,7.692977e-05,7.692977e-05,7.692977e-05,7.692977e-05,7.692977e-05,7.692977e-05,0.80540013,0.19090724,7.692977e-05,7.692977e-05,7.692977e-05,7.692977e-05,7.692977e-05,7.692977e-05,7.692977e-05,7.692977e-05,7.692977e-05,7.692977e-05,7.692977e-05,7.692977e-05,7.692977e-05,7.692977e-05,7.692977e-05,7.692977e-05,7.692977e-05,7.692977e-05,7.692977e-05,7.692977e-05,7.692977e-05,7.692977e-05,7.692977e-05,7.692977e-05,7.692977e-05,7.692977e-05,7.692977e-05,7.692977e-05,7.692977e-05,7.692977e-05,7.692977e-05,7.692977e-05,7.692977e-05,7.692977e-05,7.692977e-05,7.692977e-05,7.692977e-05,7.692977e-05
6.2915475e-05,6.2915475e-05,6.2915475e-05,6.2915475e-05,6.2915475e-05,0.13378645,6.2915475e-05,6.2915475e-05,6.2915475e-05,6.2915475e-05,0.8631936,6.2915475e-05,6.2915475e-05,6.2915475e-05,6.2915475e-05,6.2915475e-05,6.2915475e-05,6.2915475e-05,6.2915475e-05,6.2915475e-05,6.2915475e-05,6.2915475e-05,6.2915475e-05,6.2915475e-05,6.2915475e-05,6.2915475e-05,6.2915475e-05,6.2915475e-05,6.2915475e-05,6.2915475e-05,6.2915475e-05,6.2915475e-05,6.2915475e-05,6.2915475e-05,6.2915475e-05,6.2915475e-05,6.2915475e-05,6.2915475e-05,6.2915475e-05,6.2915475e-05,6.2915475e-05,6.2915475e-05,6.2915475e-05,6.2915475e-05,6.2915475e-05,6.2915475e-05,6.2915475e-05,6.2915475e-05,6.2915475e-05,6.2915475e-05
6.390214e-05,6.390214e-05,6.390214e-05,6.390214e-05,6.390214e-05,0.041707363,6.390214e-05,6.390214e-05,6.390214e-05,6.390214e-05,0.9552253,6.390214e-05,6.390214e-05,6.390214e-05,6.390214e-05,6.390214e-05,6.390214e-05,6.390214e-05,6.390214e-05,6.390214e-05,6.390214e-05,6.390214e-05,6.390214e-05,6.390214e-05,6.390214e-05,6.390214e-05,6.390214e-05,6.390214e-05,6.390214e-05,6.390214e-05,6.390214e-05,6.390214e-05,6.390214e-05,6.390214e-05,6.390214e-05,6.390214e-05,6.390214e-05,6.390214e-05,6.390214e-05,6.390214e-05,6.390214e-05,6.390214e-05,6.390214e-05,6.390214e-05,6.390214e-05,6.390214e-05,6.390214e-05,6.390214e-05,6.390214e-05,6.390214e-05
3.5978443e-05,3.5978443e-05,3.5978443e-05,3.5978443e-05,3.5978443e-05,3.5978443e-05,3.5978443e-05,3.5978443e-05,3.5978443e-05,3.5978443e-05,3.5978443e-05,3.5978443e-05,3.5978443e-05,3.5978443e-05,3.5978443e-05,3.5978443e-05,3.5978443e-05,3.5978443e-05,3.5978443e-05,3.5978443e-05,3.5978443e-05,3.5978443e-05,0.9813677,3.5978443e-05,0.016905343,3.5978443e-05,3.5978443e-05,3.5978443e-05,3.5978443e-05,3.5978443e-05,3.5978443e-05,3.5978443e-05,3.5978443e-05,3.5978443e-05,3.5978443e-05,3.5978443e-05,3.5978443e-05,3.5978443e-05,3.5978443e-05,3.5978443e-05,3.5978443e-05,3.5978443e-05,3.5978443e-05,3.5978443e-05,3.5978443e-05,3.5978443e-05,3.5978443e-05,3.5978443e-05,3.5978443e-05,3.5978443e-05
4.2354655e-05,4.2354655e-05,4.2354655e-05,4.2354655e-05,4.2354655e-05,4.2354655e-05,4.2354655e-05,4.2354655e-05,4.2354655e-05,4.2354655e-05,4.2354655e-05,0.021712745,4.2354655e-05,4.2354655e-05,4.2354655e-05,4.2354655e-05,4.2354655e-05,4.2354655e-05,4.2354655e-05,4.2354655e-05,4.2354655e-05,4.2354655e-05,0.6356861,4.2354655e-05,4.2354655e-05,4.2354655e-05,4.2354655e-05,4.2354655e-05,4.2354655e-05,4.2354655e-05,4.2354655e-05,4.2354655e-05,4.2354655e-05,4.2354655e-05,4.2354655e-05,4.2354655e-05,4.2354655e-05,4.2354655e-05,4.2354655e-05,4.2354655e-05,4.2354655e-05,4.2354655e-05,4.2354655e-05,4.2354655e-05,4.2354655e-05,0.34061047,4.2354655e-05,4.2354655e-05,4.2354655e-05,4.2354655e-05
2.5387544e-05,2.5387544e-05,2.5387544e-05,2.5387544e-05,2.5387544e-05,2.5387544e-05,2.5387544e-05,2.5387544e-05,2.5387544e-05,0.26421866,2.5387544e-05,2.5387544e-05,2.5387544e-05,2.5387544e-05,2.5387544e-05,2.5387544e-05,2.5387544e-05,2.5387544e-05,2.5387544e-05,2.5387544e-05,2.5387544e-05,2.5387544e-05,2.5387544e-05,2.5387544e-05,2.5387544e-05,2.5387544e-05,2.5387544e-05,2.5387544e-05,2.5387544e-05,2.5387544e-05,2.5387544e-05,2.5387544e-05,2.5387544e-05,2.5387544e-05,2.5387544e-05,2.5387544e-05,0.6877338,2.5387544e-05,2.5387544e-05,2.5387544e-05,2.5387544e-05,2.5387544e-05,2.5387544e-05,2.5387544e-05,2.5387544e-05,2.5387544e-05,0.046854313,2.5387544e-05,2.5387544e-05,2.5387544e-05
4.1070332e-05,4.1070332e-05,4.1070332e-05,4.1070332e-05,4.1070332e-05,4.1070332e-05,4.1070332e-05,4.1070332e-05,4.1070332e-05,0.8294155,4.1070332e-05,0.16861312,4.1070332e-05,4.1070332e-05,4.1070332e-05,4.1070332e-05,4.1070332e-05,4.1070332e-05,4.1070332e-05,4.1070332e-05,4.1070332e-05,4.1070332e-05,4.1070332e-05,4.1070332e-05,4.1070332e-05,4.1070332e-05,4.1070332e-05,4.1070332e-05,4.1070332e-05,4.1070332e-05,4.1070332e-05,4.1070332e-05,4.1070332e-05,4.1070332e-05,4.1070332e-05,4.1070332e-05,4.1070332e-05,4.1070332e-05,4.1070332e-05,4.1070332e-05,4.1070332e-05,4.1070332e-05,4.1070332e-05,4.1070332e-05,4.1070332e-05,4.1070332e-05,4.1070332e-05,4.1070332e-05,4.1070332e-05,4.1070332e-05
7.7521625e-05,7.7521625e-05,7.7521625e-05,7.7521625e-05,7.7521625e-05,0.09476688,7.7521625e-05,7.7521625e-05,7.7521625e-05,7.7521625e-05,0.90151215,7.7521625e-05,7.7521625e-05,7.7521625e-05,7.7521625e-05,7.7521625e-05,7.7521625e-05,7.7521625e-05,7.7521625e-05,7.7521625e-05,7.7521625e-05,7.7521625e-05,7.7521625e-05,7.7521625e-05,7.7521625e-05,7.7521625e-05,7.7521625e-05,7.7521625e-05,7.7521625e-05,7.7521625e-05,7.7521625e-05,7.7521625e-05,7.7521625e-05,7.7521625e-05,7.7521625e-05,7.7521625e-05,7.7521625e-05,7.7521625e-05,7.7521625e-05,7.7521625e-05,7.7521625e-05,7.7521625e-05,7.7521625e-05,7.7521625e-05,7.7521625e-05,7.7521625e-05,7.7521625e-05,7.7521625e-05,7.7521625e-05,7.7521625e-05
7.8434e-05,7.8434e-05,7.8434e-05,7.8434e-05,7.8434e-05,7.8434e-05,7.8434e-05,7.8434e-05,7.8434e-05,7.8434e-05,0.99615675,7.8434e-05,7.8434e-05,7.8434e-05,7.8434e-05,7.8434e-05,7.8434e-05,7.8434e-05,7.8434e-05,7.8434e-05,7.8434e-05,7.8434e-05,7.8434e-05,7.8434e-05,7.8434e-05,7.8434e-05,7.8434e-05,7.8434e-05,7.8434e-05,7.8434e-05,7.8434e-05,7.8434e-05,7.8434e-05,7.8434e-05,7.8434e-05,7.8434e-05,7.8434e-05,7.8434e-05,7.8434e-05,7.8434e-05,7.8434e-05,7.8434e-05,7.8434e-05,7.8434e-05,7.8434e-05,7.8434e-05,7.8434e-05,7.8434e-05,7.8434e-05,7.8434e-05
3.116881e-05,3.116881e-05,3.116881e-05,3.116881e-05,3.116881e-05,3.116881e-05,3.116881e-05,3.116881e-05,3.116881e-05,3.116881e-05,3.116881e-05,3.116881e-05,3.116881e-05,3.116881e-05,3.116881e-05,3.116881e-05,3.116881e-05,3.116881e-05,3.116881e-05,3.116881e-05,3.116881e-05,3.116881e-05,3.116881e-05,3.116881e-05,3.116881e-05,3.116881e-05,3.116881e-05,3.116881e-05,3.116881e-05,3.116881e-05,3.116881e-05,3.116881e-05,3.116881e-05,3.116881e-05,3.116881e-05,3.116881e-05,0.60494107,3.116881e-05,3.116881e-05,3.116881e-05,3.116881e-05,3.116881e-05,3.116881e-05,3.116881e-05,3.116881e-05,3.116881e-05,0.39356282,3.116881e-05,3.116881e-05,3.116881e-05
6.35199e-05,6.35199e-05,6.35199e-05,6.35199e-05,6.35199e-05,0.007617538,6.35199e-05,6.35199e-05,6.35199e-05,6.35199e-05,0.50301224,0.0002226072,6.35199e-05,6.35199e-05,6.35199e-05,6.35199e-05,6.35199e-05,6.35199e-05,6.35199e-05,6.35199e-05,6.35199e-05,6.35199e-05,6.35199e-05,6.35199e-05,6.35199e-05,6.35199e-05,6.35199e-05,6.35199e-05,6.35199e-05,6.35199e-05,6.35199e-05,6.35199e-05,6.35199e-05,6.35199e-05,6.35199e-05,6.35199e-05,0.48622575,6.35199e-05,6.35199e-05,6.35199e-05,6.35199e-05,6.35199e-05,6.35199e-05,6.35199e-05,6.35199e-05,6.35199e-05,6.35199e-05,6.35199e-05,6.35199e-05,6.35199e-05
3.3687615e-05,3.3687615e-05,3.3687615e-05,3.3687615e-05,3.3687615e-05,3.3687615e-05,3.3687615e-05,3.3687615e-05,3.3687615e-05,3.3687615e-05,3.3687615e-05,3.3687615e-05,3.3687615e-05,3.3687615e-05,3.3687615e-05,3.3687615e-05,3.3687615e-05,3.3687615e-05,3.3687615e-05,3.3687615e-05,3.3687615e-05,3.3687615e-05,0.99834937,3.3687615e-05,3.3687615e-05,3.3687615e-05,3.3687615e-05,3.3687615e-05,3.3687615e-05,3.3687615e-05,3.3687615e-05,3.3687615e-05,3.3687615e-05,3.3687615e-05,3.3687615e-05,3.3687615e-05,3.3687615e-05,3.3687615e-05,3.3687615e-05,3.3687615e-05,3.3687615e-05,3.3687615e-05,3.3687615e-05,3.3687615e-05,3.3687615e-05,3.3687615e-05,3.3687615e-05,3.3687615e-05,3.3687615e-05,3.3687615e-05
3.5848967e-05,3.5848967e-05,3.5848967e-05,3.5848967e-05,3.5848967e-05,3.5848967e-05,3.5848967e-05,3.5848967e-05,3.5848967e-05,3.5848967e-05,3.5848967e-05,3.5848967e-05,3.5848967e-05,3.5848967e-05,3.5848967e-05,3.5848967e-05,3.5848967e-05,3.5848967e-05,3.5848967e-05,3.5848967e-05,3.5848967e-05,3.5848967e-05,3.5848967e-05,3.5848967e-05,3.5848967e-05,3.5848967e-05,3.5848967e-05,3.5848967e-05,3.5848967e-05,3.5848967e-05,3.5848967e-05,3.5848967e-05,3.5848967e-05,3.5848967e-05,3.5848967e-05,3.5848967e-05,0.5827736,3.5848967e-05,0.043326262,3.5848967e-05,3.5848967e-05,3.5848967e-05,3.5848967e-05,3.5848967e-05,3.5848967e-05,3.5848967e-05,0.3722152,3.5848967e-05,3.5848967e-05,3.5848967e-05
5.8312933e-05,0.00047452978,5.8312933e-05,5.8312933e-05,5.8312933e-05,0.008457053,5.8312933e-05,5.8312933e-05,5.8312933e-05,5.8312933e-05,0.5070401,5.8312933e-05,5.8312933e-05,5.8312933e-05,5.8312933e-05,5.8312933e-05,5.8312933e-05,5.8312933e-05,5.8312933e-05,5.8312933e-05,5.8312933e-05,5.8312933e-05,5.8312933e-05,5.8312933e-05,0.48134592,5.8312933e-05,5.8312933e-05,5.8312933e-05,5.8312933e-05,5.8312933e-05,5.8312933e-05,5.8312933e-05,5.8312933e-05,5.8312933e-05,5.8312933e-05,5.8312933e-05,5.8312933e-05,5.8312933e-05,5.8312933e-05,5.8312933e-05,5.8312933e-05,5.8312933e-05,5.8312933e-05,5.8312933e-05,5.8312933e-05,5.8312933e-05,5.8312933e-05,5.8312933e-05,5.8312933e-05,5.8312933e-05
3.240292e-05,3.240292e-05,3.240292e-05,3.240292e-05,3.240292e-05,3.240292e-05,3.240292e-05,3.240292e-05,3.240292e-05,3.240292e-05,3.240292e-05,3.240292e-05,3.240292e-05,0.6494235,3.240292e-05,3.240292e-05,3.240292e-05,3.240292e-05,3.240292e-05,3.240292e-05,3.240292e-05,3.240292e-05,3.240292e-05,3.240292e-05,0.34902123,3.240292e-05,3.240292e-05,3.240292e-05,3.240292e-05,3.240292e-05,3.240292e-05,3.240292e-05,3.240292e-05,3.240292e-05,3.240292e-05,3.240292e-05,3.240292e-05,3.240292e-05,3.240292e-05,3.240292e-05,3.240292e-05,3.240292e-05,3.240292e-05,3.240292e-05,3.240292e-05,3.240292e-05,3.240292e-05,3.240292e-05,3.240292e-05,3.240292e-05
6.290082e-05,6.290082e-05,6.290082e-05,6.290082e-05,6.290082e-05,0.23266059,6.290082e-05,6.290082e-05,6.290082e-05,6.290082e-05,0.12553844,0.63884467,6.290082e-05,6.290082e-05,6.290082e-05,6.290082e-05,6.290082e-05,6.290082e-05,6.290082e-05,6.290082e-05,6.290082e-05,6.290082e-05,6.290082e-05,6.290082e-05,6.290082e-05,6.290082e-05,6.290082e-05,6.290082e-05,6.290082e-05,6.290082e-05,6.290082e-05,6.290082e-05,6.290082e-05,6.290082e-05,6.290082e-05,6.290082e-05,6.290082e-05,6.290082e-05,6.290082e-05,6.290082e-05,6.290082e-05,6.290082e-05,6.290082e-05,6.290082e-05,6.290082e-05,6.290082e-05,6.290082e-05,6.290082e-05,6.290082e-05,6.290082e-05
5.602486e-05,5.602486e-05,5.602486e-05,5.602486e-05,5.602486e-05,5.602486e-05,5.602486e-05,5.602486e-05,5.602486e-05,5.602486e-05,0.93238366,5.602486e-05,5.602486e-05,5.602486e-05,5.602486e-05,5.602486e-05,5.602486e-05,5.602486e-05,5.602486e-05,5.602486e-05,5.602486e-05,5.602486e-05,5.602486e-05,5.602486e-05,5.602486e-05,0.017662503,5.602486e-05,5.602486e-05,5.602486e-05,5.602486e-05,5.602486e-05,5.602486e-05,5.602486e-05,5.602486e-05,5.602486e-05,5.602486e-05,5.602486e-05,5.602486e-05,5.602486e-05,5.602486e-05,5.602486e-05,5.602486e-05,5.602486e-05,5.602486e-05,0.047320668,5.602486e-05,5.602486e-05,5.602486e-05,5.602486e-05,5.602486e-05
3.616942e-05,3.616942e-05,3.616942e-05,3.616942e-05,3.616942e-05,3.616942e-05,0.9982277,3.616942e-05,3.616942e-05,3.616942e-05,3.616942e-05,3.616942e-05,3.616942e-05,3.616942e-05,3.616942e-05,3.616942e-05,3.616942e-05,3.616942e-05,3.616942e-05,3.616942e-05,3.616942e-05,3.616942e-05,3.616942e-05,3.616942e-05,3.616942e-05,3.616942e-05,3.616942e-05,3.616942e-05,3.616942e-05,3.616942e-05,3.616942e-05,3.616942e-05,3.616942e-05,3.616942e-05,3.616942e-05,3.616942e-05,3.616942e-05,3.616942e-05,3.616942e-05,3.616942e-05,3.616942e-05,3.616942e-05,3.616942e-05,3.616942e-05,3.616942e-05,3.616942e-05,3.616942e-05,3.616942e-05,3.616942e-05,3.616942e-05
7.667927e-05,7.667927e-05,7.667927e-05,7.667927e-05,7.667927e-05,7.667927e-05,7.667927e-05,7.667927e-05,7.667927e-05,7.667927e-05,0.8636649,0.05513195,7.667927e-05,7.667927e-05,7.667927e-05,7.667927e-05,7.667927e-05,7.667927e-05,7.667927e-05,7.667927e-05,7.667927e-05,7.667927e-05,0.07759921,7.667927e-05,7.667927e-05,7.667927e-05,7.667927e-05,7.667927e-05,7.667927e-05,7.667927e-05,7.667927e-05,7.667927e-05,7.667927e-05,7.667927e-05,7.667927e-05,7.667927e-05,7.667927e-05,7.667927e-05,7.667927e-05,7.667927e-05,7.667927e-05,7.667927e-05,7.667927e-05,7.667927e-05,7.667927e-05,7.667927e-05,7.667927e-05,7.667927e-05,7.667927e-05,7.667927e-05
3.3393473e-05,3.3393473e-05,3.3393473e-05,3.3393473e-05,3.3393473e-05,3.3393473e-05,3.3393473e-05,3.3393473e-05,3.3393473e-05,3.3393473e-05,3.3393473e-05,3.3393473e-05,3.3393473e-05,3.3393473e-05,3.3393473e-05,3.3393473e-05,3.3393473e-05,3.3393473e-05,3.3393473e-05,3.3393473e-05,3.3393473e-05,3.3393473e-05,0.99836373,3.3393473e-05,3.3393473e-05,3.3393473e-05,3.3393473e-05,3.3393473e-05,3.3393473e-05,3.3393473e-05,3.3393473e-05,3.3393473e-05,3.3393473e-05,3.3393473e-05,3.3393473e-05,3.3393473e-05,3.3393473e-05,3.3393473e-05,3.3393473e-05,3.3393473e-05,3.3393473e-05,3.3393473e-05,3.3393473e-05,3.3393473e-05,3.3393473e-05,3.3393473e-05,3.3393473e-05,3.3393473e-05,3.3393473e-05,3.3393473e-05
7.5190605e-05,7.5190605e-05,7.5190605e-05,7.5190605e-05,7.5190605e-05,7.5190605e-05,7.5190605e-05,7.5190605e-05,7.5190605e-05,7.5190605e-05,0.9963156,7.5190605e-05,7.5190605e-05,7.5190605e-05,7.5190605e-05,7.5190605e-05,7.5190605e-05,7.5190605e-05,7.5190605e-05,7.5190605e-05,7.5190605e-05,7.5190605e-05,7.5190605e-05,7.5190605e-05,7.5190605e-05,7.5190605e-05,7.5190605e-05,7.5190605e-05,7.5190605e-05,7.5190605e-05,7.5190605e-05,7.5190605e-05,7.5190605e-05,7.5190605e-05,7.5190605e-05,7.5190605e-05,7.5190605e-05,7.5190605e-05,7.5190605e-05,7.5190605e-05,7.5190605e-05,7.5190605e-05,7.5190605e-05,7.5190605e-05,7.5190605e-05,7.5190605e-05,7.5190605e-05,7.5190605e-05,7.5190605e-05,7.5190605e-05
5.5726236e-05,5.5726236e-05,5.5726236e-05,5.5726236e-05,5.5726236e-05,5.5726236e-05,5.5726236e-05,5.5726236e-05,5.5726236e-05,5.5726236e-05,0.33340514,0.66392,5.5726236e-05,5.5726236e-05,5.5726236e-05,5.5726236e-05,5.5726236e-05,5.5726236e-05,5.5726236e-05,5.5726236e-05,5.5726236e-05,5.5726236e-05,5.5726236e-05,5.5726236e-05,5.5726236e-05,5.5726236e-05,5.5726236e-05,5.5726236e-05,5.5726236e-05,5.5726236e-05,5.5726236e-05,5.5726236e-05,5.5726236e-05,5.5726236e-05,5.5726236e-05,5.5726236e-05,5.5726236e-05,5.5726236e-05,5.5726236e-05,5.5726236e-05,5.5726236e-05,5.5726236e-05,5.5726236e-05,5.5726236e-05,5.5726236e-05,5.5726236e-05,5.5726236e-05,5.5726236e-05,5.5726236e-05,5.5726236e-05
6.945009e-05,6.945009e-05,6.945009e-05,6.945009e-05,6.945009e-05,6.945009e-05,6.945009e-05,6.945009e-05,6.945009e-05,6.945009e-05,0.5935881,0.008283793,6.945009e-05,6.945009e-05,6.945009e-05,6.945009e-05,6.945009e-05,6.945009e-05,6.945009e-05,6.945009e-05,6.945009e-05,6.945009e-05,0.3948639,6.945009e-05,6.945009e-05,6.945009e-05,6.945009e-05,6.945009e-05,6.945009e-05,6.945009e-05,6.945009e-05,6.945009e-05,6.945009e-05,6.945009e-05,6.945009e-05,6.945009e-05,6.945009e-05,6.945009e-05,6.945009e-05,6.945009e-05,6.945009e-05,6.945009e-05,6.945009e-05,6.945009e-05,6.945009e-05,6.945009e-05,6.945009e-05,6.945009e-05,6.945009e-05,6.945009e-05
4.0746767e-05,4.0746767e-05,4.0746767e-05,4.0746767e-05,4.0746767e-05,4.0746767e-05,4.0746767e-05,4.0746767e-05,4.0746767e-05,4.0746767e-05,4.0746767e-05,0.13679704,4.0746767e-05,4.0746767e-05,4.0746767e-05,4.0746767e-05,4.0746767e-05,4.0746767e-05,4.0746767e-05,4.0746767e-05,4.0746767e-05,4.0746767e-05,4.0746767e-05,4.0746767e-05,0.052264083,4.0746767e-05,4.0746767e-05,4.0746767e-05,4.0746767e-05,4.0746767e-05,4.0746767e-05,4.0746767e-05,4.0746767e-05,0.7990628,4.0746767e-05,4.0746767e-05,4.0746767e-05,0.010001756,4.0746767e-05,4.0746767e-05,4.0746767e-05,4.0746767e-05,4.0746767e-05,4.0746767e-05,4.0746767e-05,4.0746767e-05,4.0746767e-05,4.0746767e-05,4.0746767e-05,4.0746767e-05
3.126697e-05,3.126697e-05,3.126697e-05,3.126697e-05,3.126697e-05,3.126697e-05,3.126697e-05,3.126697e-05,3.126697e-05,3.126697e-05,3.126697e-05,0.01812228,3.126697e-05,3.126697e-05,3.126697e-05,3.126697e-05,3.126697e-05,3.126697e-05,3.126697e-05,3.126697e-05,3.126697e-05,3.126697e-05,3.126697e-05,3.126697e-05,0.48069546,3.126697e-05,3.126697e-05,3.126697e-05,3.126697e-05,3.126697e-05,3.126697e-05,3.126697e-05,3.126697e-05,0.0038833104,3.126697e-05,3.126697e-05,3.126697e-05,0.49586067,3.126697e-05,3.126697e-05,3.126697e-05,3.126697e-05,3.126697e-05,3.126697e-05,3.126697e-05,3.126697e-05,3.126697e-05,3.126697e-05,3.126697e-05,3.126697e-05
3.6431746e-05,3.6431746e-05,3.6431746e-05,3.6431746e-05,3.6431746e-05,3.6431746e-05,3.6431746e-05,3.6431746e-05,3.6431746e-05,3.6431746e-05,3.6431746e-05,3.6431746e-05,3.6431746e-05,3.6431746e-05,3.6431746e-05,3.6431746e-05,3.6431746e-05,3.6431746e-05,3.6431746e-05,3.6431746e-05,3.6431746e-05,3.6431746e-05,3.6431746e-05,3.6431746e-05,3.6431746e-05,3.6431746e-05,3.6431746e-05,3.6431746e-05,3.6431746e-05,3.6431746e-05,3.6431746e-05,3.6431746e-05,3.6431746e-05,3.6431746e-05,3.6431746e-05,3.6431746e-05,3.6431746e-05,3.6431746e-05,3.6431746e-05,0.9982149,3.6431746e-05,3.6431746e-05,3.6431746e-05,3.6431746e-05,3.6431746e-05,3.6431746e-05,3.6431746e-05,3.6431746e-05,3.6431746e-05,3.6431746e-05
5.5420725e-05,5.5420725e-05,5.5420725e-05,5.5420725e-05,5.5420725e-05,5.5420725e-05,5.5420725e-05,5.5420725e-05,5.5420725e-05,5.5420725e-05,5.5420725e-05,9.418359e-05,5.5420725e-05,5.5420725e-05,5.5420725e-05,5.5420725e-05,5.5420725e-05,5.5420725e-05,5.5420725e-05,5.5420725e-05,5.5420725e-05,5.5420725e-05,5.5420725e-05,5.5420725e-05,5.5420725e-05,5.5420725e-05,5.5420725e-05,5.5420725e-05,5.5420725e-05,5.5420725e-05,5.5420725e-05,5.5420725e-05,0.001972716,0.99532837,5.5420725e-05,5.5420725e-05,5.5420725e-05,5.5420725e-05,5.5420725e-05,5.5420725e-05,5.5420725e-05,5.5420725e-05,5.5420725e-05,5.5420725e-05,5.5420725e-05,5.5420725e-05,5.5420725e-05,5.5420725e-05,5.5420725e-05,5.5420725e-05
5.9349954e-05,5.9349954e-05,5.9349954e-05,5.9349954e-05,5.9349954e-05,0.06572917,5.9349954e-05,5.9349954e-05,5.9349954e-05,5.9349954e-05,0.8616027,0.023053383,5.9349954e-05,5.9349954e-05,5.9349954e-05,5.9349954e-05,5.9349954e-05,5.9349954e-05,5.9349954e-05,5.9349954e-05,5.9349954e-05,5.9349954e-05,5.9349954e-05,5.9349954e-05,5.9349954e-05,5.9349954e-05,5.9349954e-05,5.9349954e-05,5.9349954e-05,5.9349954e-05,5.9349954e-05,5.9349954e-05,5.9349954e-05,5.9349954e-05,5.9349954e-05,5.9349954e-05,0.046884622,5.9349954e-05,5.9349954e-05,5.9349954e-05,5.9349954e-05,5.9349954e-05,5.9349954e-05,5.9349954e-05,5.9349954e-05,5.9349954e-05,5.9349954e-05,5.9349954e-05,5.9349954e-05,5.9349954e-05
3.247595e-05,0.058196854,3.247595e-05,3.247595e-05,3.247595e-05,3.247595e-05,3.247595e-05,3.247595e-05,3.247595e-05,3.247595e-05,0.23039885,3.247595e-05,3.247595e-05,3.247595e-05,3.247595e-05,3.247595e-05,3.247595e-05,3.247595e-05,3.247595e-05,3.247595e-05,3.247595e-05,3.247595e-05,3.247595e-05,3.247595e-05,0.24484178,0.33670983,3.247595e-05,3.247595e-05,3.247595e-05,3.247595e-05,3.247595e-05,3.247595e-05,3.247595e-05,3.247595e-05,3.247595e-05,3.247595e-05,0.07217701,0.015049279,3.247595e-05,3.247595e-05,3.247595e-05,3.247595e-05,3.247595e-05,3.247595e-05,0.04122991,3.247595e-05,3.247595e-05,3.247595e-05,3.247595e-05,3.247595e-05
4.1529802e-05,4.1529802e-05,4.1529802e-05,4.1529802e-05,4.1529802e-05,4.1529802e-05,4.1529802e-05,4.1529802e-05,4.1529802e-05,4.1529802e-05,4.1529802e-05,0.004405475,4.1529802e-05,4.1529802e-05,4.1529802e-05,4.1529802e-05,4.1529802e-05,4.1529802e-05,4.1529802e-05,4.1529802e-05,4.1529802e-05,4.1529802e-05,4.1529802e-05,4.1529802e-05,4.1529802e-05,4.1529802e-05,4.1529802e-05,4.1529802e-05,4.1529802e-05,4.1529802e-05,4.1529802e-05,4.1529802e-05,4.1529802e-05,4.1529802e-05,4.1529802e-05,4.1529802e-05,0.99353045,4.1529802e-05,4.1529802e-05,4.1529802e-05,4.1529802e-05,4.1529802e-05,4.1529802e-05,4.1529802e-05,4.1529802e-05,4.1529802e-05,0.00011217079,4.1529802e-05,4.1529802e-05,4.1529802e-05
7.299594e-05,7.299594e-05,7.299594e-05,7.299594e-05,7.299594e-05,7.299594e-05,7.299594e-05,7.299594e-05,7.299594e-05,7.299594e-05,0.9964232,7.299594e-05,7.299594e-05,7.299594e-05,7.299594e-05,7.299594e-05,7.299594e-05,7.299594e-05,7.299594e-05,7.299594e-05,7.299594e-05,7.299594e-05,7.299594e-05,7.299594e-05,7.299594e-05,7.299594e-05,7.299594e-05,7.299594e-05,7.299594e-05,7.299594e-05,7.299594e-05,7.299594e-05,7.299594e-05,7.299594e-05,7.299594e-05,7.299594e-05,7.299594e-05,7.299594e-05,7.299594e-05,7.299594e-05,7.299594e-05,7.299594e-05,7.299594e-05,7.299594e-05,7.299594e-05,7.299594e-05,7.299594e-05,7.299594e-05,7.299594e-05,7.299594e-05
1.3682088e-05,1.3682088e-05,1.3682088e-05,1.3682088e-05,1.3682088e-05,1.3682088e-05,0.073100135,1.3682088e-05,1.3682088e-05,1.3682088e-05,1.3682088e-05,1.3682088e-05,1.3682088e-05,1.3682088e-05,1.3682088e-05,1.3682088e-05,1.3682088e-05,1.3682088e-05,1.3682088e-05,1.3682088e-05,1.3682088e-05,0.42316595,0.4364762,1.3682088e-05,0.036402635,1.3682088e-05,1.3682088e-05,1.3682088e-05,1.3682088e-05,1.3682088e-05,1.3682088e-05,1.3682088e-05,1.5804178e-05,1.3682088e-05,1.3682088e-05,1.3682088e-05,1.3682088e-05,1.3682088e-05,1.3682088e-05,1.3682088e-05,1.3682088e-05,1.3682088e-05,1.3682088e-05,1.3682088e-05,1.3682088e-05,1.3682088e-05,1.3682088e-05,0.030237267,1.3682088e-05,1.3682088e-05
3.7251742e-05,0.022229308,3.7251742e-05,3.7251742e-05,3.7251742e-05,3.7251742e-05,3.7251742e-05,3.7251742e-05,3.7251742e-05,3.7251742e-05,0.002580227,3.7251742e-05,3.7251742e-05,3.7251742e-05,0.06902914,3.7251742e-05,3.7251742e-05,3.7251742e-05,3.7251742e-05,3.7251742e-05,3.7251742e-05,3.7251742e-05,0.9044478,3.7251742e-05,3.7251742e-05,3.7251742e-05,3.7251742e-05,3.7251742e-05,3.7251742e-05,3.7251742e-05,3.7251742e-05,3.7251742e-05,3.7251742e-05,3.7251742e-05,3.7251742e-05,3.7251742e-05,3.7251742e-05,3.7251742e-05,3.7251742e-05,3.7251742e-05,3.7251742e-05,3.7251742e-05,3.7251742e-05,3.7251742e-05,3.7251742e-05,3.7251742e-05,3.7251742e-05,3.7251742e-05,3.7251742e-05,3.7251742e-05
4.641107e-05,0.017144872,4.641107e-05,4.641107e-05,4.641107e-05,0.029684912,4.641107e-05,4.641107e-05,4.641107e-05,4.641107e-05,6.0515413e-05,4.641107e-05,4.641107e-05,4.641107e-05,4.641107e-05,4.641107e-05,4.641107e-05,4.641107e-05,4.641107e-05,4.641107e-05,4.641107e-05,4.641107e-05,0.8464303,4.641107e-05,4.641107e-05,4.641107e-05,4.641107e-05,4.641107e-05,4.641107e-05,4.641107e-05,4.641107e-05,4.641107e-05,4.641107e-05,4.641107e-05,4.641107e-05,4.641107e-05,0.02809134,4.641107e-05,4.641107e-05,4.641107e-05,4.641107e-05,4.641107e-05,4.641107e-05,4.641107e-05,4.641107e-05,0.07654595,4.641107e-05,4.641107e-05,4.641107e-05,4.641107e-05
2.5846115e-05,2.5846115e-05,2.5846115e-05,2.5846115e-05,2.5846115e-05,2.5846115e-05,2.5846115e-05,2.5846115e-05,2.5846115e-05,2.5846115e-05,2.5846115e-05,2.5846115e-05,2.5846115e-05,2.5846115e-05,2.5846115e-05,2.5846115e-05,2.5846115e-05,2.5846115e-05,2.5846115e-05,2.5846115e-05,2.5846115e-05,2.5846115e-05,0.5685991,2.5846115e-05,2.5846115e-05,2.5846115e-05,2.5846115e-05,0.4301603,2.5846115e-05,2.5846115e-05,2.5846115e-05,2.5846115e-05,2.5846115e-05,2.5846115e-05,2.5846115e-05,2.5846115e-05,2.5846115e-05,2.5846115e-05,2.5846115e-05,2.5846115e-05,2.5846115e-05,2.5846115e-05,2.5846115e-05,2.5846115e-05,2.5846115e-05,2.5846115e-05,2.5846115e-05,2.5846115e-05,2.5846115e-05,2.5846115e-05
5.9891256e-05,5.9891256e-05,5.9891256e-05,5.9891256e-05,5.9891256e-05,5.9891256e-05,5.9891256e-05,5.9891256e-05,5.9891256e-05,5.9891256e-05,0.36590508,5.9891256e-05,5.9891256e-05,5.9891256e-05,5.9891256e-05,5.9891256e-05,5.9891256e-05,5.9891256e-05,5.9891256e-05,5.9891256e-05,5.9891256e-05,5.9891256e-05,5.9891256e-05,5.9891256e-05,5.9891256e-05,5.9891256e-05,5.9891256e-05,5.9891256e-05,5.9891256e-05,5.9891256e-05,5.9891256e-05,5.9891256e-05,5.9891256e-05,0.6312201,5.9891256e-05,5.9891256e-05,5.9891256e-05,5.9891256e-05,5.9891256e-05,5.9891256e-05,5.9891256e-05,5.9891256e-05,5.9891256e-05,5.9891256e-05,5.9891256e-05,5.9891256e-05,5.9891256e-05,5.9891256e-05,5.9891256e-05,5.9891256e-05
6.583071e-05,6.583071e-05,6.583071e-05,6.583071e-05,6.583071e-05,0.18690622,6.583071e-05,6.583071e-05,6.583071e-05,6.583071e-05,0.6965466,0.11345312,6.583071e-05,6.583071e-05,6.583071e-05,6.583071e-05,6.583071e-05,6.583071e-05,6.583071e-05,6.583071e-05,6.583071e-05,6.583071e-05,6.583071e-05,6.583071e-05,6.583071e-05,6.583071e-05,6.583071e-05,6.583071e-05,6.583071e-05,6.583071e-05,6.583071e-05,6.583071e-05,6.583071e-05,6.583071e-05,6.583071e-05,6.583071e-05,6.583071e-05,6.583071e-05,6.583071e-05,6.583071e-05,6.583071e-05,6.583071e-05,6.583071e-05,6.583071e-05,6.583071e-05,6.583071e-05,6.583071e-05,6.583071e-05,6.583071e-05,6.583071e-05
3.8854847e-05,3.8854847e-05,3.8854847e-05,3.8854847e-05,3.8854847e-05,3.8854847e-05,3.8854847e-05,3.8854847e-05,3.8854847e-05,3.8854847e-05,3.8854847e-05,3.8854847e-05,3.8854847e-05,3.8854847e-05,3.8854847e-05,0.3452271,3.8854847e-05,3.8854847e-05,3.8854847e-05,3.8854847e-05,3.8854847e-05,3.8854847e-05,0.32320198,3.8854847e-05,3.8854847e-05,3.8854847e-05,3.8854847e-05,3.8854847e-05,3.8854847e-05,3.8854847e-05,3.8854847e-05,3.8854847e-05,3.8854847e-05,0.14401571,3.8854847e-05,3.8854847e-05,3.8854847e-05,3.8854847e-05,3.8854847e-05,3.8854847e-05,3.8854847e-05,3.8854847e-05,3.8854847e-05,0.18576781,3.8854847e-05,3.8854847e-05,3.8854847e-05,3.8854847e-05,3.8854847e-05,3.8854847e-05
5.634111e-05,5.634111e-05,5.634111e-05,5.634111e-05,5.634111e-05,0.021710403,5.634111e-05,5.634111e-05,5.634111e-05,5.634111e-05,0.36132252,5.634111e-05,5.634111e-05,5.634111e-05,5.634111e-05,5.634111e-05,5.634111e-05,5.634111e-05,5.634111e-05,5.634111e-05,5.634111e-05,5.634111e-05,0.49444348,5.634111e-05,0.11993191,5.634111e-05,5.634111e-05,5.634111e-05,5.634111e-05,5.634111e-05,5.634111e-05,5.634111e-05,5.634111e-05,5.634111e-05,5.634111e-05,5.634111e-05,5.634111e-05,5.634111e-05,5.634111e-05,5.634111e-05,5.634111e-05,5.634111e-05,5.634111e-05,5.634111e-05,5.634111e-05,5.634111e-05,5.634111e-05,5.634111e-05,5.634111e-05,5.634111e-05
5.7651778e-05,5.7651778e-05,5.7651778e-05,5.7651778e-05,5.7651778e-05,0.5295698,5.7651778e-05,5.7651778e-05,5.7651778e-05,5.7651778e-05,0.43014503,0.037575502,5.7651778e-05,5.7651778e-05,5.7651778e-05,5.7651778e-05,5.7651778e-05,5.7651778e-05,5.7651778e-05,5.7651778e-05,5.7651778e-05,5.7651778e-05,5.7651778e-05,5.7651778e-05,5.7651778e-05,5.7651778e-05,5.7651778e-05,5.7651778e-05,5.7651778e-05,5.7651778e-05,5.7651778e-05,5.7651778e-05,5.7651778e-05,5.7651778e-05,5.7651778e-05,5.7651778e-05,5.7651778e-05,5.7651778e-05,5.7651778e-05,5.7651778e-05,5.7651778e-05,5.7651778e-05,5.7651778e-05,5.7651778e-05,5.7651778e-05,5.7651778e-05,5.7651778e-05,5.7651778e-05,5.7651778e-05,5.7651778e-05
5.6029516e-05,5.6029516e-05,5.6029516e-05,5.6029516e-05,5.6029516e-05,5.6029516e-05,5.6029516e-05,5.6029516e-05,5.6029516e-05,5.6029516e-05,5.6029516e-05,0.9955463,5.6029516e-05,5.6029516e-05,5.6029516e-05,5.6029516e-05,5.6029516e-05,5.6029516e-05,5.6029516e-05,5.6029516e-05,5.6029516e-05,5.6029516e-05,5.6029516e-05,5.6029516e-05,5.6029516e-05,5.6029516e-05,5.6029516e-05,5.6029516e-05,5.6029516e-05,5.6029516e-05,5.6029516e-05,5.6029516e-05,5.6029516e-05,0.0017643238,5.6029516e-05,5.6029516e-05,5.6029516e-05,5.6029516e-05,5.6029516e-05,5.6029516e-05,5.6029516e-05,5.6029516e-05,5.6029516e-05,5.6029516e-05,5.6029516e-05,5.6029516e-05,5.6029516e-05,5.6029516e-05,5.6029516e-05,5.6029516e-05
6.2502964e-05,6.2502964e-05,6.2502964e-05,6.2502964e-05,6.2502964e-05,6.2502964e-05,6.2502964e-05,0.16689011,6.2502964e-05,6.2502964e-05,0.047589853,0.20363824,6.2502964e-05,6.2502964e-05,6.2502964e-05,6.2502964e-05,6.2502964e-05,6.2502964e-05,6.2502964e-05,6.2502964e-05,6.2502964e-05,6.2502964e-05,0.5790067,6.2502964e-05,6.2502964e-05,6.2502964e-05,6.2502964e-05,6.2502964e-05,6.2502964e-05,6.2502964e-05,6.2502964e-05,6.2502964e-05,6.2502964e-05,6.2502964e-05,6.2502964e-05,6.2502964e-05,6.2502964e-05,6.2502964e-05,6.2502964e-05,6.2502964e-05,6.2502964e-05,6.2502964e-05,6.2502964e-05,6.2502964e-05,6.2502964e-05,6.2502964e-05,6.2502964e-05,6.2502964e-05,6.2502964e-05,6.2502964e-05
3.850564e-05,3.850564e-05,3.850564e-05,3.850564e-05,3.850564e-05,0.96675324,3.850564e-05,3.850564e-05,3.850564e-05,3.850564e-05,3.850564e-05,3.850564e-05,3.850564e-05,3.850564e-05,3.850564e-05,3.850564e-05,3.850564e-05,3.850564e-05,3.850564e-05,3.850564e-05,3.850564e-05,3.850564e-05,0.03139847,3.850564e-05,3.850564e-05,3.850564e-05,3.850564e-05,3.850564e-05,3.850564e-05,3.850564e-05,3.850564e-05,3.850564e-05,3.850564e-05,3.850564e-05,3.850564e-05,3.850564e-05,3.850564e-05,3.850564e-05,3.850564e-05,3.850564e-05,3.850564e-05,3.850564e-05,3.850564e-05,3.850564e-05,3.850564e-05,3.850564e-05,3.850564e-05,3.850564e-05,3.850564e-05,3.850564e-05
5.618669e-05,5.618669e-05,5.618669e-05,5.618669e-05,5.618669e-05,5.618669e-05,5.618669e-05,5.618669e-05,5.618669e-05,5.618669e-05,0.050555248,5.618669e-05,5.618669e-05,5.618669e-05,5.618669e-05,5.618669e-05,5.618669e-05,5.618669e-05,5.618669e-05,5.618669e-05,5.618669e-05,5.618669e-05,0.94674784,5.618669e-05,5.618669e-05,5.618669e-05,5.618669e-05,5.618669e-05,5.618669e-05,5.618669e-05,5.618669e-05,5.618669e-05,5.618669e-05,5.618669e-05,5.618669e-05,5.618669e-05,5.618669e-05,5.618669e-05,5.618669e-05,5.618669e-05,5.618669e-05,5.618669e-05,5.618669e-05,5.618669e-05,5.618669e-05,5.618669e-05,5.618669e-05,5.618669e-05,5.618669e-05,5.618669e-05
5.3080938e-05,5.3080938e-05,5.3080938e-05,5.3080938e-05,5.3080938e-05,0.67471015,5.3080938e-05,5.3080938e-05,5.3080938e-05,5.3080938e-05,5.3080938e-05,0.07403686,5.3080938e-05,5.3080938e-05,5.3080938e-05,5.3080938e-05,5.3080938e-05,5.3080938e-05,5.3080938e-05,5.3080938e-05,5.3080938e-05,5.3080938e-05,0.24875814,5.3080938e-05,5.3080938e-05,5.3080938e-05,5.3080938e-05,5.3080938e-05,5.3080938e-05,5.3080938e-05,5.3080938e-05,5.3080938e-05,5.3080938e-05,5.3080938e-05,5.3080938e-05,5.3080938e-05,5.3080938e-05,5.3080938e-05,5.3080938e-05,5.3080938e-05,5.3080938e-05,5.3080938e-05,5.3080938e-05,5.3080938e-05,5.3080938e-05,5.3080938e-05,5.3080938e-05,5.3080938e-05,5.3080938e-05,5.3080938e-05
1.35389e-05,1.35389e-05,0.032996994,1.35389e-05,1.35389e-05,1.35389e-05,1.35389e-05,1.35389e-05,1.35389e-05,1.35389e-05,1.35389e-05,1.35389e-05,1.35389e-05,1.35389e-05,1.35389e-05,1.35389e-05,1.35389e-05,1.35389e-05,1.35389e-05,1.35389e-05,1.35389e-05,1.35389e-05,1.35389e-05,1.35389e-05,1.35389e-05,1.35389e-05,1.35389e-05,1.35389e-05,1.35389e-05,1.35389e-05,1.35389e-05,1.35389e-05,1.35389e-05,1.35389e-05,1.35389e-05,1.35389e-05,1.35389e-05,1.35389e-05,1.35389e-05,1.35389e-05,1.35389e-05,1.35389e-05,1.35389e-05,1.35389e-05,0.9663531,1.35389e-05,1.35389e-05,1.35389e-05,1.35389e-05,1.35389e-05
2.7265854e-05,0.48308408,2.7265854e-05,2.7265854e-05,2.7265854e-05,2.7265854e-05,2.7265854e-05,2.7265854e-05,2.7265854e-05,2.7265854e-05,2.7265854e-05,2.7265854e-05,2.7265854e-05,2.7265854e-05,2.7265854e-05,2.7265854e-05,2.7265854e-05,2.7265854e-05,2.7265854e-05,2.7265854e-05,2.7265854e-05,2.7265854e-05,2.7265854e-05,2.7265854e-05,0.013092605,2.7265854e-05,2.7265854e-05,2.7265854e-05,2.7265854e-05,2.7265854e-05,2.7265854e-05,2.7265854e-05,2.7265854e-05,2.7265854e-05,2.7265854e-05,2.7265854e-05,0.36687493,2.7265854e-05,2.7265854e-05,2.7265854e-05,2.7265854e-05,2.7265854e-05,2.7265854e-05,2.7265854e-05,2.7265854e-05,2.7265854e-05,2.7265854e-05,2.7265854e-05,2.7265854e-05,0.1356942
2.2423414e-05,0.9661479,2.2423414e-05,2.2423414e-05,2.2423414e-05,2.2423414e-05,2.2423414e-05,2.2423414e-05,2.2423414e-05,2.2423414e-05,2.2423414e-05,2.2423414e-05,2.2423414e-05,2.2423414e-05,2.2423414e-05,2.2423414e-05,2.2423414e-05,2.2423414e-05,2.2423414e-05,2.2423414e-05,2.2423414e-05,2.2423414e-05,2.2423414e-05,2.2423414e-05,2.2423414e-05,2.2423414e-05,2.2423414e-05,2.2423414e-05,2.2423414e-05,2.2423414e-05,2.2423414e-05,2.2423414e-05,2.2423414e-05,2.2423414e-05,2.2423414e-05,2.2423414e-05,2.2423414e-05,2.2423414e-05,2.2423414e-05,2.2423414e-05,2.2423414e-05,2.2423414e-05,2.2423414e-05,2.2423414e-05,2.2423414e-05,2.2423414e-05,2.2423414e-05,2.2423414e-05,0.03277578,2.2423414e-05
2.9766536e-05,2.9766536e-05,2.9766536e-05,2.9766536e-05,2.9766536e-05,2.9766536e-05,2.9766536e-05,2.9766536e-05,2.9766536e-05,2.9766536e-05,2.9766536e-05,0.0031396789,2.9766536e-05,2.9766536e-05,2.9766536e-05,2.9766536e-05,2.9766536e-05,2.9766536e-05,2.9766536e-05,2.9766536e-05,2.9766536e-05,2.9766536e-05,0.982583,2.9766536e-05,0.012878323,2.9766536e-05,2.9766536e-05,2.9766536e-05,2.9766536e-05,2.9766536e-05,2.9766536e-05,2.9766536e-05,2.9766536e-05,2.9766536e-05,2.9766536e-05,2.9766536e-05,2.9766536e-05,2.9766536e-05,2.9766536e-05,2.9766536e-05,2.9766536e-05,2.9766536e-05,2.9766536e-05,2.9766536e-05,2.9766536e-05,2.9766536e-05,2.9766536e-05,2.9766536e-05,2.9766536e-05,2.9766536e-05
3.4472003e-05,3.4472003e-05,3.4472003e-05,3.4472003e-05,3.4472003e-05,0.8483408,3.4472003e-05,3.4472003e-05,3.4472003e-05,3.4472003e-05,3.4472003e-05,3.4472003e-05,3.4472003e-05,3.4472003e-05,3.4472003e-05,3.4472003e-05,3.4472003e-05,3.4472003e-05,3.4472003e-05,3.4472003e-05,3.4472003e-05,3.4472003e-05,3.4472003e-05,3.4472003e-05,3.4472003e-05,3.4472003e-05,3.4472003e-05,3.4472003e-05,3.4472003e-05,3.4472003e-05,3.4472003e-05,3.4472003e-05,3.4472003e-05,3.4472003e-05,3.4472003e-05,3.4472003e-05,0.038362075,3.4472003e-05,3.4472003e-05,3.4472003e-05,3.4472003e-05,3.4472003e-05,3.4472003e-05,3.4472003e-05,3.4472003e-05,3.4472003e-05,3.4472003e-05,3.4472003e-05,3.4472003e-05,0.11167692
7.300126e-05,7.300126e-05,7.300126e-05,7.300126e-05,7.300126e-05,7.300126e-05,7.300126e-05,7.300126e-05,7.300126e-05,7.300126e-05,0.4051464,7.3089475e-05,0.0008459182,7.300126e-05,7.300126e-05,7.300126e-05,7.300126e-05,7.300126e-05,7.300126e-05,7.300126e-05,7.300126e-05,7.300126e-05,0.59057647,7.300126e-05,7.300126e-05,7.300126e-05,7.300126e-05,7.300126e-05,7.300126e-05,7.300126e-05,7.300126e-05,7.300126e-05,7.300126e-05,7.300126e-05,7.300126e-05,7.300126e-05,7.300126e-05,7.300126e-05,7.300126e-05,7.300126e-05,7.300126e-05,7.300126e-05,7.300126e-05,7.300126e-05,7.300126e-05,7.300126e-05,7.300126e-05,7.300126e-05,7.300126e-05,7.300126e-05
2.9723653e-05,2.9723653e-05,2.9723653e-05,2.9723653e-05,2.9723653e-05,2.9723653e-05,2.9723653e-05,2.9723653e-05,2.9723653e-05,2.9723653e-05,2.9723653e-05,2.9723653e-05,2.9723653e-05,2.9723653e-05,2.9723653e-05,2.9723653e-05,2.9723653e-05,2.9723653e-05,2.9723653e-05,2.9723653e-05,2.9723653e-05,2.9723653e-05,2.9723653e-05,2.9723653e-05,2.9723653e-05,2.9723653e-05,2.9723653e-05,2.9723653e-05,2.9723653e-05,2.9723653e-05,2.9723653e-05,2.9723653e-05,2.9723653e-05,2.9723653e-05,2.9723653e-05,2.9723653e-05,2.9723653e-05,0.9743513,2.9723653e-05,2.9723653e-05,2.9723653e-05,2.9723653e-05,2.9723653e-05,2.9723653e-05,2.9723653e-05,2.9723653e-05,2.9723653e-05,0.024221942,2.9723653e-05,2.9723653e-05
5.6662342e-05,5.6662342e-05,5.6662342e-05,5.6662342e-05,5.6662342e-05,5.6662342e-05,5.6662342e-05,5.6662342e-05,5.6662342e-05,5.6662342e-05,0.027311,5.6662342e-05,5.6662342e-05,5.6662342e-05,5.6662342e-05,5.6662342e-05,5.6662342e-05,5.6662342e-05,5.6662342e-05,5.6662342e-05,5.6662342e-05,5.6662342e-05,5.6662342e-05,5.6662342e-05,5.6662342e-05,5.6662342e-05,5.6662342e-05,5.6662342e-05,5.6662342e-05,5.6662342e-05,5.6662342e-05,5.6662342e-05,5.6662342e-05,0.9699692,5.6662342e-05,5.6662342e-05,5.6662342e-05,5.6662342e-05,5.6662342e-05,5.6662342e-05,5.6662342e-05,5.6662342e-05,5.6662342e-05,5.6662342e-05,5.6662342e-05,5.6662342e-05,5.6662342e-05,5.6662342e-05,5.6662342e-05,5.6662342e-05
6.712346e-05,6.712346e-05,6.712346e-05,6.712346e-05,6.712346e-05,0.023368208,6.712346e-05,6.712346e-05,6.712346e-05,6.712346e-05,0.54436094,0.0791508,0.043089416,6.712346e-05,6.712346e-05,6.712346e-05,6.712346e-05,6.712346e-05,6.712346e-05,6.712346e-05,6.712346e-05,6.712346e-05,0.3070101,6.712346e-05,6.712346e-05,6.712346e-05,6.712346e-05,6.712346e-05,6.712346e-05,6.712346e-05,6.712346e-05,6.712346e-05,6.712346e-05,6.712346e-05,6.712346e-05,6.712346e-05,6.712346e-05,6.712346e-05,6.712346e-05,6.712346e-05,6.712346e-05,6.712346e-05,6.712346e-05,6.712346e-05,6.712346e-05,6.712346e-05,6.712346e-05,6.712346e-05,6.712346e-05,6.712346e-05
4.0184936e-05,4.0184936e-05,4.0184936e-05,4.0184936e-05,4.0184936e-05,0.831442,4.0184936e-05,4.0184936e-05,4.0184936e-05,4.0184936e-05,4.0184936e-05,4.0184936e-05,4.0184936e-05,4.0184936e-05,4.0184936e-05,4.0184936e-05,4.0184936e-05,4.0184936e-05,4.0184936e-05,4.0184936e-05,4.0184936e-05,4.0184936e-05,4.0184936e-05,4.0184936e-05,4.0184936e-05,4.0184936e-05,4.0184936e-05,4.0184936e-05,4.0184936e-05,4.0184936e-05,4.0184936e-05,4.0184936e-05,4.0184936e-05,4.0184936e-05,4.0184936e-05,4.0184936e-05,0.16662914,4.0184936e-05,4.0184936e-05,4.0184936e-05,4.0184936e-05,4.0184936e-05,4.0184936e-05,4.0184936e-05,4.0184936e-05,4.0184936e-05,4.0184936e-05,4.0184936e-05,4.0184936e-05,4.0184936e-05
7.354635e-05,7.354635e-05,7.354635e-05,7.354635e-05,7.354635e-05,0.32900676,7.354635e-05,7.354635e-05,7.354635e-05,7.354635e-05,0.40620348,0.26133305,7.354635e-05,7.354635e-05,7.354635e-05,7.354635e-05,7.354635e-05,7.354635e-05,7.354635e-05,7.354635e-05,7.354635e-05,7.354635e-05,7.354635e-05,7.354635e-05,7.354635e-05,7.354635e-05,7.354635e-05,7.354635e-05,7.354635e-05,7.354635e-05,7.354635e-05,7.354635e-05,7.354635e-05,7.354635e-05,7.354635e-05,7.354635e-05,7.354635e-05,7.354635e-05,7.354635e-05,7.354635e-05,7.354635e-05,7.354635e-05,7.354635e-05,7.354635e-05,7.354635e-05,7.354635e-05,7.354635e-05,7.354635e-05,7.354635e-05,7.354635e-05
1.7361059e-05,1.7361059e-05,1.7361059e-05,1.7361059e-05,1.7361059e-05,1.7361059e-05,2.7650325e-05,1.7361059e-05,1.7361059e-05,1.7361059e-05,1.7361059e-05,1.7361059e-05,1.7361059e-05,1.7361059e-05,1.7361059e-05,1.7361059e-05,1.7361059e-05,1.7361059e-05,1.7361059e-05,1.7361059e-05,1.7361059e-05,1.7361059e-05,1.7361059e-05,1.7361059e-05,1.7361059e-05,1.7361059e-05,1.7361059e-05,1.7361059e-05,1.7361059e-05,1.7361059e-05,1.7361059e-05,1.7361059e-05,1.7361059e-05,1.7361059e-05,1.7361059e-05,1.7361059e-05,1.7361059e-05,1.7361059e-05,1.7361059e-05,1.7361059e-05,1.7361059e-05,1.7361059e-05,1.7361059e-05,1.7361059e-05,1.7361059e-05,1.7361059e-05,1.7361059e-05,1.7361059e-05,1.7361059e-05,0.9991391
3.367333e-05,0.095626704,3.367333e-05,3.367333e-05,3.367333e-05,3.367333e-05,3.367333e-05,3.367333e-05,3.367333e-05,3.367333e-05,0.06916952,3.367333e-05,3.367333e-05,3.367333e-05,3.367333e-05,3.367333e-05,3.367333e-05,3.367333e-05,3.367333e-05,3.367333e-05,3.367333e-05,3.367333e-05,3.367333e-05,3.367333e-05,0.00021347815,0.00493844,3.367333e-05,3.367333e-05,3.367333e-05,3.367333e-05,3.367333e-05,3.367333e-05,3.367333e-05,0.0121757705,3.367333e-05,3.367333e-05,0.17656131,0.4559815,3.367333e-05,3.367333e-05,3.367333e-05,3.367333e-05,3.367333e-05,3.367333e-05,0.18391904,3.367333e-05,3.367333e-05,3.367333e-05,3.367333e-05,3.367333e-05
7.1438306e-05,7.1438306e-05,7.1438306e-05,7.1438306e-05,7.1438306e-05,0.00791088,7.1438306e-05,7.1438306e-05,7.1438306e-05,7.1438306e-05,0.7480702,0.24066131,7.1438306e-05,7.1438306e-05,7.1438306e-05,7.1438306e-05,7.1438306e-05,7.1438306e-05,7.1438306e-05,7.1438306e-05,7.1438306e-05,7.1438306e-05,7.1438306e-05,7.1438306e-05,7.1438306e-05,7.1438306e-05,7.1438306e-05,7.1438306e-05,7.1438306e-05,7.1438306e-05,7.1438306e-05,7.1438306e-05,7.1438306e-05,7.1438306e-05,7.1438306e-05,7.1438306e-05,7.1438306e-05,7.1438306e-05,7.1438306e-05,7.1438306e-05,7.1438306e-05,7.1438306e-05,7.1438306e-05,7.1438306e-05,7.1438306e-05,7.1438306e-05,7.1438306e-05,7.1438306e-05,7.1438306e-05,7.1438306e-05
5.586984e-05,5.586984e-05,5.586984e-05,5.586984e-05,5.586984e-05,0.0056342883,5.586984e-05,5.586984e-05,5.586984e-05,5.586984e-05,0.07548058,5.586984e-05,5.586984e-05,5.586984e-05,5.586984e-05,5.586984e-05,5.586984e-05,5.586984e-05,5.586984e-05,5.586984e-05,5.586984e-05,5.586984e-05,0.9162593,5.586984e-05,5.586984e-05,5.586984e-05,5.586984e-05,5.586984e-05,5.586984e-05,5.586984e-05,5.586984e-05,5.586984e-05,5.586984e-05,5.586984e-05,5.586984e-05,5.586984e-05,5.586984e-05,5.586984e-05,5.586984e-05,5.586984e-05,5.586984e-05,5.586984e-05,5.586984e-05,5.586984e-05,5.586984e-05,5.586984e-05,5.586984e-05,5.586984e-05,5.586984e-05,5.586984e-05
6.970214e-05,6.970214e-05,6.970214e-05,6.970214e-05,6.970214e-05,6.970214e-05,6.970214e-05,6.970214e-05,6.970214e-05,6.970214e-05,0.6839673,6.970214e-05,0.11358191,6.970214e-05,6.970214e-05,6.970214e-05,6.970214e-05,6.970214e-05,6.970214e-05,6.970214e-05,6.970214e-05,6.970214e-05,0.124554336,6.970214e-05,0.04577253,6.970214e-05,6.970214e-05,6.970214e-05,6.970214e-05,6.970214e-05,6.970214e-05,6.970214e-05,6.970214e-05,0.028987337,6.970214e-05,6.970214e-05,6.970214e-05,6.970214e-05,6.970214e-05,6.970214e-05,6.970214e-05,6.970214e-05,6.970214e-05,6.970214e-05,6.970214e-05,6.970214e-05,6.970214e-05,6.970214e-05,6.970214e-05,6.970214e-05
4.3811306e-05,4.3811306e-05,4.3811306e-05,4.3811306e-05,4.3811306e-05,0.9377781,4.3811306e-05,4.3811306e-05,4.3811306e-05,4.3811306e-05,4.3811306e-05,4.3811306e-05,4.3811306e-05,4.3811306e-05,4.3811306e-05,4.3811306e-05,4.3811306e-05,4.3811306e-05,4.3811306e-05,4.3811306e-05,4.3811306e-05,4.3811306e-05,4.3811306e-05,4.3811306e-05,4.3811306e-05,4.3811306e-05,4.3811306e-05,4.3811306e-05,4.3811306e-05,4.3811306e-05,4.3811306e-05,4.3811306e-05,4.3811306e-05,0.017295366,4.3811306e-05,4.3811306e-05,0.042867385,4.3811306e-05,4.3811306e-05,4.3811306e-05,4.3811306e-05,4.3811306e-05,4.3811306e-05,4.3811306e-05,4.3811306e-05,4.3811306e-05,4.3811306e-05,4.3811306e-05,4.3811306e-05,4.3811306e-05
9.480107e-06,9.480107e-06,0.7598247,9.480107e-06,9.480107e-06,9.480107e-06,9.480107e-06,9.480107e-06,9.480107e-06,9.480107e-06,9.480107e-06,9.480107e-06,9.480107e-06,9.480107e-06,9.480107e-06,9.480107e-06,9.480107e-06,9.480107e-06,9.480107e-06,9.480107e-06,9.480107e-06,9.480107e-06,9.480107e-06,9.480107e-06,9.480107e-06,9.480107e-06,9.480107e-06,9.480107e-06,9.480107e-06,9.480107e-06,9.480107e-06,9.480107e-06,0.17128074,9.480107e-06,9.480107e-06,9.480107e-06,9.480107e-06,0.0005339667,9.480107e-06,9.480107e-06,9.480107e-06,9.480107e-06,9.480107e-06,9.480107e-06,9.480107e-06,9.480107e-06,9.480107e-06,0.067924574,9.480107e-06,9.480107e-06
2.5133315e-05,2.5133315e-05,0.11025916,2.5133315e-05,2.5133315e-05,2.5133315e-05,2.5133315e-05,2.5133315e-05,2.5133315e-05,2.5133315e-05,2.5133315e-05,2.5133315e-05,2.5133315e-05,2.5133315e-05,2.5133315e-05,2.5133315e-05,2.5133315e-05,2.5133315e-05,2.5133315e-05,2.5133315e-05,2.5133315e-05,2.5133315e-05,2.5133315e-05,2.5133315e-05,2.5133315e-05,0.12913752,2.5133315e-05,2.5133315e-05,2.5133315e-05,2.5133315e-05,2.5133315e-05,2.5133315e-05,2.5133315e-05,2.5133315e-05,2.5133315e-05,2.5133315e-05,2.5133315e-05,2.5133315e-05,2.5133315e-05,2.5133315e-05,2.5133315e-05,2.5133315e-05,2.5133315e-05,2.5133315e-05,0.75942206,2.5133315e-05,2.5133315e-05,2.5133315e-05,2.5133315e-05,2.5133315e-05
3.4137873e-05,3.4137873e-05,3.4137873e-05,3.4137873e-05,3.4137873e-05,3.4137873e-05,3.4137873e-05,3.4137873e-05,3.4137873e-05,3.4137873e-05,3.4137873e-05,3.4137873e-05,3.4137873e-05,3.4137873e-05,3.4137873e-05,3.4137873e-05,3.4137873e-05,3.4137873e-05,3.4137873e-05,3.4137873e-05,3.4137873e-05,3.4137873e-05,3.4137873e-05,3.4137873e-05,3.4137873e-05,3.4137873e-05,3.4137873e-05,3.4137873e-05,3.4137873e-05,3.4137873e-05,3.4137873e-05,3.4137873e-05,3.4137873e-05,3.4137873e-05,3.4137873e-05,3.4137873e-05,0.95616627,3.4137873e-05,3.4137873e-05,3.4137873e-05,3.4137873e-05,3.4137873e-05,3.4137873e-05,3.4137873e-05,3.4137873e-05,3.4137873e-05,0.042195123,3.4137873e-05,3.4137873e-05,3.4137873e-05
2.0040097e-05,2.0040097e-05,2.0040097e-05,2.0040097e-05,2.0040097e-05,2.0040097e-05,2.0040097e-05,2.0040097e-05,2.0040097e-05,2.0040097e-05,2.0040097e-05,2.0040097e-05,0.021230234,2.0040097e-05,2.0040097e-05,2.0040097e-05,2.0040097e-05,2.0040097e-05,2.0040097e-05,2.0040097e-05,2.0040097e-05,2.0040097e-05,0.002294712,2.0040097e-05,0.37350494,2.0040097e-05,2.0040097e-05,2.0040097e-05,2.0040097e-05,2.0040097e-05,2.0040097e-05,2.0040097e-05,0.55098313,2.0040097e-05,2.0040097e-05,2.0040097e-05,2.0040097e-05,2.0040097e-05,2.0040097e-05,2.0040097e-05,2.0040097e-05,2.0040097e-05,2.0040097e-05,2.0040097e-05,0.05108513,2.0040097e-05,2.0040097e-05,2.0040097e-05,2.0040097e-05,2.0040097e-05
5.666575e-05,5.666575e-05,5.666575e-05,5.666575e-05,5.666575e-05,0.041947637,5.666575e-05,5.666575e-05,5.666575e-05,5.666575e-05,0.39146805,0.0067979395,5.666575e-05,5.666575e-05,5.666575e-05,5.666575e-05,5.666575e-05,5.666575e-05,5.666575e-05,5.666575e-05,5.666575e-05,5.666575e-05,5.666575e-05,5.666575e-05,5.666575e-05,5.666575e-05,5.666575e-05,5.666575e-05,5.666575e-05,5.666575e-05,0.55717975,5.666575e-05,5.666575e-05,5.666575e-05,5.666575e-05,5.666575e-05,5.666575e-05,5.666575e-05,5.666575e-05,5.666575e-05,5.666575e-05,5.666575e-05,5.666575e-05,5.666575e-05,5.666575e-05,5.666575e-05,5.666575e-05,5.666575e-05,5.666575e-05,5.666575e-05
2.3293955e-05,2.3293955e-05,2.3293955e-05,2.3293955e-05,2.3293955e-05,2.3293955e-05,2.3293955e-05,2.3293955e-05,2.3293955e-05,2.3293955e-05,2.3293955e-05,2.3293955e-05,2.3293955e-05,2.3293955e-05,2.3293955e-05,2.3293955e-05,2.3293955e-05,2.3293955e-05,0.03064756,2.3293955e-05,2.3293955e-05,2.3293955e-05,0.7476911,2.3293955e-05,2.3293955e-05,2.3293955e-05,0.2205665,2.3293955e-05,2.3293955e-05,2.3293955e-05,2.3293955e-05,2.3293955e-05,2.3293955e-05,2.3293955e-05,2.3293955e-05,2.3293955e-05,2.3293955e-05,2.3293955e-05,2.3293955e-05,2.3293955e-05,2.3293955e-05,2.3293955e-05,2.3293955e-05,2.3293955e-05,2.3293955e-05,2.3293955e-05,2.3293955e-05,2.3293955e-05,2.3293955e-05,2.3293955e-05
6.0443588e-05,6.0443588e-05,6.0443588e-05,6.0443588e-05,6.0443588e-05,0.99703825,6.0443588e-05,6.0443588e-05,6.0443588e-05,6.0443588e-05,6.0443588e-05,6.0443588e-05,6.0443588e-05,6.0443588e-05,6.0443588e-05,6.0443588e-05,6.0443588e-05,6.0443588e-05,6.0443588e-05,6.0443588e-05,6.0443588e-05,6.0443588e-05,6.0443588e-05,6.0443588e-05,6.0443588e-05,6.0443588e-05,6.0443588e-05,6.0443588e-05,6.0443588e-05,6.0443588e-05,6.0443588e-05,6.0443588e-05,6.0443588e-05,6.0443588e-05,6.0443588e-05,6.0443588e-05,6.0443588e-05,6.0443588e-05,6.0443588e-05,6.0443588e-05,6.0443588e-05,6.0443588e-05,6.0443588e-05,6.0443588e-05,6.0443588e-05,6.0443588e-05,6.0443588e-05,6.0443588e-05,6.0443588e-05,6.0443588e-05
7.220574e-05,7.220574e-05,7.220574e-05,7.220574e-05,7.220574e-05,0.105628446,7.220574e-05,7.220574e-05,7.220574e-05,7.220574e-05,0.8909057,7.220574e-05,7.220574e-05,7.220574e-05,7.220574e-05,7.220574e-05,7.220574e-05,7.220574e-05,7.220574e-05,7.220574e-05,7.220574e-05,7.220574e-05,7.220574e-05,7.220574e-05,7.220574e-05,7.220574e-05,7.220574e-05,7.220574e-05,7.220574e-05,7.220574e-05,7.220574e-05,7.220574e-05,7.220574e-05,7.220574e-05,7.220574e-05,7.220574e-05,7.220574e-05,7.220574e-05,7.220574e-05,7.220574e-05,7.220574e-05,7.220574e-05,7.220574e-05,7.220574e-05,7.220574e-05,7.220574e-05,7.220574e-05,7.220574e-05,7.220574e-05,7.220574e-05
6.8032445e-05,6.8032445e-05,6.8032445e-05,6.8032445e-05,6.8032445e-05,0.23029049,6.8032445e-05,6.8032445e-05,6.8032445e-05,6.8032445e-05,0.7664439,6.8032445e-05,6.8032445e-05,6.8032445e-05,6.8032445e-05,6.8032445e-05,6.8032445e-05,6.8032445e-05,6.8032445e-05,6.8032445e-05,6.8032445e-05,6.8032445e-05,6.8032445e-05,6.8032445e-05,6.8032445e-05,6.8032445e-05,6.8032445e-05,6.8032445e-05,6.8032445e-05,6.8032445e-05,6.8032445e-05,6.8032445e-05,6.8032445e-05,6.8032445e-05,6.8032445e-05,6.8032445e-05,6.8032445e-05,6.8032445e-05,6.8032445e-05,6.8032445e-05,6.8032445e-05,6.8032445e-05,6.8032445e-05,6.8032445e-05,6.8032445e-05,6.8032445e-05,6.8032445e-05,6.8032445e-05,6.8032445e-05,6.8032445e-05
4.454837e-05,0.028059145,4.454837e-05,4.454837e-05,4.454837e-05,4.454837e-05,4.454837e-05,4.454837e-05,4.454837e-05,4.454837e-05,4.454837e-05,4.454837e-05,4.454837e-05,4.454837e-05,4.454837e-05,4.454837e-05,4.454837e-05,4.454837e-05,4.454837e-05,4.454837e-05,4.454837e-05,4.454837e-05,0.17197897,4.454837e-05,4.454837e-05,4.454837e-05,4.454837e-05,4.454837e-05,4.454837e-05,4.454837e-05,4.454837e-05,4.454837e-05,4.454837e-05,0.48561454,4.454837e-05,4.454837e-05,4.454837e-05,4.454837e-05,4.454837e-05,4.454837e-05,4.454837e-05,4.454837e-05,4.454837e-05,4.454837e-05,4.454837e-05,4.454837e-05,4.454837e-05,4.454837e-05,0.31229812,4.454837e-05
2.7874576e-05,2.7874576e-05,2.7874576e-05,2.7874576e-05,2.7874576e-05,2.7874576e-05,2.7874576e-05,2.7874576e-05,2.7874576e-05,2.7874576e-05,2.7874576e-05,2.7874576e-05,2.7874576e-05,2.7874576e-05,2.7874576e-05,2.7874576e-05,2.7874576e-05,2.7874576e-05,2.7874576e-05,2.7874576e-05,2.7874576e-05,2.7874576e-05,2.7874576e-05,2.7874576e-05,2.7874576e-05,0.54945767,2.7874576e-05,2.7874576e-05,2.7874576e-05,2.7874576e-05,2.7874576e-05,2.7874576e-05,2.7874576e-05,2.7874576e-05,2.7874576e-05,2.7874576e-05,0.33974457,2.7874576e-05,2.7874576e-05,2.7874576e-05,2.7874576e-05,2.7874576e-05,2.7874576e-05,2.7874576e-05,2.7874576e-05,2.7874576e-05,0.10948765,2.7874576e-05,2.7874576e-05,2.7874576e-05
5.1159393e-05,5.1159393e-05,5.1159393e-05,5.1159393e-05,5.1159393e-05,0.2983508,5.1159393e-05,5.1159393e-05,5.1159393e-05,5.1159393e-05,5.1159393e-05,0.0043393504,5.1159393e-05,5.1159393e-05,5.1159393e-05,5.1159393e-05,5.1159393e-05,5.1159393e-05,5.1159393e-05,5.1159393e-05,5.1159393e-05,5.1159393e-05,5.1159393e-05,5.1159393e-05,5.1159393e-05,5.1159393e-05,0.69490534,5.1159393e-05,5.1159393e-05,5.1159393e-05,5.1159393e-05,5.1159393e-05,5.1159393e-05,5.1159393e-05,5.1159393e-05,5.1159393e-05,5.1159393e-05,5.1159393e-05,5.1159393e-05,5.1159393e-05,5.1159393e-05,5.1159393e-05,5.1159393e-05,5.1159393e-05,5.1159393e-05,5.1159393e-05,5.1159393e-05,5.1159393e-05,5.1159393e-05,5.1159393e-05
6.156507e-05,6.156507e-05,6.156507e-05,6.156507e-05,6.156507e-05,6.156507e-05,6.156507e-05,6.156507e-05,0.018231198,6.156507e-05,6.156507e-05,0.0015545808,6.156507e-05,6.156507e-05,6.156507e-05,6.156507e-05,6.156507e-05,6.156507e-05,6.156507e-05,6.156507e-05,6.156507e-05,6.156507e-05,0.3479496,6.156507e-05,6.156507e-05,6.156507e-05,6.156507e-05,6.156507e-05,6.156507e-05,6.156507e-05,6.156507e-05,6.156507e-05,6.156507e-05,0.6294326,6.156507e-05,6.156507e-05,6.156507e-05,6.156507e-05,6.156507e-05,6.156507e-05,6.156507e-05,6.156507e-05,6.156507e-05,6.156507e-05,6.156507e-05,6.156507e-05,6.156507e-05,6.156507e-05,6.156507e-05,6.156507e-05
4.4660235e-05,4.4660235e-05,4.4660235e-05,4.4660235e-05,4.4660235e-05,4.4660235e-05,4.4660235e-05,4.4660235e-05,4.4660235e-05,4.4660235e-05,0.03294805,4.4660235e-05,4.4660235e-05,4.4660235e-05,4.4660235e-05,4.4660235e-05,4.4660235e-05,4.4660235e-05,4.4660235e-05,4.4660235e-05,4.4660235e-05,4.4660235e-05,4.4660235e-05,4.4660235e-05,4.4660235e-05,4.4660235e-05,4.4660235e-05,4.4980025e-05,4.4660235e-05,4.4660235e-05,4.4660235e-05,4.4660235e-05,4.4660235e-05,4.4660235e-05,4.4660235e-05,4.4660235e-05,4.4660235e-05,4.4660235e-05,4.4660235e-05,4.4660235e-05,4.4660235e-05,4.4660235e-05,4.4660235e-05,4.4660235e-05,4.4660235e-05,0.96490794,4.4660235e-05,4.4660235e-05,4.4660235e-05,4.4660235e-05
7.8753976e-05,7.8753976e-05,7.8753976e-05,7.8753976e-05,7.8753976e-05,0.45602524,7.8753976e-05,7.8753976e-05,7.8753976e-05,7.8753976e-05,0.49520048,0.04507283,7.8753976e-05,7.8753976e-05,7.8753976e-05,7.8753976e-05,7.8753976e-05,7.8753976e-05,7.8753976e-05,7.8753976e-05,7.8753976e-05,7.8753976e-05,7.8753976e-05,7.8753976e-05,7.8753976e-05,7.8753976e-05,7.8753976e-05,7.8753976e-05,7.8753976e-05,7.8753976e-05,7.8753976e-05,7.8753976e-05,7.8753976e-05,7.8753976e-05,7.8753976e-05,7.8753976e-05,7.8753976e-05,7.8753976e-05,7.8753976e-05,7.8753976e-05,7.8753976e-05,7.8753976e-05,7.8753976e-05,7.8753976e-05,7.8753976e-05,7.8753976e-05,7.8753976e-05,7.8753976e-05,7.8753976e-05,7.8753976e-05
5.7809488e-05,5.7809488e-05,5.7809488e-05,5.7809488e-05,5.7809488e-05,0.9550607,5.7809488e-05,5.7809488e-05,5.7809488e-05,5.7809488e-05,0.042164393,5.7809488e-05,5.7809488e-05,5.7809488e-05,5.7809488e-05,5.7809488e-05,5.7809488e-05,5.7809488e-05,5.7809488e-05,5.7809488e-05,5.7809488e-05,5.7809488e-05,5.7809488e-05,5.7809488e-05,5.7809488e-05,5.7809488e-05,5.7809488e-05,5.7809488e-05,5.7809488e-05,5.7809488e-05,5.7809488e-05,5.7809488e-05,5.7809488e-05,5.7809488e-05,5.7809488e-05,5.7809488e-05,5.7809488e-05,5.7809488e-05,5.7809488e-05,5.7809488e-05,5.7809488e-05,5.7809488e-05,5.7809488e-05,5.7809488e-05,5.7809488e-05,5.7809488e-05,5.7809488e-05,5.7809488e-05,5.7809488e-05,5.7809488e-05
4.0408366e-05,4.0408366e-05,4.0408366e-05,4.0408366e-05,4.0408366e-05,4.0408366e-05,4.0408366e-05,4.0408366e-05,4.0408366e-05,0.057301376,4.0408366e-05,0.94075906,4.0408366e-05,4.0408366e-05,4.0408366e-05,4.0408366e-05,4.0408366e-05,4.0408366e-05,4.0408366e-05,4.0408366e-05,4.0408366e-05,4.0408366e-05,4.0408366e-05,4.0408366e-05,4.0408366e-05,4.0408366e-05,4.0408366e-05,4.0408366e-05,4.0408366e-05,4.0408366e-05,4.0408366e-05,4.0408366e-05,4.0408366e-05,4.0408366e-05,4.0408366e-05,4.0408366e-05,4.0408366e-05,4.0408366e-05,4.0408366e-05,4.0408366e-05,4.0408366e-05,4.0408366e-05,4.0408366e-05,4.0408366e-05,4.0408366e-05,4.0408366e-05,4.0408366e-05,4.0408366e-05,4.0408366e-05,4.0408366e-05
5.781776e-05,5.781776e-05,5.781776e-05,5.781776e-05,5.781776e-05,0.6939898,5.781776e-05,5.781776e-05,5.781776e-05,5.781776e-05,0.30323493,5.781776e-05,5.781776e-05,5.781776e-05,5.781776e-05,5.781776e-05,5.781776e-05,5.781776e-05,5.781776e-05,5.781776e-05,5.781776e-05,5.781776e-05,5.781776e-05,5.781776e-05,5.781776e-05,5.781776e-05,5.781776e-05,5.781776e-05,5.781776e-05,5.781776e-05,5.781776e-05,5.781776e-05,5.781776e-05,5.781776e-05,5.781776e-05,5.781776e-05,5.781776e-05,5.781776e-05,5.781776e-05,5.781776e-05,5.781776e-05,5.781776e-05,5.781776e-05,5.781776e-05,5.781776e-05,5.781776e-05,5.781776e-05,5.781776e-05,5.781776e-05,5.781776e-05
3.8686387e-05,3.8686387e-05,3.8686387e-05,3.8686387e-05,3.8686387e-05,3.8686387e-05,3.8686387e-05,3.8686387e-05,3.8686387e-05,3.8686387e-05,3.8686387e-05,3.8686387e-05,3.8686387e-05,3.8686387e-05,3.8686387e-05,3.8686387e-05,3.8686387e-05,3.8686387e-05,3.8686387e-05,3.8686387e-05,3.8686387e-05,3.8686387e-05,0.18137035,3.8686387e-05,0.8167727,3.8686387e-05,3.8686387e-05,3.8686387e-05,3.8686387e-05,3.8686387e-05,3.8686387e-05,3.8686387e-05,3.8686387e-05,3.8686387e-05,3.8686387e-05,3.8686387e-05,3.8686387e-05,3.8686387e-05,3.8686387e-05,3.8686387e-05,3.8686387e-05,3.8686387e-05,3.8686387e-05,3.8686387e-05,3.8686387e-05,3.8686387e-05,3.8686387e-05,3.8686387e-05,3.8686387e-05,3.8686387e-05
5.5869557e-05,5.5869557e-05,5.5869557e-05,5.5869557e-05,5.5869557e-05,0.18852338,5.5869557e-05,5.5869557e-05,5.5869557e-05,5.5869557e-05,0.43045014,5.5869557e-05,5.5869557e-05,5.5869557e-05,5.5869557e-05,5.5869557e-05,5.5869557e-05,5.5869557e-05,5.5869557e-05,5.5869557e-05,5.5869557e-05,5.5869557e-05,0.2634577,5.5869557e-05,0.11499881,5.5869557e-05,5.5869557e-05,5.5869557e-05,5.5869557e-05,5.5869557e-05,5.5869557e-05,5.5869557e-05,5.5869557e-05,5.5869557e-05,5.5869557e-05,5.5869557e-05,5.5869557e-05,5.5869557e-05,5.5869557e-05,5.5869557e-05,5.5869557e-05,5.5869557e-05,5.5869557e-05,5.5869557e-05,5.5869557e-05,5.5869557e-05,5.5869557e-05,5.5869557e-05,5.5869557e-05,5.5869557e-05
7.702952e-05,7.702952e-05,7.702952e-05,7.702952e-05,7.702952e-05,0.24465983,7.702952e-05,7.702952e-05,7.702952e-05,7.702952e-05,0.5346332,7.702952e-05,0.19166803,7.702952e-05,7.702952e-05,7.702952e-05,7.702952e-05,7.702952e-05,7.702952e-05,7.702952e-05,7.702952e-05,7.702952e-05,0.025495566,7.702952e-05,7.702952e-05,7.702952e-05,7.702952e-05,7.702952e-05,7.702952e-05,7.702952e-05,7.702952e-05,7.702952e-05,7.702952e-05,7.702952e-05,7.702952e-05,7.702952e-05,7.702952e-05,7.702952e-05,7.702952e-05,7.702952e-05,7.702952e-05,7.702952e-05,7.702952e-05,7.702952e-05,7.702952e-05,7.702952e-05,7.702952e-05,7.702952e-05,7.702952e-05,7.702952e-05
1.4094762e-05,1.4094762e-05,1.4094762e-05,1.4094762e-05,1.4094762e-05,0.0062330756,1.4094762e-05,1.4094762e-05,1.4094762e-05,1.4094762e-05,1.4094762e-05,1.4094762e-05,0.08672858,1.4094762e-05,1.4094762e-05,1.4094762e-05,1.4094762e-05,1.4094762e-05,1.4094762e-05,0.042781822,1.4094762e-05,1.4094762e-05,0.13028514,1.4094762e-05,0.027003607,1.4094762e-05,1.4094762e-05,1.4094762e-05,1.4094762e-05,1.4094762e-05,1.4094762e-05,1.4094762e-05,1.4094762e-05,1.4094762e-05,1.4094762e-05,1.4094762e-05,0.03305283,1.4094762e-05,1.4094762e-05,1.4094762e-05,0.6733089,1.4094762e-05,1.4094762e-05,1.4094762e-05,1.4094762e-05,1.4094762e-05,1.4094762e-05,1.4094762e-05,1.4094762e-05,1.4094762e-05
7.069473e-05,7.069473e-05,7.069473e-05,7.069473e-05,7.069473e-05,7.069473e-05,7.069473e-05,7.069473e-05,7.069473e-05,7.069473e-05,0.14389515,0.7778532,7.069473e-05,7.069473e-05,7.069473e-05,7.069473e-05,7.069473e-05,7.069473e-05,7.069473e-05,7.069473e-05,7.069473e-05,7.069473e-05,0.074929036,7.069473e-05,7.069473e-05,7.069473e-05,7.069473e-05,7.069473e-05,7.069473e-05,7.069473e-05,7.069473e-05,7.069473e-05,7.069473e-05,7.069473e-05,7.069473e-05,7.069473e-05,7.069473e-05,7.069473e-05,7.069473e-05,7.069473e-05,7.069473e-05,7.069473e-05,7.069473e-05,7.069473e-05,7.069473e-05,7.069473e-05,7.069473e-05,7.069473e-05,7.069473e-05,7.069473e-05
5.7151283e-05,5.7151283e-05,5.7151283e-05,5.7151283e-05,5.7151283e-05,0.99719954,5.7151283e-05,5.7151283e-05,5.7151283e-05,5.7151283e-05,5.7151283e-05,5.7151283e-05,5.7151283e-05,5.7151283e-05,5.7151283e-05,5.7151283e-05,5.7151283e-05,5.7151283e-05,5.7151283e-05,5.7151283e-05,5.7151283e-05,5.7151283e-05,5.7151283e-05,5.7151283e-05,5.7151283e-05,5.7151283e-05,5.7151283e-05,5.7151283e-05,5.7151283e-05,5.7151283e-05,5.7151283e-05,5.7151283e-05,5.7151283e-05,5.7151283e-05,5.7151283e-05,5.7151283e-05,5.7151283e-05,5.7151283e-05,5.7151283e-05,5.7151283e-05,5.7151283e-05,5.7151283e-05,5.7151283e-05,5.7151283e-05,5.7151283e-05,5.7151283e-05,5.7151283e-05,5.7151283e-05,5.7151283e-05,5.7151283e-05
4.476548e-05,4.476548e-05,4.476548e-05,4.476548e-05,4.476548e-05,4.476548e-05,0.05333125,4.476548e-05,4.476548e-05,4.476548e-05,4.476548e-05,4.476548e-05,4.476548e-05,4.476548e-05,4.476548e-05,4.476548e-05,4.476548e-05,4.476548e-05,4.476548e-05,4.476548e-05,4.476548e-05,4.476548e-05,4.476548e-05,4.476548e-05,4.476548e-05,4.476548e-05,4.476548e-05,4.476548e-05,4.476548e-05,4.476548e-05,4.476548e-05,4.476548e-05,4.476548e-05,4.476548e-05,4.476548e-05,4.476548e-05,4.476548e-05,4.476548e-05,4.476548e-05,0.94452,4.476548e-05,4.476548e-05,4.476548e-05,4.476548e-05,4.476548e-05,4.476548e-05,4.476548e-05,4.476548e-05,4.476548e-05,4.476548e-05
4.9879658e-05,4.9879658e-05,4.9879658e-05,4.9879658e-05,4.9879658e-05,4.9879658e-05,4.9879658e-05,4.9879658e-05,4.9879658e-05,4.9879658e-05,4.9879658e-05,4.9879658e-05,4.9879658e-05,0.15269728,4.9879658e-05,4.9879658e-05,4.9879658e-05,4.9879658e-05,4.9879658e-05,4.9879658e-05,4.9879658e-05,4.9879658e-05,4.9879658e-05,4.9879658e-05,4.9879658e-05,4.9879658e-05,4.9879658e-05,4.9879658e-05,4.9879658e-05,4.9879658e-05,4.9879658e-05,4.9879658e-05,4.9879658e-05,0.8449085,4.9879658e-05,4.9879658e-05,4.9879658e-05,4.9879658e-05,4.9879658e-05,4.9879658e-05,4.9879658e-05,4.9879658e-05,4.9879658e-05,4.9879658e-05,4.9879658e-05,4.9879658e-05,4.9879658e-05,4.9879658e-05,4.9879658e-05,4.9879658e-05
5.2499432e-05,5.2499432e-05,5.2499432e-05,5.2499432e-05,5.2499432e-05,5.2499432e-05,5.2499432e-05,5.2499432e-05,5.2499432e-05,5.2499432e-05,5.2499432e-05,5.2499432e-05,5.2499432e-05,0.90627366,5.2499432e-05,5.2499432e-05,5.2499432e-05,5.2499432e-05,5.2499432e-05,5.2499432e-05,5.2499432e-05,5.2499432e-05,5.2499432e-05,5.2499432e-05,5.2499432e-05,5.2499432e-05,5.2499432e-05,5.2499432e-05,5.2499432e-05,5.2499432e-05,5.2499432e-05,5.2499432e-05,5.2499432e-05,0.091206364,5.2499432e-05,5.2499432e-05,5.2499432e-05,5.2499432e-05,5.2499432e-05,5.2499432e-05,5.2499432e-05,5.2499432e-05,5.2499432e-05,5.2499432e-05,5.2499432e-05,5.2499432e-05,5.2499432e-05,5.2499432e-05,5.2499432e-05,5.2499432e-05
5.1292867e-05,5.1292867e-05,5.1292867e-05,5.1292867e-05,5.1292867e-05,0.47835782,5.1292867e-05,5.1292867e-05,5.1292867e-05,5.1292867e-05,0.13387042,0.18256511,5.1292867e-05,5.1292867e-05,5.1292867e-05,5.1292867e-05,5.1292867e-05,5.1292867e-05,5.1292867e-05,5.1292867e-05,5.1292867e-05,5.1292867e-05,5.1292867e-05,5.1292867e-05,5.1292867e-05,5.1292867e-05,0.20284721,5.1292867e-05,5.1292867e-05,5.1292867e-05,5.1292867e-05,5.1292867e-05,5.1292867e-05,5.1292867e-05,5.1292867e-05,5.1292867e-05,5.1292867e-05,5.1292867e-05,5.1292867e-05,5.1292867e-05,5.1292867e-05,5.1292867e-05,5.1292867e-05,5.1292867e-05,5.1292867e-05,5.1292867e-05,5.1292867e-05,5.1292867e-05,5.1292867e-05,5.1292867e-05
