0,763770,1454854,357925,369711,363147,396193,341652,402449,1891546,692751,5513574,5299394,1515209,477665,1734015,268423,5544987,4045793,825923,1752702,348404,423508,375823,2939463,4977153,423698,477138,808415,286274,828825,2356968,10391070,713989,401748,1637424,367245,1181109,452235,870976,335320,404244,296496,2392759,316590,345596,475326,512587,290001,340574,305017,532167,3112225,331228,1097447,3140900,700002,1390886,1037023,295199,273052,2386080,417265,503299,9379981,5555748,507228,370958,407955,2343080,5888129,273000,310781,519762,2020133,316540,367618,395091,554366,392062,846541,300741,4837021,379520,337020,439217,443681,311133,405479,425590,608891,2959579,3479227,1246527,378135,552070,345674,397311,1021430,331526,1997952,4468336,410636,344603,483050,374046
763770,0,1237370,840739,859967,861143,890525,838802,892623,1780682,580415,5273918,5011836,1269739,674565,1478187,776401,5314503,3774799,618123,1559378,710502,914692,867881,2718785,4703699,910132,962712,677615,797284,591419,2195998,10295180,570247,890522,1379744,860561,973703,941669,653240,831480,893116,799132,2179599,815740,860918,962812,651727,785687,839432,801133,617477,2860801,728694,809121,2851620,555632,1130436,768397,746759,755370,2206996,711375,655529,9172621,5439786,650240,866038,900135,2097896,5625969,769088,807741,661850,1711071,813752,863326,888373,626356,901168,597537,751601,4597991,722272,740992,928671,933425,812301,893593,917598,593297,2757693,3249925,1018517,867163,618142,725960,884483,823950,824018,1873044,4190486,898184,830659,971672,722588
1454854,1237370,0,1529773,1546013,1540427,1580327,1525580,1584981,1412716,1291739,4849550,4585798,993217,1390165,1083675,1461013,4912799,3361953,1180107,1218278,1416012,1611758,1529859,2415565,4300173,1604816,1667064,1186905,1472842,1201915,1896128,9875418,1273811,1577760,994732,1538777,1074725,1640443,1188702,1513304,1577848,1481086,1808211,1496346,1542108,1642000,1358027,1474825,1521362,1479149,1336073,2423273,1435412,1098387,2407366,1251756,991112,1132917,1444441,1453626,1890018,1424551,1372321,8850231,5108912,1364242,1544440,1590367,1742664,5236179,1452042,1491375,1374912,1323723,1487256,1541298,1578445,1339666,1594288,1199519,1449133,4213553,1431422,1438842,1627195,1630237,1487157,1586855,1610946,1315869,2476997,2871757,1097099,1557583,1336556,1420308,1575687,1113630,1506582,1633760,3769408,1594330,1506125,1673302,1429290
357925,840739,1529773,0,191842,183430,208458,186909,215840,1930671,751358,5543931,5396689,1619474,546944,1823156,328854,5644392,4150398,898634,1837515,449961,242073,199678,3025072,5066834,214141,288509,874542,288793,936168,2409627,10378925,811182,216947,1724547,180908,1272872,271000,964323,214517,222447,268543,2484200,230585,185199,285417,608276,292840,175455,265988,651132,3205166,427339,1204878,3244915,804127,1497671,1133084,394888,369127,2490641,490738,576344,9448864,5610013,597407,184255,224990,2437145,5995838,326301,277774,600583,2132292,276033,184193,213152,648617,228955,932760,380662,4933416,430615,414945,254684,260502,259774,221212,244991,714324,3048342,3553786,1321730,199614,660547,452565,211700,1109877,273891,2051763,4573905,229291,202286,292749,430693
369711,859967,1546013,191842,0,173414,155486,208857,158796,1930193,808738,5553533,5443009,1643148,601886,1845412,349190,5672684,4173002,929216,1855593,480735,185919,144488,3049806,5118872,182891,235097,899990,316471,959984,2426703,10423491,822692,157549,1736523,157134,1294596,210528,992223,209423,158307,285597,2505594,256373,157423,231601,617834,313408,198085,277776,665684,3228684,453427,1227762,3277347,819437,1520501,1157500,416684,390601,2501625,500984,556206,9461036,5604919,623871,195995,162700,2448203,6026128,360143,294152,615529,2162248,297595,159913,154182,644885,168625,951920,389738,4959178,439727,436127,200978,204266,277866,162044,186489,738370,3076174,3599222,1340032,130330,682737,455995,154778,1129495,292675,2066421,4591453,167019,220780,241799,450567
363147,861143,1540427,183430,173414,0,189276,200103,193038,1927513,798178,5537073,5432539,1630198,589442,1827576,338090,5658588,4163234,916460,1843577,471559,208119,167100,3037560,5110350,211101,256769,883192,305603,947718,2396635,10404733,827528,196729,1727765,156078,1263922,232552,986327,216279,195009,280717,2494606,234863,161017,253207,618144,302352,189885,273502,666970,3219490,443011,1214290,3260679,813135,1513079,1149014,408572,382253,2495999,502842,576684,9461554,5612875,614865,180973,202508,2444501,6013340,345963,289588,599735,2144928,286381,163219,187828,657515,203147,951026,384206,4947924,434503,424769,198082,222928,262796,198988,213395,727644,3061506,3586644,1332766,178880,677655,469091,190630,1117393,284291,2058773,4586159,202741,213730,261417,440923
396193,890525,1580327,208458,155486,189276,0,225855,94396,1943065,826044,5549797,5466247,1664756,618702,1870822,376970,5696214,4197434,947940,1868795,510361,135037,168186,3062690,5141530,129099,183399,885650,340783,962680,2441357,10424257,838362,113995,1760599,185792,1310444,164994,1014979,222419,112363,318895,2533580,273229,171561,182951,649152,332954,222131,312910,700820,3257438,487883,1254606,3300449,843545,1551251,1179410,447838,418263,2517275,522438,590452,9486904,5601321,655151,207265,138844,2480083,6051068,393345,311708,625989,2197830,325131,185807,116558,693801,123899,971404,408068,4978252,451381,454907,148494,155396,291106,117402,138805,770230,3093234,3616090,1362212,158182,713485,507749,129960,1154103,319057,2080005,4616891,124845,245820,188741,465549
341652,838802,1525580,186909,208857,200103,225855,0,227607,1931374,777817,5544506,5413338,1607993,568287,1815041,322685,5639779,4142265,893793,1828876,447058,235550,214193,3011445,5086495,238368,286828,877193,264972,937697,2407364,10393424,806997,229970,1717010,198639,1264073,263025,959374,205240,229636,268028,2476781,221550,201394,283022,598843,287407,159750,261743,645349,3200351,423966,1201891,3240744,794114,1491030,1133917,383401,365248,2473386,481621,571855,9453939,5603426,593358,204452,234863,2420996,5991249,315868,275407,590692,2128447,272184,206248,214003,641466,230784,927293,366255,4925729,417716,408096,254609,253957,251307,232115,244762,708583,3048201,3566769,1321321,216175,651316,453882,225173,1084628,270296,2041866,4572206,237086,204519,292432,430200
402449,892623,1584981,215840,158796,193038,94396,227607,0,1943599,836276,5553949,5471909,1671064,626226,1873780,381198,5700108,4204692,959858,1873035,514131,130805,173694,3063364,5143764,121967,178673,888976,346127,967442,2446069,10426939,842508,109231,1760957,192364,1319476,155736,1021197,220389,120699,322373,2537380,278749,176969,177269,655348,341020,224313,316064,699568,3263874,491659,1261350,3310519,850039,1554801,1185270,449120,423381,2515851,522758,595712,9492786,5604383,656781,215423,146458,2482651,6060826,397461,314824,627993,2202502,325685,190701,119216,696001,115505,979800,407196,4985016,453753,459763,142890,150222,301012,113444,132673,775022,3100528,3621778,1367522,167158,718827,510653,128936,1158811,320803,2083531,4622003,118969,248300,181495,474283
1891546,1780682,1412716,1930671,1930193,1927513,1943065,1931374,1943599,0,1850509,4551684,4396962,1487773,1881391,1370139,1906407,4723969,3192129,1730973,1270496,1892510,1960586,1934229,2282547,4120241,1963244,1999402,1690731,1921662,1772645,1698494,9566116,1813975,1946894,1369332,1921771,1589559,1979505,1754924,1911456,1948850,1917588,1617943,1921210,1923620,1999434,1883655,1915133,1927788,1915913,1858977,2203819,1898970,1648925,2206476,1783920,1499558,1687075,1891165,1897304,1672456,1887679,1854077,8780589,4810390,1885284,1935368,1952011,1570888,5088121,1909172,1923185,1854860,1207473,1932644,1924076,1946935,1874232,1955228,1748835,1867435,4108055,1843416,1882098,1969385,1969693,1894955,1926153,1955778,1872339,2362475,2718361,1603637,1937629,1878640,1885940,1948101,1623330,1919512,1530692,3586384,1955364,1935853,2006318,1862744
692751,580415,1291739,751358,808738,798178,826044,777817,836276,1850509,0,5334573,5033919,1306870,567702,1522530,711990,5348414,3814102,650982,1617325,634723,861557,808042,2743722,4727486,826153,914269,691908,726433,621876,2244561,10317045,529268,836223,1435641,798838,1010794,890314,694337,772201,835717,736937,2226468,748823,800153,910055,569244,725496,778843,741926,539648,2910960,658173,862622,2901779,572971,1173693,805926,681500,696453,2242577,636460,592366,9211824,5508413,567917,805119,844542,2156807,5670684,710089,747502,579677,1794418,748641,802199,828250,548645,853163,635932,679270,4634280,656761,665409,877172,879566,753880,839822,866337,515646,2794898,3265914,1068392,812872,535643,645955,826562,863725,764227,1908361,4235579,847567,776396,919871,650649
5513574,5273918,4849550,5543931,5553533,5537073,5549797,5544506,5553949,4551684,5334573,0,2848494,4900291,5442629,4759931,5521733,2993209,3463819,5222467,4690298,5497058,5586108,5543793,4035839,2979007,5581970,5609076,5178441,5527930,5228799,4220918,7706746,5311503,5577720,4779762,5535955,5038471,5599909,5234406,5532410,5573512,5525816,4356257,5536408,5539928,5606844,5429587,5522229,5541584,5528363,5381785,3999285,5504746,5105571,3983890,5311788,4940840,5135753,5509703,5522068,4365860,5483013,5401473,7483221,3382524,5418370,5551312,5578779,4441454,3366903,5520284,5525141,5398844,4574565,5538838,5543798,5574167,5384360,5582044,5229807,5487287,3038959,5449950,5500712,5585209,5591963,5530955,5575647,5585560,5363015,3938693,3720597,5040563,5552127,5390918,5493420,5574403,5111986,5534506,4899962,3260588,5582476,5556951,5614994,5461794
5299394,5011836,4585798,5396689,5443009,5432539,5466247,5413338,5471909,4396962,5033919,2848494,0,4613025,5154859,4477485,5318753,3085453,3168453,4966989,4439658,5222640,5497912,5442643,3755327,2565789,5470510,5550152,4978373,5337662,4961001,3998150,7914316,5040427,5476842,4536160,5430887,4787713,5527335,4949910,5409314,5475990,5349006,4111141,5378010,5433702,5546546,5161371,5337341,5416120,5358623,5118101,3727131,5253400,4821575,3701884,5026948,4654930,4875473,5283147,5295782,4120772,5229253,5180913,7584241,3532970,5149474,5430792,5479295,4175182,3440537,5310838,5356987,5172234,4299351,5364624,5437068,5468791,5123778,5489628,4959379,5284957,2674971,5260874,5254668,5513407,5516801,5368309,5479891,5499042,5088321,3671545,3455927,4785303,5448803,5112516,5238946,5463333,4848090,5380756,4694410,2929956,5487070,5408177,5551100,5244392
1515209,1269739,993217,1619474,1643148,1630198,1664756,1607993,1671064,1487773,1306870,4900291,4613025,0,1417172,1106794,1528706,4959768,3407022,1232348,1279869,1458143,1667045,1643006,2436692,4350822,1685167,1740039,1234728,1542161,1229942,1993045,9967609,1298752,1670247,1039453,1608864,1051640,1712080,1212223,1601225,1668145,1553955,1850384,1559475,1632875,1736977,1390790,1549002,1602465,1556726,1368906,2476016,1478717,1096698,2439559,1284641,942877,1133046,1502630,1512095,1942685,1462424,1412470,8924400,5189069,1401655,1629833,1673320,1793653,5281116,1523731,1567228,1403167,1374200,1563329,1634233,1644730,1375885,1677721,1215710,1499004,4255586,1482019,1488377,1704448,1682970,1572958,1669804,1692983,1328460,2544256,2921362,1059368,1652018,1366507,1463525,1664804,1114039,1583021,1710845,3807441,1676805,1606588,1745577,1469013
477665,674565,1390165,546944,601886,589442,618702,568287,626226,1881391,567702,5442629,5154859,1417172,0,1628498,499962,5459758,3934960,741492,1694299,418767,649767,604062,2841522,4854156,617453,698939,752978,507841,725924,2316535,10331985,628304,629803,1561133,587758,1103292,674508,765571,560305,626899,513841,2315954,537857,596687,693717,411930,508084,564273,519426,446230,3020244,437971,980272,3024009,620123,1289339,926254,456932,470987,2319647,409302,431112,9296076,5546533,412423,592421,638040,2255311,5761632,487669,531242,416391,1921848,527295,594923,620510,454387,643641,762880,465336,4743332,437155,441255,660948,664424,531830,630996,649311,502468,2864222,3361728,1169792,607352,438465,421857,621934,948771,544945,1955765,4359377,638591,563858,703043,431943
1734015,1478187,1083675,1823156,1845412,1827576,1870822,1815041,1873780,1370139,1522530,4759931,4477485,1106794,1628498,0,1741430,4837434,3293186,1443830,1189641,1674351,1873027,1845980,2334434,4233004,1889483,1943699,1434916,1760425,1451310,1890839,9829423,1502530,1870987,1051941,1812580,1266130,1923168,1423297,1816263,1873471,1767939,1738574,1764563,1834491,1940451,1616746,1761626,1812653,1765558,1575710,2322430,1692479,1311546,2299011,1485935,1151653,1347690,1712566,1724215,1818843,1669984,1629080,8852910,5067849,1608915,1836741,1875710,1679717,5168104,1743085,1779000,1614509,1243910,1775565,1834295,1846934,1581765,1881579,1437158,1716838,4164764,1691861,1699817,1905788,1890186,1778474,1871926,1901413,1550894,2445202,2811814,1272758,1848794,1573031,1675347,1868668,1307813,1796157,1660495,3692323,1883267,1809056,1951093,1692593
268423,776401,1461013,328854,349190,338090,376970,322685,381198,1906407,711990,5521733,5318753,1528706,499962,1741430,0,5556504,4057940,841416,1761165,360497,397193,350410,2955490,4992904,399339,453203,813996,267703,853538,2364715,10394185,703126,377013,1628813,336848,1190340,421398,892517,317473,383647,279199,2390670,292775,336569,447065,503436,270604,323789,280468,550354,3129144,350581,1115652,3156267,715759,1405621,1056206,304436,284465,2392767,432570,516974,9387378,5562073,511297,343245,387488,2353635,5902244,249155,290588,528231,2046290,287419,340967,374724,560811,382015,863730,316520,4853310,389613,343089,410658,414480,293696,379022,399949,621600,2981422,3491606,1257264,357164,563223,369765,369558,1032669,305513,2006471,4485375,385851,314516,460313,381891
5544987,5314503,4912799,5644392,5672684,5658588,5696214,5639779,5700108,4723969,5348414,2993209,3085453,4959768,5459758,4837434,5556504,0,3701260,5273262,4789843,5494987,5718417,5672644,4196774,3200946,5714915,5770623,5264846,5584161,5288116,4371641,7667471,5335364,5699893,4879419,5658818,5096798,5747244,5248205,5633453,5700023,5587427,4499616,5608389,5660045,5768881,5434808,5581200,5642599,5595132,5401396,4189628,5512213,5116296,4174667,5321431,4992443,5182096,5529286,5547385,4503343,5499884,5453196,7402228,3331719,5433527,5658965,5699056,4545425,3248872,5549851,5596750,5443377,4656754,5599761,5658491,5692328,5401379,5710145,5269774,5533898,3269408,5507391,5512237,5731790,5738670,5601740,5703808,5726291,5374776,4106080,3957004,5105446,5673588,5397281,5499273,5692236,5150793,5615269,5005899,3515091,5707363,5630052,5777655,5507273
4045793,3774799,3361953,4150398,4173002,4163234,4197434,4142265,4204692,3192129,3814102,3463819,3168453,3407022,3934960,3293186,4057940,3701260,0,3726144,3241347,3979947,4226611,4175448,2648734,3053346,4223491,4286555,3736778,4078239,3736850,2848785,8583191,3808920,4202567,3336279,4157342,3564038,4257326,3708021,4131557,4202015,4083557,2941116,4107849,4162459,4282757,3909896,4073104,4138001,4087040,3875142,2628816,4011437,3595120,2580221,3786917,3434191,3638294,4024160,4043295,2957015,3977568,3934594,8019300,4060005,3909855,4163185,4206294,2989521,4052078,4055403,4094968,3926183,3095188,4098039,4163919,4192714,3878305,4212705,3727556,4032838,3225164,4011735,4009803,4243754,4246106,4095608,4206768,4230491,3849704,2548624,2392064,3561832,4179018,3868585,3981805,4190924,3620099,4116153,3480421,2465201,4212235,4129944,4292923,3986901
825923,618123,1180107,898634,929216,916460,947940,893793,959858,1730973,650982,5222467,4966989,1232348,741492,1443830,841416,5273262,3726144,0,1528559,778637,985911,928504,2682180,4645792,978099,1037405,637192,859161,583502,2150149,10250077,648802,958859,1354365,915266,928632,1015554,609775,891441,959635,859157,2137002,869111,919581,1034757,723750,858608,890827,861276,704886,2829872,806599,766562,2806787,631153,1102703,718048,811670,823953,2183489,785404,738576,9133462,5398143,736225,915425,963336,2076097,5589178,832447,869206,737311,1679382,872029,919047,951454,701423,971663,568558,818434,4555066,779715,805859,998624,1002556,870612,959814,980937,673614,2720084,3198578,994558,930482,698003,785399,947386,787911,881309,1836645,4147717,965479,889060,1042043,778175
1752702,1559378,1218278,1837515,1855593,1843577,1868795,1828876,1873035,1270496,1617325,4690298,4439658,1279869,1694299,1189641,1761165,4789843,3241347,1528559,0,1713376,1889882,1855431,2313251,4174331,1887392,1936834,1506899,1782862,1533541,1784884,9714072,1588437,1875362,1200432,1845331,1385687,1914639,1518210,1823490,1876760,1788932,1678319,1807356,1843740,1933558,1675425,1776459,1832702,1789075,1649721,2270417,1729442,1414175,2254472,1575514,1292786,1452605,1740065,1746086,1751270,1724213,1678183,8802771,4972768,1675618,1847170,1879901,1637770,5117487,1758580,1795113,1675676,1213865,1793868,1846892,1871507,1654572,1880456,1524257,1735779,4133777,1722346,1728048,1901429,1904717,1793589,1872849,1890614,1635471,2390783,2756411,1404865,1856857,1651994,1714892,1869765,1425196,1805948,1605356,3640614,1880474,1823453,1940728,1719012
348404,710502,1416012,449961,480735,471559,510361,447058,514131,1892510,634723,5497058,5222640,1458143,418767,1674351,360497,5494987,3979947,778637,1713376,0,541540,482377,2888295,4911973,534296,594424,778327,383132,786595,2330448,10365166,660397,511818,1581618,470655,1134725,568531,810714,442532,514714,391930,2343459,417776,468102,591340,452669,381063,447792,391895,489763,3051551,312446,1031713,3075514,657684,1331958,975027,328563,337170,2339938,365509,471697,9327961,5554806,456608,469542,517969,2293336,5817027,354320,403189,470212,1961605,400270,469966,507169,501946,528564,797837,333275,4790265,348980,313660,555027,558063,408085,516713,541534,529759,2898701,3417115,1203811,485377,488288,295528,503391,970998,422888,1974742,4412522,499698,440707,601194,337254
423508,914692,1611758,242073,185919,208119,135037,235550,130805,1960586,861557,5586108,5497912,1667045,649767,1873027,397193,5718417,4226611,985911,1889882,541540,0,190129,3061227,5180535,95740,138568,928441,366910,1014415,2472408,10438354,860991,130380,1780806,193995,1336149,111177,1047274,241760,139250,340598,2554133,279582,201634,135602,672727,362845,239004,331039,728731,3284807,513364,1285459,3332184,867172,1574404,1205187,470155,448310,2523072,548095,603425,9511543,5625048,680740,236998,162251,2503474,6084619,419996,335185,641266,2225255,346894,211118,119249,722774,102834,996895,431039,5001211,472232,480122,96875,82777,315791,134013,91356,795367,3119207,3643229,1384355,186031,744766,535506,150985,1175198,335758,2100148,4645666,122202,270295,142728,490380
375823,867881,1529859,199678,144488,167100,168186,214193,173694,1934229,808042,5543793,5442643,1643006,604062,1845980,350410,5672644,4175448,928504,1855431,482377,190129,0,3052882,5123568,186289,229617,901330,315943,963490,2431111,10416443,827394,167095,1733749,153084,1295322,205770,994603,215131,168373,289759,2496544,257085,161335,206297,624864,315806,200049,282166,670796,3234910,457193,1228288,3273417,822147,1516825,1159920,419248,392635,2499557,508160,578372,9446922,5609941,627367,195123,180216,2450803,6031762,358941,294840,608279,2158472,293683,159879,170910,664673,183283,958570,390756,4957388,442353,437721,199070,202290,278038,174182,195555,743602,3073432,3596050,1341062,144498,688743,480883,171796,1130099,293607,2067753,4595899,177725,220130,236799,448537
2939463,2718785,2415565,3025072,3049806,3037560,3062690,3011445,3063364,2282547,2743722,4035839,3755327,2436692,2841522,2334434,2955490,4196774,2648734,2682180,2313251,2888295,3061227,3052882,0,3572978,3080805,3115407,2679214,2966599,2700216,1931147,9127707,2726406,3068295,2387393,3023636,2554254,3096748,2674873,3012771,3068515,2976805,2030432,2973623,3039383,3115079,2824326,2964656,3015361,2973406,2790552,1858010,2904709,2594534,1843579,2723605,2461423,2618458,2922628,2934909,2035193,2875816,2836888,8369262,4478313,2819409,3042551,3071682,2083759,4534056,2945657,2986316,2825325,2229218,2985435,3043337,3039972,2791721,3074887,2692544,2916636,3566072,2894109,2908477,3087404,3074978,2982090,3064556,3085995,2764810,1953316,2176108,2553568,3049914,2787657,2884379,3066248,2593457,3002359,2554451,3014769,3072887,3021522,3120765,2896795
4977153,4703699,4300173,5066834,5118872,5110350,5141530,5086495,5143764,4120241,4727486,2979007,2565789,4350822,4854156,4233004,4992904,3200946,3053346,4645792,4174331,4911973,5180535,5123568,3572978,0,5152727,5226211,4647540,5006947,4646674,3767563,8038219,4735562,5150757,4270057,5110268,4475776,5204766,4639745,5074405,5152669,5024357,3860652,5044761,5109869,5222563,4864320,5005410,5082417,5021948,4810944,3540844,4931275,4503774,3497313,4719529,4365709,4553924,4954484,4965021,3868085,4923668,4878266,7651582,3597653,4857639,5105313,5157822,3907363,3541958,4984769,5026268,4865405,4018968,5033195,5111683,5142796,4830807,5165655,4648598,4957314,2690492,4939875,4942357,5190926,5195136,5036654,5154206,5179743,4778014,3478376,3286614,4479740,5123936,4806855,4917295,5143858,4525871,5049709,4411609,2880485,5158497,5072858,5230825,4930291
423698,910132,1604816,214141,182891,211101,129099,238368,121967,1963244,826153,5581970,5470510,1685167,617453,1889483,399339,5714915,4223491,978099,1887392,534296,95740,186289,3080805,5152727,0,141786,918089,363814,1005711,2471758,10415394,859331,123936,1780086,206109,1337477,120551,1039372,240366,139040,331764,2553821,296354,197464,137104,673505,359761,237270,329389,723325,3280317,509548,1275867,3327964,865644,1570808,1204461,464319,441060,2522916,543047,599903,9507301,5623062,674874,234698,162651,2502448,6080677,417268,328781,632762,2220961,342814,209954,133777,716232,101432,993123,424951,4993893,471462,476708,106915,107867,313861,133715,103642,791091,3112621,3622073,1379817,181837,740622,532272,147097,1174738,333188,2096666,4641236,117296,267857,147386,487190
477138,962712,1667064,288509,235097,256769,183399,286828,178673,1999402,914269,5609076,5550152,1740039,698939,1943699,453203,5770623,4286555,1037405,1936834,594424,138568,229617,3115407,5226211,141786,0,971443,420120,1073883,2526728,10485840,903379,180338,1827810,264031,1387583,86841,1097998,287854,177372,396492,2603923,349936,249758,46712,727513,411095,293046,388467,783231,3334483,538908,1340105,3374414,926446,1598740,1261301,515903,472194,2574938,591155,649973,9566673,5636200,725334,272742,202379,2556628,6129447,462522,362575,647232,2274617,381422,254478,190079,761094,165202,1058813,475141,5049439,510156,535538,105343,97253,365905,170361,129046,854181,3163353,3703333,1403649,222003,796004,584826,201583,1230070,368046,2143534,4705564,166514,295327,42842,543516
808415,677615,1186905,874542,899990,883192,885650,877193,888976,1690731,691908,5178441,4978373,1234728,752978,1434916,813996,5264846,3736778,637192,1506899,778327,928441,901330,2679214,4647540,918089,971443,0,833095,641354,2132815,10188337,681552,913245,1334343,891652,917200,954878,636909,859863,920535,832383,2133848,852421,885929,968419,753044,823404,875597,841942,704552,2833656,793049,773068,2815679,682105,1091119,719384,806268,807683,2178237,777734,735686,9113228,5351577,748909,886957,924354,2070675,5582000,813587,836676,722063,1702494,849161,889455,914858,716597,916081,645166,786184,4561216,767713,794951,936812,940834,849472,915428,929975,698282,2705884,3198970,994512,895960,718535,784539,912058,757739,869427,1790259,4151181,920635,874140,977283,757605
286274,797284,1472842,288793,316471,305603,340783,264972,346127,1921662,726433,5527930,5337662,1542161,507841,1760425,267703,5584161,4078239,859161,1782862,383132,366910,315943,2966599,5006947,363814,420120,833095,0,872939,2375300,10405118,752131,348148,1666294,302359,1209761,395715,899460,275200,345042,233308,2423935,252374,304364,416030,545739,231887,266640,240509,571387,3148781,361932,1137299,3173214,731762,1425948,1068159,327629,302732,2428586,448429,532683,9406635,5577046,528678,308612,350523,2368272,5923619,254610,244257,547258,2067979,246468,306710,330451,582466,348176,879003,312557,4869421,392216,365374,385289,385179,247093,350329,375552,649869,2998491,3506781,1272365,323005,581502,386490,339065,1023678,262758,2015462,4502342,354418,281769,424306,394080
828825,591419,1201915,936168,959984,947718,962680,937697,967442,1772645,621876,5228799,4961001,1229942,725924,1451310,853538,5288116,3736850,583502,1533541,786595,1014415,963490,2700216,4646674,1005711,1073883,641354,872939,0,2198063,10304921,626708,988637,1354583,949566,947986,1047400,622983,928491,992801,873269,2146438,901373,946731,1069619,710920,863830,931057,882278,686226,2831136,809575,768282,2809015,602139,1102315,726810,823034,832081,2197383,781670,731618,9138558,5442971,720523,950865,999200,2075441,5599180,845829,889556,732757,1684594,887493,951313,986574,689061,998059,557852,820178,4562168,799317,806503,1027954,1036060,893970,995950,1016285,657166,2733164,3203660,1002864,968580,683391,793973,983234,811019,908441,1875851,4146575,1000583,924920,1080869,797517
2356968,2195998,1896128,2409627,2426703,2396635,2441357,2407364,2446069,1698494,2244561,4220918,3998150,1993045,2316535,1890839,2364715,4371641,2848785,2150149,1784884,2330448,2472408,2431111,1931147,3767563,2471758,2526728,2132815,2375300,2198063,0,9224792,2212401,2445636,1901908,2418829,2029005,2501531,2176362,2395708,2450100,2379932,1611865,2382060,2415706,2522862,2297143,2374233,2405940,2381187,2266771,1851291,2341144,2106483,1864692,2209504,1985814,2153483,2351975,2360604,1641784,2327521,2292925,8455213,4554366,2297554,2423226,2450703,1679798,4732071,2367062,2385855,2293698,1722279,2390040,2421392,2444965,2272406,2462580,2174643,2342817,3730861,2313284,2338032,2466103,2488565,2385409,2451051,2477654,2261659,2032281,2362825,2100027,2431109,2278772,2332048,2442709,2074988,2403960,1968940,3260550,2459374,2404713,2531272,2306916
10391070,10295180,9875418,10378925,10423491,10404733,10424257,10393424,10426939,9566116,10317045,7706746,7914316,9967609,10331985,9829423,10394185,7667471,8583191,10250077,9714072,10365166,10438354,10416443,9127707,8038219,10415394,10485840,10188337,10405118,10304921,9224792,0,10311521,10431966,9851030,10407067,10083329,10456283,10270572,10389386,10433106,10399040,9427539,10394742,10403678,10480288,10344669,10403573,10396718,10404751,10330841,9132169,10378830,10162877,9115952,10297830,9997974,10214809,10384129,10395584,9422284,10370921,10320799,5685475,7601450,10341754,10412424,10441905,9525450,7552607,10401728,10407491,10317812,9660899,10415576,10411176,10430769,10336438,10433376,10274321,10367685,8090493,10334790,10373836,10448869,10447411,10401533,10433717,10441046,10345619,9016127,8852257,10093483,10420929,10338444,10377468,10431033,10121118,10408730,9888126,8389256,10430684,10404749,10490718,10338922
713989,570247,1273811,811182,822692,827528,838362,806997,842508,1813975,529268,5311503,5040427,1298752,628304,1502530,703126,5335364,3808920,648802,1588437,660397,860991,827394,2726406,4735562,859331,903379,681552,752131,626708,2212401,10311521,0,838791,1395015,824014,1004468,873886,672547,785565,842077,761847,2195480,771751,813885,896307,582260,745422,805181,758584,567446,2898734,685355,854396,2886937,549811,1172731,801370,700810,714835,2203911,661332,609076,9191156,5464425,602181,827339,842474,2130821,5656958,733039,754448,602427,1775822,766831,825471,835134,575571,844403,620260,700174,4622030,666965,688041,869798,870698,763802,840802,862373,549988,2775818,3286430,1049774,823322,569447,670351,837686,852707,780737,1886269,4234669,848399,798788,909041,672395
401748,890522,1577760,216947,157549,196729,113995,229970,109231,1946894,836223,5577720,5476842,1670247,629803,1870987,377013,5699893,4202567,958859,1875362,511818,130380,167095,3068295,5150757,123936,180338,913245,348148,988637,2445636,10431966,838791,0,1761702,188949,1316777,155575,1017440,217396,97758,316100,2532925,275282,180198,173360,652887,327263,223214,310081,698069,3257729,487176,1263489,3299492,847218,1553602,1183481,447671,419780,2514658,519333,593945,9482451,5605888,655328,216922,143449,2478302,6054553,370310,312411,624428,2195647,321726,181512,117267,694380,121700,976941,412077,4954935,461356,460210,146445,147597,299575,113445,135880,770225,3094147,3623785,1361687,158899,717182,506860,131591,1157400,321896,2083856,4611836,117012,246719,184458,469752
1637424,1379744,994732,1724547,1736523,1727765,1760599,1717010,1760957,1369332,1435641,4779762,4536160,1039453,1561133,1051941,1628813,4879419,3336279,1354365,1200432,1581618,1780806,1733749,2387393,4270057,1780086,1827810,1334343,1666294,1354583,1901908,9851030,1395015,1761702,0,1724747,1171263,1799637,1329844,1703672,1762540,1672100,1748275,1689206,1723864,1822478,1517949,1658521,1714288,1664441,1498989,2368553,1610274,1208065,2346862,1402508,1071672,1249957,1626019,1640616,1824964,1584807,1543133,8876901,5086668,1537578,1734972,1770509,1712568,5208003,1652724,1680961,1545228,1301067,1684212,1732632,1755971,1503892,1766078,1347399,1622857,4201559,1598768,1612028,1790655,1793243,1683191,1761893,1782608,1460239,2484157,2848977,1168087,1743419,1488578,1585700,1758379,1224176,1697928,1657608,3731902,1769292,1716343,1832746,1594268
367245,860561,1538777,180908,157134,156078,185792,198639,192364,1921771,798838,5535955,5430887,1608864,587758,1812580,336848,5658818,4157342,915266,1845331,470655,193995,153084,3023636,5110268,206109,264031,891652,302359,949566,2418829,10407067,824014,188949,1724747,0,1281396,240348,985637,215081,188593,279839,2496106,223627,148641,259575,612822,305814,181307,269700,659946,3214314,441565,1217988,3256999,810055,1503697,1144794,406094,383143,2498853,497028,578470,9459796,5615473,613481,186731,192564,2441369,6014076,341837,290474,609413,2144594,284561,150381,162326,661487,200005,942076,388246,4948172,438663,428195,223682,211838,271314,196440,218833,728652,3063586,3583198,1332902,160428,674713,471723,186012,1110179,283531,2054613,4583429,201569,214790,268761,440121
1181109,973703,1074725,1272872,1294596,1263922,1310444,1264073,1319476,1589559,1010794,5038471,4787713,1051640,1103292,1266130,1190340,5096798,3564038,928632,1385687,1134725,1336149,1295322,2554254,4475776,1337477,1387583,917200,1209761,947986,2029005,10083329,1004468,1316777,1171263,1281396,0,1369642,912241,1257673,1324133,1215617,1972136,1235603,1282625,1384623,1086074,1208414,1256013,1219454,1062268,2645928,1151923,812332,2605819,990317,963173,849918,1169772,1183041,2066581,1126730,1097058,9012576,5291559,1092921,1288173,1325282,1921523,5428406,1194859,1227034,1098425,1529204,1235963,1287661,1314552,1072339,1328905,938024,1170060,4385170,1147633,1150995,1332452,1352926,1236858,1322604,1344835,1040060,2630176,3072226,855528,1294588,1056643,1136317,1308964,828483,1247533,1775467,3963347,1331383,1254626,1393723,1133185
452235,941669,1640443,271000,210528,232552,164994,263025,155736,1979505,890314,5599909,5527335,1712080,674508,1923168,421398,5747244,4257326,1015554,1914639,568531,111177,205770,3096748,5204766,120551,86841,954878,395715,1047400,2501531,10456283,873886,155575,1799637,240348,1369642,0,1075605,262807,153635,364059,2575688,320331,220155,82793,694236,392390,266519,339764,753276,3314006,542125,1315766,3359509,878081,1600831,1237194,488424,473409,2544099,570198,626310,9539138,5649369,703391,258201,188570,2527181,6103276,441225,346184,645995,2252436,368249,239097,166360,738821,137637,1031394,451920,5024202,486099,506689,83260,77020,338566,153208,108961,822772,3144786,3674906,1405030,205164,766171,559455,178570,1203885,349769,2100705,4678199,142163,291916,87957,515785
870976,653240,1188702,964323,992223,986327,1014979,959374,1021197,1754924,694337,5234406,4949910,1212223,765571,1423297,892517,5248205,3708021,609775,1518210,810714,1047274,994603,2674873,4639745,1039372,1097998,636909,899460,622983,2176362,10270572,672547,1017440,1329844,985637,912241,1075605,0,953588,1018822,917206,2133205,930730,981870,1095198,749023,901565,955404,917377,721277,2810757,838780,743809,2776326,663086,1075530,699569,851283,865232,2176662,805107,764491,9117499,5420574,754662,978172,1028927,2049472,5560009,887920,921631,763074,1661503,923210,986004,1011899,729618,1027580,608667,863567,4541039,834512,837186,1058079,1063605,920091,1018913,1047602,696557,2726469,3205115,980335,998357,721436,822976,1013777,776050,936134,1841862,4121376,1028510,951145,1104090,825726
335320,831480,1513304,214517,209423,216279,222419,205240,220389,1911456,772201,5532410,5409314,1601225,560305,1816263,317473,5633453,4131557,891441,1823490,442532,241760,215131,3012771,5074405,240366,287854,859863,275200,928491,2395708,10389386,785565,217396,1703672,215081,1257673,262807,953588,0,220410,262350,2471225,212810,206110,286188,585531,279159,200024,257275,632279,3188995,415646,1187985,3231904,789564,1485048,1122659,375493,357860,2455648,469957,557019,9436337,5578400,583296,219002,237173,2418924,5988043,318996,258847,569408,2119671,259910,215612,221955,632132,234128,920855,356301,4908861,402688,401176,255221,254841,244719,224151,242650,703805,3040023,3563159,1307377,214599,642422,447064,222629,1098010,262342,2030596,4555082,227898,200651,292456,417992
404244,893116,1577848,222447,158307,195009,112363,229636,120699,1948850,835717,5573512,5475990,1668145,626899,1873471,383647,5700023,4202015,959635,1876760,514714,139250,168373,3068515,5152669,139040,177372,920535,345042,992801,2450100,10433106,842077,97758,1762540,188593,1324133,153635,1018822,220410,0,319644,2534787,277680,180346,171692,652567,332577,225814,311121,700741,3260955,491214,1262627,3299692,844080,1553680,1186091,443321,420016,2519280,520225,593193,9489115,5602992,656078,218298,145171,2480828,6051139,374784,308629,622972,2195919,321912,181408,118521,697094,130642,982269,414061,4960105,457372,463228,147713,149991,302429,122429,136352,772179,3101617,3623959,1364345,154431,716818,510942,136277,1158000,320140,2086774,4615578,126792,244993,179604,474314
296496,799132,1481086,268543,285597,280717,318895,268028,322373,1917588,736937,5525816,5349006,1553955,513841,1767939,279199,5587427,4083557,859157,1788932,391930,340598,289759,2976805,5024357,331764,396492,832383,233308,873269,2379932,10399040,761847,316100,1672100,279839,1215617,364059,917206,262350,319644,0,2425795,232454,283084,391488,547215,233331,261026,208741,557131,3154673,375480,1137177,3184088,738670,1434360,1079157,308753,306470,2435236,449411,523783,9402869,5583634,538402,287624,324079,2354026,5913123,259130,229441,545872,2069433,230196,279124,314143,590786,324712,884489,325355,4872819,400466,360906,354999,357337,232295,324213,341304,653735,3001689,3513257,1284995,292495,574440,389026,314675,1056318,246314,2010020,4503018,328338,265445,400668,396254
2392759,2179599,1808211,2484200,2505594,2494606,2533580,2476781,2537380,1617943,2226468,4356257,4111141,1850384,2315954,1738574,2390670,4499616,2941116,2137002,1678319,2343459,2554133,2496544,2030432,3860652,2553821,2603923,2133848,2423935,2146438,1611865,9427539,2195480,2532925,1748275,2496106,1972136,2575688,2133205,2471225,2534787,2425795,0,2450587,2494429,2596565,2284692,2419250,2476113,2429518,2279792,1923990,2364905,2027094,1928827,2189257,1887669,2068204,2382102,2395311,1452711,2351100,2311478,8628222,4732015,2291249,2503411,2542962,1443337,4826962,2406465,2436456,2310043,1581210,2449731,2502369,2529410,2283539,2543937,2148794,2385566,3862594,2352571,2372195,2567384,2569986,2444794,2536028,2556505,2251846,2192552,2449568,1998118,2508592,2279529,2345139,2528578,2052651,2457823,1902775,3318935,2543587,2471614,2609763,2349297
316590,815740,1496346,230585,256373,234863,273229,221550,278749,1921210,748823,5536408,5378010,1559475,537857,1764563,292775,5608389,4107849,869111,1807356,417776,279582,257085,2973623,5044761,296354,349936,852421,252374,901373,2382060,10394742,771751,275282,1689206,223627,1235603,320331,930730,212810,277680,232454,2450587,0,242698,346368,558045,263385,222734,229005,610887,3174113,388378,1164569,3202906,762098,1457036,1098217,359377,329052,2445612,459677,556981,9426697,5591640,559708,244184,281895,2397944,5963333,286198,249235,564104,2094075,243064,245706,254691,615634,290572,905323,349647,4895103,408808,376106,303709,292409,228981,278597,301292,675339,3024579,3531457,1290921,256755,616722,421814,272805,1067056,255356,2028782,4531714,287316,221633,356054,409428
345596,860918,1542108,185199,157423,161017,171561,201394,176969,1923620,800153,5539928,5433702,1632875,596687,1834491,336569,5660045,4162459,919581,1843740,468102,201634,161335,3039383,5109869,197464,249758,885929,304364,946731,2415706,10403678,813885,180198,1723864,148641,1282625,220155,981870,206110,180346,283084,2494429,242698,0,245780,614375,304127,187800,273737,662599,3218657,449252,1220291,3263240,810092,1512744,1145491,402757,380288,2486880,502625,566855,9457733,5606480,614052,180042,179825,2444648,6016747,353650,284083,603046,2149953,290814,152920,175857,659596,168134,953531,388059,4944467,427352,430128,211183,212073,273547,180263,201818,729767,3060347,3586945,1333195,161735,672848,472434,175083,1113608,282800,2052486,4587546,187194,212617,255542,444576
475326,962812,1642000,285417,231601,253207,182951,283022,177269,1999434,910055,5606844,5546546,1736977,693717,1940451,447065,5768881,4282757,1034757,1933558,591340,135602,206297,3115079,5222563,137104,46712,968419,416030,1069619,2522862,10480288,896307,173360,1822478,259575,1384623,82793,1095198,286188,171692,391488,2596565,346368,245780,0,721115,410921,290748,382745,777313,3334173,556232,1334085,3374016,919862,1616128,1259069,511789,493242,2568488,590635,644027,9542431,5654720,723706,272696,203329,2551494,6125253,452694,362579,665580,2274441,382512,255196,186877,755574,162778,1054799,472549,5042115,505912,530702,100897,96641,363787,169645,126262,848951,3159193,3698311,1421307,223513,790892,579704,198741,1226036,370966,2137222,4703262,162524,311879,53860,538472
512587,651727,1358027,608276,617834,618144,649152,598843,655348,1883655,569244,5429587,5161371,1390790,411930,1616746,503436,5434808,3909896,723750,1675425,452669,672727,624864,2824326,4864320,673505,727513,753044,545739,710920,2297143,10344669,582260,652887,1517949,612822,1086074,694236,749023,585531,652567,547215,2284692,558045,614375,721115,0,547800,593831,542336,426238,3000958,479313,959718,3003367,602227,1268563,915060,498374,509683,2277193,452858,404676,9277686,5534215,385567,624347,658318,2232565,5752876,520001,560394,401321,1895486,560157,621777,643790,429933,660759,729036,503190,4730538,475461,480877,684968,688430,560744,654880,677005,479622,2855080,3372970,1144180,628478,418983,457147,648720,929121,566343,1935115,4330551,662053,588360,734515,473043
290001,785687,1474825,292840,313408,302352,332954,287407,341020,1915133,725496,5522229,5337341,1549002,508084,1761626,270604,5581200,4073104,858608,1776459,381063,362845,315806,2964656,5005410,359761,411095,823404,231887,863830,2374233,10403573,745422,327263,1658521,305814,1208414,392390,901565,279159,332577,233331,2419250,263385,304127,410921,547800,0,287871,241478,568758,3138188,359677,1129040,3152095,734713,1416675,1071048,324466,293777,2428859,417414,526794,9396750,5557033,527181,312629,344618,2364103,5925112,250937,223860,530173,2055964,225275,284977,331030,579445,349909,882914,316082,4855476,386259,360781,379492,382280,251834,343390,364269,644164,2991764,3507414,1263824,297288,580475,383391,333234,1053875,265053,2012793,4476191,350127,278378,401067,389841
340574,839432,1521362,175455,198085,189885,222131,159750,224313,1927788,778843,5541584,5416120,1602465,564273,1812653,323789,5642599,4138001,890827,1832702,447792,239004,200049,3015361,5082417,237270,293046,875597,266640,931057,2405940,10396718,805181,223214,1714288,181307,1256013,266519,955404,200024,225814,261026,2476113,222734,187800,290748,593831,287871,0,249415,642179,3198753,419120,1199859,3241340,791974,1484768,1130389,381065,365904,2474578,482333,567731,9445213,5603606,594808,191192,226871,2426698,5992415,325486,271027,588890,2125927,268272,191110,213827,638510,226872,922195,370245,4925313,421800,406916,258075,256217,250373,229541,243384,707705,3045247,3566293,1319945,198963,651058,449332,219839,1079498,269824,2041040,4566644,233518,196073,299594,429212
305017,801133,1479149,265988,277776,273502,312910,261743,316064,1915913,741926,5528363,5358623,1556726,519426,1765558,280468,5595132,4087040,861276,1789075,391895,331039,282166,2973406,5021948,329389,388467,841942,240509,882278,2381187,10404751,758584,310081,1664441,269700,1219454,339764,917377,257275,311121,208741,2429518,229005,273737,382745,542336,241478,249415,0,582062,3157316,380455,1142946,3186959,722061,1435203,1084230,333756,311827,2426251,453600,525130,9407790,5583533,540421,284909,317470,2377359,5938706,266827,234894,555769,2073646,227381,274147,304930,595851,320543,884650,328518,4869876,400791,364951,346700,347592,224816,315554,337075,653174,3007366,3516638,1282502,289598,593969,393341,308130,1054043,237831,1996125,4516963,320909,258476,394393,402777
532167,617477,1336073,651132,665684,666970,700820,645349,699568,1858977,539648,5381785,5118101,1368906,446230,1575710,550354,5401396,3875142,704886,1649721,489763,728731,670796,2790552,4810944,723325,783231,704552,571387,686226,2266771,10330841,567446,698069,1498989,659946,1062268,753276,721277,632279,700741,557131,2279792,610887,662599,777313,426238,568758,642179,582062,0,2967812,508157,922794,2959201,580735,1231617,868694,505724,540519,2267163,478432,424416,9253016,5526537,416833,671391,709032,2180075,5697332,553985,595220,432995,1853188,597871,660367,695090,395523,711017,697524,532786,4696486,506269,514005,743556,745566,598888,709748,732309,443218,2810916,3335476,1118628,674020,358551,485103,695748,897239,612803,1915059,4295003,710235,635890,786115,494783
3112225,2860801,2423273,3205166,3228684,3219490,3257438,3200351,3263874,2203819,2910960,3999285,3727131,2476016,3020244,2322430,3129144,4189628,2628816,2829872,2270417,3051551,3284807,3234910,1858010,3540844,3280317,3334483,2833656,3148781,2831136,1851291,9132169,2898734,3257729,2368553,3214314,2645928,3314006,2810757,3188995,3260955,3154673,1923990,3174113,3218657,3334173,3000958,3138188,3198753,3157316,2967812,0,3070713,2679672,1570455,2890381,2507947,2736522,3093912,3106611,1930925,3047184,3007004,8398088,4465633,2995621,3224055,3261398,1962787,4525560,3124171,3164216,3007263,2122160,3162943,3218727,3254148,2969219,3270893,2827868,3104730,3515768,3078961,3081339,3305496,3306798,3165434,3266224,3285959,2924826,1966846,2180808,2630936,3228878,2963167,3065341,3253924,2711367,3183055,2525601,3021845,3270909,3193628,3339689,3067751
331228,728694,1435412,427339,453427,443011,487883,423966,491659,1898970,658173,5504746,5253400,1478717,437971,1692479,350581,5512213,4011437,806599,1729442,312446,513364,457193,2904709,4931275,509548,538908,793049,361932,809575,2341144,10378830,685355,487176,1610274,441565,1151923,542125,838780,415646,491214,375480,2364905,388378,449252,556232,479313,359677,419120,380455,508157,3070713,0,1054447,3091504,674624,1331790,996163,318489,304946,2362884,381497,481015,9340799,5543616,470188,447544,488783,2314002,5849953,342128,381361,462352,1974925,373142,436910,483963,518790,499156,820283,327887,4807827,360004,312940,533183,534041,384693,490125,518870,570221,2920703,3441123,1194737,456091,515524,310538,483229,992480,396976,1988254,4424064,499500,390013,561988,360142
1097447,809121,1098387,1204878,1227762,1214290,1254606,1201891,1261350,1648925,862622,5105571,4821575,1096698,980272,1311546,1115652,5116296,3595120,766562,1414175,1031713,1285459,1228288,2594534,4503774,1275867,1340105,773068,1137299,768282,2106483,10162877,854396,1263489,1208065,1217988,812332,1315766,743809,1187985,1262627,1137177,2027094,1164569,1220291,1334085,959718,1129040,1199859,1142946,922794,2679672,1054447,0,2648187,838295,965615,678606,1073658,1088055,2090989,1034670,973796,9047944,5346061,965235,1220629,1263502,1939791,5448160,1112953,1150912,969307,1541180,1147129,1219345,1256710,934949,1271395,765582,1085038,4433650,1047201,1064133,1302984,1306978,1150548,1261432,1288287,892352,2651330,3097812,887862,1231962,923913,1035409,1254136,704165,1168469,1805337,3985631,1270239,1189272,1344455,1040113
3140900,2851620,2407366,3244915,3277347,3260679,3300449,3240744,3310519,2206476,2901779,3983890,3701884,2439559,3024009,2299011,3156267,4174667,2580221,2806787,2254472,3075514,3332184,3273417,1843579,3497313,3327964,3374414,2815679,3173214,2809015,1864692,9115952,2886937,3299492,2346862,3256999,2605819,3359509,2776326,3231904,3299692,3184088,1928827,3202906,3263240,3374016,3003367,3152095,3241340,3186959,2959201,1570455,3091504,2648187,0,2876376,2473586,2704783,3116319,3126894,1947050,3047663,3026675,8376113,4479226,3000168,3261254,3307963,1979954,4479113,3136358,3172057,3009520,2087725,3168426,3235418,3300535,2969036,3317222,2807687,3129783,3475273,3103330,3106204,3344263,3349267,3196893,3309255,3330382,2928511,1963095,2147903,2595423,3253959,2953868,3081608,3298291,2688616,3210006,2511586,2954892,3313726,3223419,3362116,3091776
700002,555632,1251756,804127,819437,813135,843545,794114,850039,1783920,572971,5311788,5026948,1284641,620123,1485935,715759,5321431,3786917,631153,1575514,657684,867172,822147,2723605,4719529,865644,926446,682105,731762,602139,2209504,10297830,549811,847218,1402508,810055,990317,878081,663086,789564,844080,738670,2189257,762098,810092,919862,602227,734713,791974,722061,580735,2890381,674624,838295,2876376,0,1148818,780857,693531,701850,2216016,653781,619221,9178935,5455678,610434,818904,853519,2117536,5629387,714884,754051,623366,1756329,757354,810140,840589,593998,857840,616807,689579,4610321,674630,677298,882603,884307,754569,851213,873890,570035,2755775,3254035,1041285,822751,575334,653978,841307,824834,776088,1845308,4214676,856498,791167,932232,661966
1390886,1130436,991112,1497671,1520501,1513079,1551251,1491030,1554801,1499558,1173693,4940840,4654930,942877,1289339,1151653,1405621,4992443,3434191,1102703,1292786,1331958,1574404,1516825,2461423,4365709,1570808,1598740,1091119,1425948,1102315,1985814,9997974,1172731,1553602,1071672,1503697,963173,1600831,1075530,1485048,1553680,1434360,1887669,1457036,1512744,1616128,1268563,1416675,1484768,1435203,1231617,2507947,1331790,965615,2473586,1148818,0,1019785,1370425,1363236,1945796,1333613,1278615,8931265,5188752,1266250,1512404,1553455,1807974,5313975,1395286,1434283,1252986,1400017,1435990,1509262,1548007,1245304,1562142,1092075,1380987,4288331,1350600,1358556,1586951,1590579,1450579,1555001,1576762,1210261,2549305,2949803,930991,1522433,1231454,1330114,1550801,995694,1462630,1716324,3836256,1567848,1459457,1624236,1357052
1037023,768397,1132917,1133084,1157500,1149014,1179410,1133917,1185270,1687075,805926,5135753,4875473,1133046,926254,1347690,1056206,5182096,3638294,718048,1452605,975027,1205187,1159920,2618458,4553924,1204461,1261301,719384,1068159,726810,2153483,10214809,801370,1183481,1249957,1144794,849918,1237194,699569,1122659,1186091,1079157,2068204,1098217,1145491,1259069,915060,1071048,1130389,1084230,868694,2736522,996163,678606,2704783,780857,1019785,0,1023602,1037485,2113581,969598,920180,9089332,5373725,903611,1139803,1188252,1981947,5501104,1049805,1091036,911557,1580120,1095309,1148915,1181980,878265,1194855,714512,1026190,4472884,992473,1005059,1223306,1225012,1091564,1184992,1210961,832962,2679562,3127982,933442,1159450,866063,985399,1174854,738123,1103563,1843703,4037883,1196599,1125552,1266107,980175
295199,746759,1444441,394888,416684,408572,447838,383401,449120,1891165,681500,5509703,5283147,1502630,456932,1712566,304436,5529286,4024160,811670,1740065,328563,470155,419248,2922628,4954484,464319,515903,806268,327629,823034,2351975,10384129,700810,447671,1626019,406094,1169772,488424,851283,375493,443321,308753,2382102,359377,402757,511789,498374,324466,381065,333756,505724,3093912,318489,1073658,3116319,693531,1370425,1023602,0,292455,2386113,403228,490706,9360698,5568025,496461,407809,447828,2310141,5839186,305425,343522,497697,2005348,343167,407589,443396,537851,453387,841574,289120,4823970,370585,313173,479126,481508,355002,448524,474807,586152,2942030,3462656,1232336,423756,510437,325375,439194,1007003,358175,1982377,4447353,452281,376192,518283,365941
273052,755370,1453626,369127,390601,382253,418263,365248,423381,1897304,696453,5522068,5295782,1512095,470987,1724215,284465,5547385,4043295,823953,1746086,337170,448310,392635,2934909,4965021,441060,472194,807683,302732,832081,2360604,10395584,714835,419780,1640616,383143,1183041,473409,865232,357860,420016,306470,2395311,329052,380288,493242,509683,293777,365904,311827,540519,3106611,304946,1088055,3126894,701850,1363236,1037485,292455,0,2397052,412819,492863,9366769,5533886,502640,385552,425401,2342390,5881281,280886,313743,485116,2015167,313708,376084,416959,552238,436326,849765,297171,4834325,378236,330934,462563,464329,324499,423307,449938,606397,2955833,3472457,1219827,390055,551514,345722,418769,1026570,345658,1992718,4454774,432228,335821,497120,374790
2386080,2206996,1890018,2490641,2501625,2495999,2517275,2473386,2515851,1672456,2242577,4365860,4120772,1942685,2319647,1818843,2392767,4503343,2957015,2183489,1751270,2339938,2523072,2499557,2035193,3868085,2522916,2574938,2178237,2428586,2197383,1641784,9422284,2203911,2514658,1824964,2498853,2066581,2544099,2176662,2455648,2519280,2435236,1452711,2445612,2486880,2568488,2277193,2428859,2474578,2426251,2267163,1930925,2362884,2090989,1947050,2216016,1945796,2113581,2386113,2397052,0,2344787,2299491,8625947,4715204,2297322,2496362,2526387,1527080,4848357,2411252,2437515,2288734,1636607,2446452,2499086,2512139,2280460,2515416,2194075,2372629,3872587,2338378,2363934,2531391,2535129,2438367,2517969,2527824,2259655,2197441,2479751,2071601,2506081,2268502,2341286,2515879,2108610,2450516,1951854,3346840,2522706,2476505,2582798,2342132
417265,711375,1424551,490738,500984,502842,522438,481621,522758,1887679,636460,5483013,5229253,1462424,409302,1669984,432570,5499884,3977568,785404,1724213,365509,548095,508160,2875816,4923668,543047,591155,777734,448429,781670,2327521,10370921,661332,519333,1584807,497028,1126730,570198,805107,469957,520225,449411,2351100,459677,502625,590635,452858,417414,482333,453600,478432,3047184,381497,1034670,3047663,653781,1333613,969598,403228,412819,2344787,0,457564,9328174,5540689,447765,504911,532664,2280013,5813056,426389,429858,440199,1967684,437467,477019,519608,499711,532625,795250,399866,4787202,375885,381549,561544,565468,459174,527116,549575,548510,2898644,3418138,1193084,474504,484301,361497,519458,983467,476869,1976811,4385403,531653,472542,578895,369215
503299,655529,1372321,576344,556206,576684,590452,571855,595712,1854077,592366,5401473,5180913,1412470,431112,1629080,516974,5453196,3934594,738576,1678183,471697,603425,578372,2836888,4878266,599903,649973,735686,532683,731618,2292925,10320799,609076,593945,1543133,578470,1097058,626310,764491,557019,593193,523783,2311478,556981,566855,644027,404676,526794,567731,525130,424416,3007004,481015,973796,3026675,619221,1278615,920180,490706,492863,2299491,457564,0,9275476,5502383,406781,576605,602354,2248569,5764458,516791,528604,397593,1918178,543737,574107,592586,425599,592853,743952,493512,4742300,453287,486949,613768,618106,540512,597456,603603,498182,2867584,3380440,1149036,577730,438035,453449,593170,942377,549373,1931987,4353941,597539,570074,655895,452551
9379981,9172621,8850231,9448864,9461036,9461554,9486904,9453939,9492786,8780589,9211824,7483221,7584241,8924400,9296076,8852910,9387378,7402228,8019300,9133462,8802771,9327961,9511543,9446922,8369262,7651582,9507301,9566673,9113228,9406635,9138558,8455213,5685475,9191156,9482451,8876901,9459796,9012576,9539138,9117499,9436337,9489115,9402869,8628222,9426697,9457733,9542431,9277686,9396750,9445213,9407790,9253016,8398088,9340799,9047944,8376113,9178935,8931265,9089332,9360698,9366769,8625947,9328174,9275476,0,7401395,9283813,9468147,9496840,8666185,7261194,9383857,9414018,9275711,8732652,9419941,9460211,9485032,9256641,9496457,9140806,9355942,7626738,9340427,9344463,9525924,9528720,9418270,9492950,9514575,9232850,8271270,8241784,9034630,9468854,9254229,9324949,9482514,9046069,9426909,8964427,7857511,9499451,9443412,9574021,9330607
5555748,5439786,5108912,5610013,5604919,5612875,5601321,5603426,5604383,4810390,5508413,3382524,3532970,5189069,5546533,5067849,5562073,3331719,4060005,5398143,4972768,5554806,5625048,5609941,4478313,3597653,5623062,5636200,5351577,5577046,5442971,4554366,7601450,5464425,5605888,5086668,5615473,5291559,5649369,5420574,5578400,5602992,5583634,4732015,5591640,5606480,5654720,5534215,5557033,5603606,5583533,5526537,4465633,5543616,5346061,4479226,5455678,5188752,5373725,5568025,5533886,4715204,5540689,5502383,7401395,0,5547078,5610020,5610945,4799094,3302375,5558792,5568501,5490020,4919093,5584954,5607594,5604437,5530024,5614384,5413049,5538783,3651539,5512252,5561630,5640039,5642701,5581097,5605445,5626212,5536905,4388869,4293413,5287203,5607263,5542040,5554456,5606241,5317570,5589516,5149388,3871308,5614642,5584183,5658294,5516876
507228,650240,1364242,597407,623871,614865,655151,593358,656781,1885284,567917,5418370,5149474,1401655,412423,1608915,511297,5433527,3909855,736225,1675618,456608,680740,627367,2819409,4857639,674874,725334,748909,528678,720523,2297554,10341754,602181,655328,1537578,613481,1092921,703391,754662,583296,656078,538402,2291249,559708,614052,723706,385567,527181,594808,540421,416833,2995621,470188,965235,3000168,610434,1266250,903611,496461,502640,2297322,447765,406781,9283813,5547078,0,615410,654717,2230398,5742429,509840,546867,403868,1891719,549256,616634,649259,444014,668042,735755,504069,4727859,472346,484544,694179,692883,557359,659711,682112,484147,2858759,3366993,1146547,622927,424620,463756,648225,932820,563102,1941948,4331522,663708,581649,732364,466874
370958,866038,1544440,184255,195995,180973,207265,204452,215423,1935368,805119,5551312,5430792,1629833,592421,1836741,343245,5658965,4163185,915425,1847170,469542,236998,195123,3042551,5105313,234698,272742,886957,308612,950865,2423226,10412424,827339,216922,1734972,186731,1288173,258201,978172,219002,218298,287624,2503411,244184,180042,272696,624347,312629,191192,284909,671391,3224055,447544,1220629,3261254,818904,1512404,1139803,407809,385552,2496362,504911,576605,9468147,5610020,615410,0,205909,2447738,6019379,346868,291335,602790,2149763,289928,186134,212751,665306,226616,954973,390063,4948083,436934,426928,247013,249021,263619,216779,236582,732013,3059409,3587577,1335255,197069,673794,469370,205043,1123658,269782,2064028,4587774,223084,214357,277746,439416
407955,900135,1590367,224990,162700,202508,138844,234863,146458,1952011,844542,5578779,5479295,1673320,638040,1875710,387488,5699056,4206294,963336,1879901,517969,162251,180216,3071682,5157822,162651,202379,924354,350523,999200,2450703,10441905,842474,143449,1770509,192564,1325282,188570,1028927,237173,145171,324079,2542962,281895,179825,203329,658318,344618,226871,317470,709032,3261398,488783,1263502,3307963,853519,1553455,1188252,447828,425401,2526387,532664,602354,9496840,5610945,654717,205909,0,2486483,6061002,400067,317008,635421,2204362,325647,191841,142878,702361,152729,982436,416720,4987868,463043,467841,177854,177822,308442,145280,168915,778086,3100832,3630444,1371840,167812,722257,515153,142088,1163993,302773,2090147,4621905,152431,253478,206731,474585
2343080,2097896,1742664,2437145,2448203,2444501,2480083,2420996,2482651,1570888,2156807,4441454,4175182,1793653,2255311,1679717,2353635,4545425,2989521,2076097,1637770,2293336,2503474,2450803,2083759,3907363,2502448,2556628,2070675,2368272,2075441,1679798,9525450,2130821,2478302,1712568,2441369,1921523,2527181,2049472,2418924,2480828,2354026,1443337,2397944,2444648,2551494,2232565,2364103,2426698,2377359,2180075,1962787,2314002,1939791,1979954,2117536,1807974,1981947,2310141,2342390,1527080,2280013,2248569,8666185,4799094,2230398,2447738,2486483,0,4873551,2345892,2387479,2241512,1516637,2386516,2444842,2474743,2202716,2491922,2073259,2328247,3924611,2304082,2319386,2520733,2524237,2389673,2485505,2507016,2175717,2255569,2527955,1923623,2451401,2180564,2291352,2476099,1957264,2402372,1857334,3362286,2492158,2417937,2558586,2299214
5888129,5625969,5236179,5995838,6026128,6013340,6051068,5991249,6060826,5088121,5670684,3366903,3440537,5281116,5761632,5168104,5902244,3248872,4052078,5589178,5117487,5817027,6084619,6031762,4534056,3541958,6080677,6129447,5582000,5923619,5599180,4732071,7552607,5656958,6054553,5208003,6014076,5428406,6103276,5560009,5988043,6051139,5913123,4826962,5963333,6016747,6125253,5752876,5925112,5992415,5938706,5697332,4525560,5849953,5448160,4479113,5629387,5313975,5501104,5839186,5881281,4848357,5813056,5764458,7261194,3302375,5742429,6019379,6061002,4873551,0,5897831,5946722,5756643,4990270,5938375,6013583,6046176,5723595,6066457,5589654,5874894,3608844,5847305,5856195,6092142,6098092,5957418,6058442,6083309,5688764,4431608,4303822,5429760,6032360,5692101,5820019,6048956,5470603,5965971,5335131,3842487,6066635,5984950,6131405,5840095
273000,769088,1452042,326301,360143,345963,393345,315868,397461,1909172,710089,5520284,5310838,1523731,487669,1743085,249155,5549851,4055403,832447,1758580,354320,419996,358941,2945657,4984769,417268,462522,813587,254610,845829,2367062,10401728,733039,370310,1652724,341837,1194859,441225,887920,318996,374784,259130,2406465,286198,353650,452694,520001,250937,325486,266827,553985,3124171,342128,1112953,3136358,714884,1395286,1049805,305425,280886,2411252,426389,516791,9383857,5558792,509840,346868,400067,2345892,5897831,0,273639,522294,2029751,268150,344272,392677,565350,413066,864913,310457,4822967,389190,335784,434097,439245,279237,399073,423184,620493,2973695,3487639,1256009,360331,560518,362704,393357,1026750,290172,2000094,4471586,407752,310137,462728,380682
310781,807741,1491375,277774,294152,289588,311708,275407,314824,1923185,747502,5525141,5356987,1567228,531242,1779000,290588,5596750,4094968,869206,1795113,403189,335185,294840,2986316,5026268,328781,362575,836676,244257,889556,2385855,10407491,754448,312411,1680961,290474,1227034,346184,921631,258847,308629,229441,2436456,249235,284083,362579,560394,223860,271027,234894,595220,3164216,381361,1150912,3172057,754051,1434283,1091036,343522,313743,2437515,429858,528604,9414018,5568501,546867,291335,317008,2387479,5946722,273639,0,529739,2085624,220549,268375,311894,592889,322697,894416,328992,4873304,391657,374105,336430,342370,237156,317450,330369,670172,3010806,3528200,1287642,261004,603711,405919,312042,1058069,247543,2021563,4497925,325339,261804,348879,407983
519762,661850,1374912,600583,615529,599735,625989,590692,627993,1854860,579677,5398844,5172234,1403167,416391,1614509,528231,5443377,3926183,737311,1675676,470212,641266,608279,2825325,4865405,632762,647232,722063,547258,732757,2293698,10317812,602427,624428,1545228,609413,1098425,645995,763074,569408,622972,545872,2310043,564104,603046,665580,401321,530173,588890,555769,432995,3007263,462352,969307,3009520,623366,1252986,911557,497697,485116,2288734,440199,397593,9275711,5490020,403868,602790,635421,2241512,5756643,522294,529739,0,1903045,552590,598102,626153,441606,632380,729845,489213,4733829,445450,482230,640179,641539,553337,625013,636872,492153,2853925,3379417,1127341,602143,432024,468242,622579,944492,559506,1930842,4342356,630608,560813,671990,462590
2020133,1711071,1323723,2132292,2162248,2144928,2197830,2128447,2202502,1207473,1794418,4574565,4299351,1374200,1921848,1243910,2046290,4656754,3095188,1679382,1213865,1961605,2225255,2158472,2229218,4018968,2220961,2274617,1702494,2067979,1684594,1722279,9660899,1775822,2195647,1301067,2144594,1529204,2252436,1661503,2119671,2195919,2069433,1581210,2094075,2149953,2274441,1895486,2055964,2125927,2073646,1853188,2122160,1974925,1541180,2087725,1756329,1400017,1580120,2005348,2015167,1636607,1967684,1918178,8732652,4919093,1891719,2149763,2204362,1516637,4990270,2029751,2085624,1903045,0,2082069,2150015,2192392,1860231,2209953,1687398,2013508,4033842,1986547,1993787,2240196,2240536,2086604,2202180,2227173,1809760,2325384,2643028,1520846,2166154,1845341,1965417,2189796,1578431,2101201,1567171,3475465,2204623,2105508,2285749,1981041
316540,813752,1487256,276033,297595,286381,325131,272184,325685,1932644,748641,5538838,5364624,1563329,527295,1775565,287419,5599761,4098039,872029,1793868,400270,346894,293683,2985435,5033195,342814,381422,849161,246468,887493,2390040,10415576,766831,321726,1684212,284561,1235963,368249,923210,259910,321912,230196,2449731,243064,290814,382512,560157,225275,268272,227381,597871,3162943,373142,1147129,3168426,757354,1435990,1095309,343167,313708,2446452,437467,543737,9419941,5584954,549256,289928,325647,2386516,5938375,268150,220549,552590,2082069,0,261538,321825,599196,335696,893985,336403,4877655,407178,376992,357573,359191,229457,324381,345528,662591,3010483,3525881,1283817,280323,607580,405040,320383,1065012,245084,2025362,4495344,334614,258131,367852,411908
367618,863326,1541298,184193,159913,163219,185807,206248,190701,1924076,802199,5543798,5437068,1634233,594923,1834295,340967,5658491,4163919,919047,1846892,469966,211118,159879,3043337,5111683,209954,254478,889455,306710,951313,2421392,10411176,825471,181512,1732632,150381,1287661,239097,986004,215612,181408,279124,2502369,245706,152920,255196,621777,284977,191110,274147,660367,3218727,436910,1219345,3235418,810140,1509262,1148915,407589,376084,2499086,477019,574107,9460211,5607594,616634,186134,191841,2444842,6013583,344272,268375,598102,2150015,261538,0,185435,655528,201528,949381,391313,4939333,440296,429804,223975,228459,271689,197089,211974,727655,3063047,3591729,1329433,137091,672804,471050,180801,1116740,291382,2062346,4563796,199322,211793,241400,445172
395091,888373,1578445,213152,154182,187828,116558,214003,119216,1946935,828250,5574167,5468791,1644730,620510,1846934,374724,5692328,4192714,951454,1871507,507169,119249,170910,3039972,5142796,133777,190079,914858,330451,986574,2444965,10430769,835134,117267,1755971,162326,1314552,166360,1011899,221955,118521,314143,2529410,254691,175857,186877,643790,331030,213827,304930,695090,3254148,483963,1256710,3300535,840589,1548007,1181980,443396,416959,2512139,519608,592586,9485032,5604437,649259,212751,142878,2474743,6046176,392677,311894,626153,2192392,321825,185435,0,695971,128245,972100,409844,4977774,458619,457721,152146,137980,295894,119850,143473,767518,3090162,3618948,1360456,164380,714017,505403,126578,1148477,320823,2082055,4613727,129225,243040,196687,467553
554366,626356,1339666,648617,644885,657515,693801,641466,696001,1874232,548645,5384360,5123778,1375885,454387,1581765,560811,5401379,3878305,701423,1654572,501946,722774,664673,2791721,4830807,716232,761094,716597,582466,689061,2272406,10336438,575571,694380,1503892,661487,1072339,738821,729618,632132,697094,590786,2283539,615634,659596,755574,429933,579445,638510,595851,395523,2969219,518790,934949,2969036,593998,1245304,878265,537851,552238,2280460,499711,425599,9256641,5530024,444014,665306,702361,2202716,5723595,565350,592889,441606,1860231,599196,655528,695971,0,707176,700329,544091,4709453,514644,533240,732641,736365,604131,699829,722160,454061,2830765,3346879,1122557,670981,397918,483878,692785,913530,613758,1936244,4296834,709396,632875,765146,515852
392062,901168,1594288,228955,168625,203147,123899,230784,115505,1955228,853163,5582044,5489628,1677721,643641,1881579,382015,5710145,4212705,971663,1880456,528564,102834,183283,3074887,5165655,101432,165202,916081,348176,998059,2462580,10433376,844403,121700,1766078,200005,1328905,137637,1027580,234128,130642,324712,2543937,290572,168134,162778,660759,349909,226872,320543,711017,3270893,499156,1271395,3317222,857840,1562142,1194855,453387,436326,2515416,532625,592853,9496457,5614384,668042,226616,152729,2491922,6066457,413066,322697,632380,2209953,335696,201528,128245,707176,0,983897,420253,4992693,465480,472640,121055,127089,305305,121891,107572,782885,3110765,3637483,1371799,174333,729410,518500,138865,1163888,325136,2090018,4630506,111770,258561,170582,480442
846541,597537,1199519,932760,951920,951026,971404,927293,979800,1748835,635932,5229807,4959379,1215710,762880,1437158,863730,5269774,3727556,568558,1524257,797837,996895,958570,2692544,4648598,993123,1058813,645166,879003,557852,2174643,10274321,620260,976941,1347399,942076,938024,1031394,608667,920855,982269,884489,2148794,905323,953531,1054799,729036,882914,922195,884650,697524,2827868,820283,765582,2807687,616807,1092075,714512,841574,849765,2194075,795250,743952,9140806,5413049,735755,954973,982436,2073259,5589654,864913,894416,729845,1687398,893985,949381,972100,700329,983897,0,840552,4559120,803301,828257,1014228,1019458,886972,982496,998725,671036,2714016,3212504,1000034,955866,699299,809035,974406,796657,904931,1836243,4145995,988991,924942,1064187,789987
300741,751601,1449133,380662,389738,384206,408068,366255,407196,1867435,679270,5487287,5284957,1499004,465336,1716838,316520,5533898,4032838,818434,1735779,333275,431039,390756,2916636,4957314,424951,475141,786184,312557,820178,2342817,10367685,700174,412077,1622857,388246,1170060,451920,863567,356301,414061,325355,2385566,349647,388059,472549,503190,316082,370245,328518,532786,3104730,327887,1085038,3129783,689579,1380987,1026190,289120,297171,2372629,399866,493512,9355942,5538783,504069,390063,416720,2328247,5874894,310457,328992,489213,2013508,336403,391313,409844,544091,420253,840552,0,4827460,345527,318901,443504,444828,334174,406912,430835,601566,2936672,3462566,1234924,395296,528947,336137,403478,1005091,351821,1978165,4454917,418439,374914,482307,358659
4837021,4597991,4213553,4933416,4959178,4947924,4978252,4925729,4985016,4108055,4634280,3038959,2674971,4255586,4743332,4164764,4853310,3269408,3225164,4555066,4133777,4790265,5001211,4957388,3566072,2690492,4993893,5049439,4561216,4869421,4562168,3730861,8090493,4622030,4954935,4201559,4948172,4385170,5024202,4541039,4908861,4960105,4872819,3862594,4895103,4944467,5042115,4730538,4855476,4925313,4869876,4696486,3515768,4807827,4433650,3475273,4610321,4288331,4472884,4823970,4834325,3872587,4787202,4742300,7626738,3651539,4727859,4948083,4987868,3924611,3608844,4822967,4873304,4733829,4033842,4877655,4939333,4977774,4709453,4992693,4559120,4827460,0,4811645,4814311,5013286,5014636,4884102,4983536,5000289,4671544,3459198,3379240,4389212,4958794,4699357,4790143,4977820,4451907,4901133,4362731,3054119,4988927,4921630,5052067,4802767
379520,722272,1431422,430615,439727,434503,451381,417716,453753,1843416,656761,5449950,5260874,1482019,437155,1691861,389613,5507391,4011735,779715,1722346,348980,472232,442353,2894109,4939875,471462,510156,767713,392216,799317,2313284,10334790,666965,461356,1598768,438663,1147633,486099,834512,402688,457372,400466,2352571,408808,427352,505912,475461,386259,421800,400791,506269,3078961,360004,1047201,3103330,674630,1350600,992473,370585,378236,2338378,375885,453287,9340427,5512252,472346,436934,463043,2304082,5847305,389190,391657,445450,1986547,407178,440296,458619,514644,465480,803301,345527,4811645,0,358156,479423,482585,394703,457261,447042,568621,2905737,3437579,1210871,447703,507418,350000,460503,982702,413688,1952322,4426914,465716,421731,514580,327950
337020,740992,1438842,414945,436127,424769,454907,408096,459763,1882098,665409,5500712,5254668,1488377,441255,1699817,343089,5512237,4009803,805859,1728048,313660,480122,437721,2908477,4942357,476708,535538,794951,365374,806503,2338032,10373836,688041,460210,1612028,428195,1150995,506689,837186,401176,463228,360906,2372195,376106,430128,530702,480877,360781,406916,364951,514005,3081339,312940,1064133,3106204,677298,1358556,1005059,313173,330934,2363934,381549,486949,9344463,5561630,484544,426928,467841,2319386,5856195,335784,374105,482230,1993787,376992,429804,457721,533240,472640,828257,318901,4814311,358156,0,492231,493479,377547,459285,482154,573577,2928339,3443575,1219537,440593,517812,320344,452467,999644,389508,1981784,4440926,470976,395455,541104,352340
439217,928671,1627195,254684,200978,198082,148494,254609,142890,1969385,877172,5585209,5513407,1704448,660948,1905788,410658,5731790,4243754,998624,1901429,555027,96875,199070,3087404,5190926,106915,105343,936812,385289,1027954,2466103,10448869,869798,146445,1790655,223682,1332452,83260,1058079,255221,147713,354999,2567384,303709,211183,100897,684968,379492,258075,346700,743556,3305496,533183,1302984,3344263,882603,1586951,1223306,479126,462563,2531391,561544,613768,9525924,5640039,694179,247013,177854,2520733,6092142,434097,336430,640179,2240196,357573,223975,152146,732641,121055,1014228,443504,5013286,479423,492231,0,70036,331348,143428,99735,809774,3126924,3657320,1394292,194684,756255,551997,164908,1191377,345069,2114103,4662203,131449,282240,109859,502157
443681,933425,1630237,260502,204266,222928,155396,253957,150222,1969693,879566,5591963,5516801,1682970,664424,1890186,414480,5738670,4246106,1002556,1904717,558063,82777,202290,3074978,5195136,107867,97253,940834,385179,1036060,2488565,10447411,870698,147597,1793243,211838,1352926,77020,1063605,254841,149991,357337,2569986,292409,212073,96641,688430,382280,256217,347592,745566,3306798,534041,1306978,3349267,884307,1590579,1225012,481508,464329,2535129,565468,618106,9528720,5642701,692883,249021,177822,2524237,6098092,439245,342370,641539,2240536,359191,228459,137980,736365,127089,1019458,444828,5014636,482585,493479,70036,0,335414,146540,99959,813512,3132324,3662536,1398108,197946,760755,554555,169872,1189913,344359,2112369,4667173,134953,283092,105459,507251
311133,812301,1487157,259774,277866,262796,291106,251307,301012,1894955,753880,5530955,5368309,1572958,531830,1778474,293696,5601740,4095608,870612,1793589,408085,315791,278038,2982090,5036654,313861,365905,849472,247093,893970,2385409,10401533,763802,299575,1683191,271314,1236858,338566,920091,244719,302429,232295,2444794,228981,273547,363787,560744,251834,250373,224816,598888,3165434,384693,1150548,3196893,754569,1450579,1091564,355002,324499,2438367,459174,540512,9418270,5581097,557359,263619,308442,2389673,5957418,279237,237156,553337,2086604,229457,271689,295894,604131,305305,886972,334174,4884102,394703,377547,331348,335414,0,277866,312001,668926,3009962,3530722,1289916,285172,612635,408701,292524,1067743,235753,2016591,4526739,309515,248002,373351,403255
405479,893593,1586855,221212,162044,198988,117402,232115,113444,1926153,839822,5575647,5479891,1669804,630996,1871926,379022,5703808,4206768,959814,1872849,516713,134013,174182,3064556,5154206,133715,170361,915428,350329,995950,2451051,10433717,840802,113445,1761893,196440,1322604,153208,1018913,224151,122429,324213,2536028,278597,180263,169645,654880,343390,229541,315554,709748,3266224,490125,1261432,3309255,851213,1555001,1184992,448524,423307,2517969,527116,597456,9492950,5605445,659711,216779,145280,2485505,6058442,399073,317450,625013,2202180,324381,197089,119850,699829,121891,982496,406912,4983536,457261,459285,143428,146540,277866,0,129621,776634,3102252,3628320,1366152,168002,724461,514077,128542,1157507,320671,2086595,4622639,121263,250470,177933,472653
425590,917598,1610946,244991,186489,213395,138805,244762,132673,1955778,866337,5585560,5499042,1692983,649311,1901413,399949,5726291,4230491,980937,1890614,541534,91356,195555,3085995,5179743,103642,129046,929975,375552,1016285,2477654,10441046,862373,135880,1782608,218833,1344835,108961,1047602,242650,136352,341304,2556505,301292,201818,126262,677005,364269,243384,337075,732309,3285959,518870,1288287,3330382,873890,1576762,1210961,474807,449938,2527824,549575,603603,9514575,5626212,682112,236582,168915,2507016,6083309,423184,330369,636872,2227173,345528,211974,143473,722160,107572,998725,430835,5000289,447042,482154,99735,99959,312001,129621,0,800871,3116839,3651943,1383855,184171,748846,535822,151737,1185964,334452,2102094,4646452,125232,270435,131564,494436
608891,593297,1315869,714324,738370,727644,770230,708583,775022,1872339,515646,5363015,5088321,1328460,502468,1550894,621600,5374776,3849704,673614,1635471,529759,795367,743602,2764810,4778014,791091,854181,698282,649869,657166,2261659,10345619,549988,770225,1460239,728652,1040060,822772,696557,703805,772179,653735,2251846,675339,729767,848951,479622,644164,707705,653174,443218,2924826,570221,892352,2928511,570035,1210261,832962,586152,606397,2259655,548510,498182,9232850,5536905,484147,732013,778086,2175717,5688764,620493,670172,492153,1809760,662591,727655,767518,454061,782885,671036,601566,4671544,568621,573577,809774,813512,668926,776634,800871,0,2803952,3305208,1087280,748104,440409,555881,764698,890441,681217,1925919,4262395,758833,702634,861413,565165
2959579,2757693,2476997,3048342,3076174,3061506,3093234,3048201,3100528,2362475,2794898,3938693,3671545,2544256,2864222,2445202,2981422,4106080,2548624,2720084,2390783,2898701,3119207,3073432,1953316,3478376,3112621,3163353,2705884,2998491,2733164,2032281,9016127,2775818,3094147,2484157,3063586,2630176,3144786,2726469,3040023,3101617,3001689,2192552,3024579,3060347,3159193,2855080,2991764,3045247,3007366,2810916,1966846,2920703,2651330,1963095,2755775,2549305,2679562,2942030,2955833,2197441,2898644,2867584,8271270,4388869,2858759,3059409,3100832,2255569,4431608,2973695,3010806,2853925,2325384,3010483,3063047,3090162,2830765,3110765,2714016,2936672,3459198,2905737,2928339,3126924,3132324,3009962,3102252,3116839,2803952,0,2095572,2637836,3079670,2813305,2906137,3092244,2634243,3023891,2558585,2946599,3102921,3040896,3170835,2905117
3479227,3249925,2871757,3553786,3599222,3586644,3616090,3566769,3621778,2718361,3265914,3720597,3455927,2921362,3361728,2811814,3491606,3957004,2392064,3198578,2756411,3417115,3643229,3596050,2176108,3286614,3622073,3703333,3198970,3506781,3203660,2362825,8852257,3286430,3623785,2848977,3583198,3072226,3674906,3205115,3563159,3623959,3513257,2449568,3531457,3586945,3698311,3372970,3507414,3566293,3516638,3335476,2180808,3441123,3097812,2147903,3254035,2949803,3127982,3462656,3472457,2479751,3418138,3380440,8241784,4293413,3366993,3587577,3630444,2527955,4303822,3487639,3528200,3379417,2643028,3525881,3591729,3618948,3346879,3637483,3212504,3462566,3379240,3437579,3443575,3657320,3662536,3530722,3628320,3651943,3305208,2095572,0,3065994,3599644,3334387,3423487,3617006,3114573,3546483,2982263,2753251,3635165,3561114,3709845,3433511
1246527,1018517,1097099,1321730,1340032,1332766,1362212,1321321,1367522,1603637,1068392,5040563,4785303,1059368,1169792,1272758,1257264,5105446,3561832,994558,1404865,1203811,1384355,1341062,2553568,4479740,1379817,1403649,994512,1272365,1002864,2100027,10093483,1049774,1361687,1168087,1332902,855528,1405030,980335,1307377,1364345,1284995,1998118,1290921,1333195,1421307,1144180,1263824,1319945,1282502,1118628,2630936,1194737,887862,2595423,1041285,930991,933442,1232336,1219827,2071601,1193084,1149036,9034630,5287203,1146547,1335255,1371840,1923623,5429760,1256009,1287642,1127341,1520846,1283817,1329433,1360456,1122557,1371799,1000034,1234924,4389212,1210871,1219537,1394292,1398108,1289916,1366152,1383855,1087280,2637836,3065994,0,1341768,1115431,1206275,1362674,898063,1302083,1788915,3953487,1371949,1288056,1427097,1208659
378135,867163,1557583,199614,130330,178880,158182,216175,167158,1937629,812872,5552127,5448803,1652018,607352,1848794,357164,5673588,4179018,930482,1856857,485377,186031,144498,3049914,5123936,181837,222003,895960,323005,968580,2431109,10420929,823322,158899,1743419,160428,1294588,205164,998357,214599,154431,292495,2508592,256755,161735,223513,628478,297288,198963,289598,674020,3228878,456091,1231962,3253959,822751,1522433,1159450,423756,390055,2506081,474504,577730,9468854,5607263,622927,197069,167812,2451401,6032360,360331,261004,602143,2166154,280323,137091,164380,670981,174333,955866,395296,4958794,447703,440593,194684,197946,285172,168002,184171,748104,3079670,3599644,1341768,0,686771,479599,164060,1132491,294083,2071365,4575179,173715,224222,209687,457043
552070,618142,1336556,660547,682737,677655,713485,651316,718827,1878640,535643,5390918,5112516,1366507,438465,1573031,563223,5397281,3868585,698003,1651994,488288,744766,688743,2787657,4806855,740622,796004,718535,581502,683391,2278772,10338444,569447,717182,1488578,674713,1056643,766171,721436,642422,716818,574440,2279529,616722,672848,790892,418983,580475,651058,593969,358551,2963167,515524,923913,2953868,575334,1231454,866063,510437,551514,2268502,484301,438035,9254229,5542040,424620,673794,722257,2180564,5692101,560518,603711,432024,1845341,607580,672804,714017,397918,729410,699299,528947,4699357,507418,517812,756255,760755,612635,724461,748846,440409,2813305,3334387,1115431,686771,0,486194,706091,905488,623284,1925428,4294390,729302,642691,797984,501876
345674,725960,1420308,452565,455995,469091,507749,453882,510653,1885940,645955,5493420,5238946,1463525,421857,1675347,369765,5499273,3981805,785399,1714892,295528,535506,480883,2884379,4917295,532272,584826,784539,386490,793973,2332048,10377468,670351,506860,1585700,471723,1136317,559455,822976,447064,510942,389026,2345139,421814,472434,579704,457147,383391,449332,393341,485103,3065341,310538,1035409,3081608,653978,1330114,985399,325375,345722,2341286,361497,453449,9324949,5554456,463756,469370,515153,2291352,5820019,362704,405919,468242,1965417,405040,471050,505403,483878,518500,809035,336137,4790143,350000,320344,551997,554555,408701,514077,535822,555881,2906137,3423487,1206275,479599,486194,0,504873,974186,422676,1975972,4411746,518916,437777,586958,356124
397311,884483,1575687,211700,154778,190630,129960,225173,128936,1948101,826562,5574403,5463333,1664804,621934,1868668,369558,5692236,4190924,947386,1869765,503391,150985,171796,3066248,5143858,147097,201583,912058,339065,983234,2442709,10431033,837686,131591,1758379,186012,1308964,178570,1013777,222629,136277,314675,2528578,272805,175083,198741,648720,333234,219839,308130,695748,3253924,483229,1254136,3298291,841307,1550801,1174854,439194,418769,2515879,519458,593170,9482514,5606241,648225,205043,142088,2476099,6048956,393357,312042,622579,2189796,320383,180801,126578,692785,138865,974406,403478,4977820,460503,452467,164908,169872,292524,128542,151737,764698,3092244,3617006,1362674,164060,706091,504873,0,1154771,315953,2083391,4616337,135367,240706,204973,461227
1021430,823950,1113630,1109877,1129495,1117393,1154103,1084628,1158811,1623330,863725,5111986,4848090,1114039,948771,1307813,1032669,5150793,3620099,787911,1425196,970998,1175198,1130099,2593457,4525871,1174738,1230070,757739,1023678,811019,2074988,10121118,852707,1157400,1224176,1110179,828483,1203885,776050,1098010,1158000,1056318,2052651,1067056,1113608,1226036,929121,1053875,1079498,1054043,897239,2711367,992480,704165,2688616,824834,995694,738123,1007003,1026570,2108610,983467,942377,9046069,5317570,932820,1123658,1163993,1957264,5470603,1026750,1058069,944492,1578431,1065012,1116740,1148477,913530,1163888,796657,1005091,4451907,982702,999644,1191377,1189913,1067743,1157507,1185964,890441,2634243,3114573,898063,1132491,905488,974186,1154771,0,1079204,1773702,4028990,1165990,1099231,1236640,977148
331526,824018,1506582,273891,292675,284291,319057,270296,320803,1919512,764227,5534506,5380756,1583021,544945,1796157,305513,5615269,4116153,881309,1805948,422888,335758,293607,3002359,5049709,333188,368046,869427,262758,908441,2403960,10408730,780737,321896,1697928,283531,1247533,349769,936134,262342,320140,246314,2457823,255356,282800,370966,566343,265053,269824,237831,612803,3183055,396976,1168469,3210006,776088,1462630,1103563,358175,345658,2450516,476869,549373,9426909,5589516,563102,269782,302773,2402372,5965971,290172,247543,559506,2101201,245084,291382,320823,613758,325136,904931,351821,4901133,413688,389508,345069,344359,235753,320671,334452,681217,3023891,3546483,1302083,294083,623284,422676,315953,1079204,0,2035506,4539668,329342,264819,372680,411820
1997952,1873044,1633760,2051763,2066421,2058773,2080005,2041866,2083531,1530692,1908361,4899962,4694410,1710845,1955765,1660495,2006471,5005899,3480421,1836645,1605356,1974742,2100148,2067753,2554451,4411609,2096666,2143534,1790259,2015462,1875851,1968940,9888126,1886269,2083856,1657608,2054613,1775467,2100705,1841862,2030596,2086774,2010020,1902775,2028782,2052486,2137222,1935115,2012793,2041040,1996125,1915059,2525601,1988254,1805337,2511586,1845308,1716324,1843703,1982377,1992718,1951854,1976811,1931987,8964427,5149388,1941948,2064028,2090147,1857334,5335131,2000094,2021563,1930842,1567171,2025362,2062346,2082055,1936244,2090018,1836243,1978165,4362731,1952322,1981784,2114103,2112369,2016591,2086595,2102094,1925919,2558585,2982263,1788915,2071365,1925428,1975972,2083391,1773702,2035506,0,3893726,2092142,2044857,2149714,1950822
4468336,4190486,3769408,4573905,4591453,4586159,4616891,4572206,4622003,3586384,4235579,3260588,2929956,3807441,4359377,3692323,4485375,3515091,2465201,4147717,3640614,4412522,4645666,4595899,3014769,2880485,4641236,4705564,4151181,4502342,4146575,3260550,8389256,4234669,4611836,3731902,4583429,3963347,4678199,4121376,4555082,4615578,4503018,3318935,4531714,4587546,4703262,4330551,4476191,4566644,4516963,4295003,3021845,4424064,3985631,2954892,4214676,3836256,4037883,4447353,4454774,3346840,4385403,4353941,7857511,3871308,4331522,4587774,4621905,3362286,3842487,4471586,4497925,4342356,3475465,4495344,4563796,4613727,4296834,4630506,4145995,4454917,3054119,4426914,4440926,4662203,4667173,4526739,4622639,4646452,4262395,2946599,2753251,3953487,4575179,4294390,4411746,4616337,4028990,4539668,3893726,0,4627726,4553875,4693648,4427354
410636,898184,1594330,229291,167019,202741,124845,237086,118969,1955364,847567,5582476,5487070,1676805,638591,1883267,385851,5707363,4212235,965479,1880474,499698,122202,177725,3072887,5158497,117296,166514,920635,354418,1000583,2459374,10430684,848399,117012,1769292,201569,1331383,142163,1028510,227898,126792,328338,2543587,287316,187194,162524,662053,350127,233518,320909,710235,3270909,499500,1270239,3313726,856498,1567848,1196599,452281,432228,2522706,531653,597539,9499451,5614642,663708,223084,152431,2492158,6066635,407752,325339,630608,2204623,334614,199322,129225,709396,111770,988991,418439,4988927,465716,470976,131449,134953,309515,121263,125232,758833,3102921,3635165,1371949,173715,729302,518916,135367,1165990,329342,2092142,4627726,0,255451,172478,477400
344603,830659,1506125,202286,220780,213730,245820,204519,248300,1935853,776396,5556951,5408177,1606588,563858,1809056,314516,5630052,4129944,889060,1823453,440707,270295,220130,3021522,5072858,267857,295327,874140,281769,924920,2404713,10404749,798788,246719,1716343,214790,1254626,291916,951145,200651,244993,265445,2471614,221633,212617,311879,588360,278378,196073,258476,635890,3193628,390013,1189272,3223419,791167,1459457,1125552,376192,335821,2476505,472542,570074,9443412,5584183,581649,214357,253478,2417937,5984950,310137,261804,560813,2105508,258131,211793,243040,632875,258561,924942,374914,4921630,421731,395455,282240,283092,248002,250470,270435,702634,3040896,3561114,1288056,224222,642691,437777,240706,1099231,264819,2044857,4553875,255451,0,318261,424273
483050,971672,1673302,292749,241799,261417,188741,292432,181495,2006318,919871,5614994,5551100,1745577,703043,1951093,460313,5777655,4292923,1042043,1940728,601194,142728,236799,3120765,5230825,147386,42842,977283,424306,1080869,2531272,10490718,909041,184458,1832746,268761,1393723,87957,1104090,292456,179604,400668,2609763,356054,255542,53860,734515,401067,299594,394393,786115,3339689,561988,1344455,3362116,932232,1624236,1266107,518283,497120,2582798,578895,655895,9574021,5658294,732364,277746,206731,2558586,6131405,462728,348879,671990,2285749,367852,241400,196687,765146,170582,1064187,482307,5052067,514580,541104,109859,105459,373351,177933,131564,861413,3170835,3709845,1427097,209687,797984,586958,204973,1236640,372680,2149714,4693648,172478,318261,0,548858
374046,722588,1429290,430693,450567,440923,465549,430200,474283,1862744,650649,5461794,5244392,1469013,431943,1692593,381891,5507273,3986901,778175,1719012,337254,490380,448537,2896795,4930291,487190,543516,757605,394080,797517,2306916,10338922,672395,469752,1594268,440121,1133185,515785,825726,417992,474314,396254,2349297,409428,444576,538472,473043,389841,429212,402777,494783,3067751,360142,1040113,3091776,661966,1357052,980175,365941,374790,2342132,369215,452551,9330607,5516876,466874,439416,474585,2299214,5840095,380682,407983,462590,1981041,411908,445172,467553,515852,480442,789987,358659,4802767,327950,352340,502157,507251,403255,472653,494436,565165,2905117,3433511,1208659,457043,501876,356124,461227,977148,411820,1950822,4427354,477400,424273,548858,0
