0,9917,17386,4478,4483,4689,4484,4761,24980,8807,65821,61731,18044,6596,20790,4778,68136,48384,11194,22814,5911,4934,4484,38595,52497,4783,5482,11963,4640,10462,33233,126957,9371,4769,19725,4555,15002,5251,4657,4759,17945,4690,4714,5475,6416,4831,4678,4733,36032,5417,13313,35319,4932,9668,17432,10555,5227,4870,5900,7163,13875,127560,71524,7076,5353,5283,28501,72217,4789,4692,7082,15463,4500,7634,4646,4979,10999,61148,5515,5115,5140,4692,4823,4931,52442,7755,42946,7585,15711,5722,4599,4548,21888,5283,4809,4908,5589,6220
9917,0,18244,10397,10373,10836,10223,10902,23401,9926,62414,58581,16492,9512,19070,9915,64238,45066,11271,21194,9852,11305,10478,36066,49371,11162,12062,11450,9956,10940,31270,122243,10190,11000,18378,10583,14014,11712,10910,10207,16622,10334,10737,12034,9873,10159,10524,10190,33307,9720,12818,32540,10082,10490,16209,10994,9789,9779,9497,9801,13074,123077,67991,9737,10978,10888,26146,68608,10057,9948,9801,14233,10642,10000,10887,11267,11094,57527,9872,11541,11589,10184,11034,11295,49232,10068,40099,9837,14911,9841,10064,10547,20309,11227,11011,11180,12200,9954
17386,18244,0,20082,20142,20688,19928,20786,23797,18099,59934,56387,19151,18490,20540,19243,61986,43427,18615,21985,18954,21144,20311,35105,47364,21023,22011,18642,19515,17918,30963,119155,17945,20791,19928,20285,18246,21621,20697,19771,18990,19902,20431,21987,19052,19709,20168,19783,32448,18885,18334,31754,19502,17823,18846,18436,18892,19025,18711,18598,18390,120124,65618,18532,20592,20527,25908,66628,19190,19506,18644,18079,20354,18594,20726,21126,18657,55914,19065,21429,21476,19702,20851,21187,47566,18554,38952,18543,18609,18917,19545,20261,21155,20886,20918,21050,22152,19121
4478,10397,20082,0,2619,2318,2819,2384,25635,8582,67070,63029,18595,6381,21461,3978,69536,49586,11568,23585,5619,2665,2611,39576,53773,2576,3225,12254,3440,10820,34156,128730,9505,2608,20520,2691,15564,3029,2531,3857,18552,3450,2888,3226,6484,4060,3061,3776,37160,5144,13801,36415,4217,9847,18135,10983,4858,4313,5775,7097,14414,129240,72941,7007,3609,3632,29479,73669,4077,3579,7100,15960,2630,7616,2547,2854,11503,62549,5269,2939,2951,3618,2786,2811,53747,8014,44226,7521,16220,5526,3539,2576,22781,3349,2693,2856,3337,6183
4483,10373,20142,2619,0,2234,2643,2309,25772,9067,67373,63304,18866,6544,21713,3982,69839,49858,11621,23691,5732,2292,1053,39790,54002,2400,2906,12219,3768,10884,34207,129015,9579,2472,20716,2557,15686,2754,2276,3808,18744,3403,2715,2947,6533,4030,2955,3726,37393,5178,13937,36620,4108,10090,18326,11029,4993,4302,5761,6924,14497,129492,73200,7229,3454,3389,29783,73938,4064,3427,6968,16156,2235,7585,2221,2625,11542,62679,5379,2677,2695,3699,2584,2568,53997,8151,44471,7690,16459,5612,3508,2405,22911,3079,2469,2493,3039,6136
4689,10836,20688,2318,2234,0,2604,626,26348,9483,68202,64066,19514,6891,22355,4148,70668,50638,11890,24300,5650,1546,2044,40447,54800,1618,1959,12448,3735,11402,34679,129919,9978,1872,21307,2297,16240,1887,1768,3906,19297,3469,2479,2010,6821,4116,2845,3835,38132,5508,14389,37403,4122,10475,18918,11511,5180,4654,6222,7401,14871,130421,74035,7454,3166,3281,30486,74717,4315,3621,7350,16794,2040,8008,1779,1857,11805,63554,5544,1785,1783,3659,1957,1664,54811,8531,45217,7684,17031,5826,3692,2306,23612,2626,1858,1710,2094,6290
4484,10223,19928,2819,2643,2604,0,2585,25564,8945,66911,62796,18577,6386,21337,4007,69324,49344,11363,23438,5543,2827,2457,39457,53574,2797,3420,12025,3798,10658,33828,128513,9368,2913,20474,2898,15422,3218,2688,3844,18429,3417,3008,3427,6352,3966,3063,3766,36960,5197,13547,36198,3907,9793,18090,10935,4889,4361,5452,6599,14178,129010,72791,7035,3458,3637,29362,73466,4114,3040,6809,15837,2227,7183,2405,3044,11212,62245,5262,3128,3145,3669,3009,3012,53561,8185,44052,7418,16157,5524,3316,2294,22675,3326,2921,2886,3540,5898
4761,10902,20786,2384,2309,626,2585,0,26411,9559,68293,64153,19555,6964,22411,4216,70756,50704,11938,24368,5680,1465,2103,40532,54890,1668,1857,12564,3779,11466,34727,130008,10012,1826,21374,2369,16335,1784,1725,3932,19403,3507,2485,1903,6828,4118,2843,3845,38214,5538,14434,37449,4104,10568,18979,11554,5292,4739,6273,7527,14942,130515,74134,7477,3150,3254,30555,74799,4315,3674,7460,16843,2062,8050,1858,1787,11832,63638,5559,1675,1682,3636,1859,1666,54898,8614,45287,7707,17102,5843,3611,2191,23686,2598,1839,1672,1991,6319
24980,23401,23797,25635,25772,26348,25564,26411,0,23410,57084,55789,22695,23861,23226,24726,60796,42814,23055,23811,24283,26808,25970,34720,46686,26762,27729,22794,24984,23391,29906,114102,23524,26455,23063,25917,22914,27339,26417,25377,22934,25527,26106,27700,24438,25273,25786,25365,32428,24414,22922,31761,24998,23622,22880,23267,24465,24705,24206,23789,23052,115934,59380,23917,26000,26004,26710,63632,24984,25096,23478,22552,26167,23673,26439,26743,22981,53955,24591,27149,27199,25240,26551,26856,46882,23908,38225,24034,23296,24529,25042,25900,23774,26484,26515,26780,27875,24371
8807,9926,18099,8582,9067,9483,8945,9559,23410,0,62080,58461,15541,7834,18670,8390,64156,44791,10866,20817,8452,9968,9223,35980,49116,9787,10844,11500,8159,10070,31538,122465,9119,9687,18032,9284,13561,10494,9555,9002,16216,9106,9484,10835,8730,8994,9310,9013,32937,8307,12480,32256,9119,9600,15924,10438,8228,8264,8224,8693,13127,123187,67658,8527,9752,9614,25749,68378,8639,8594,8682,13497,9345,8885,9609,10041,10852,57631,8751,10293,10340,8900,9792,10072,48900,8801,40289,8674,14432,8464,8550,9142,19654,10053,9811,9995,10983,9039
65821,62414,59934,67070,67373,68202,66911,68293,57084,62080,0,56653,57722,63510,54710,65598,57476,51595,61970,57250,64517,68833,67630,55442,55463,68700,69899,61823,65935,61313,58941,98009,62087,68291,57753,67532,59434,69469,68239,66359,58355,66686,67716,69882,64328,66148,67233,66385,52859,64655,60506,53293,65827,62245,58188,62211,64720,65023,64181,63563,60708,105340,61601,63558,67256,67302,55626,61293,65622,65938,63581,57715,67744,63385,68203,68682,62023,57788,65060,69177,69243,66404,68374,68830,55515,62951,56231,63504,59404,64633,65981,67467,56488,68055,68458,68753,70041,64486
61731,58581,56387,63029,63304,64066,62796,64153,55789,58461,56653,0,54708,59761,52652,61610,58868,51143,58122,54171,60601,64655,63486,53824,54421,64544,65724,57830,61954,57698,55559,106189,58366,64156,54703,63434,55897,65285,64064,62296,55066,62610,63574,65713,60427,62109,63113,62347,50969,60788,56730,51571,61797,58401,55284,58563,60845,61208,60224,59720,57031,108436,63155,59846,63173,63213,53179,62377,61787,61939,59563,54991,63598,59477,64068,64509,58158,56917,61052,65007,65072,62301,64207,64658,54208,59256,53768,59642,56168,60742,62008,63350,54346,63921,64316,64595,65861,60498
18044,16492,19151,18595,18866,19514,18577,19555,22695,15541,57722,54708,0,14166,18544,17533,59424,40885,17024,20522,17217,20018,19061,33870,45642,19861,21005,16953,17703,16092,30206,115984,15656,19628,18652,19099,16505,20610,19474,18419,17571,18577,19256,20985,17403,18310,18918,18422,30275,17128,16475,29541,18126,16534,17330,16657,17318,17419,16879,17083,16985,117389,63408,16624,19132,19129,23999,63652,17942,17847,16943,15574,19187,16827,19525,19998,17012,53633,17606,20361,20419,18304,19722,20072,45507,16714,37488,16654,16989,17276,17871,18943,19312,19594,19722,19968,21151,17630
6596,9512,18490,6381,6544,6891,6386,6964,23861,7834,63510,59761,14166,0,19280,6133,65811,46136,10585,21535,6566,7310,6679,36988,50450,7174,8103,11242,5942,9003,32170,124398,7211,7100,18613,6772,13948,7779,6871,6668,16735,6627,6934,8101,7019,6666,6769,6639,34099,6230,12479,33410,6715,8904,16339,10069,6183,6170,6408,7215,13139,125094,69405,7092,7319,7205,26739,69947,6312,6223,7177,14084,6767,7465,7007,7391,10589,59056,6689,7622,7662,6532,7207,7442,50362,7813,41365,7295,14669,6530,6152,6563,20407,7455,7173,7352,8243,6994
20790,19070,20540,21461,21713,22355,21337,22411,23226,18670,54710,52652,18544,19280,0,20499,58348,40279,19356,21045,19996,22809,21830,33363,44949,22710,23811,19491,20887,18593,30228,114449,18688,22386,19679,21820,18303,23399,22281,21151,19052,21341,21999,23789,19964,21022,21642,21157,29738,19853,18751,29142,20845,18820,19087,19219,19975,20246,19499,19577,19163,116065,62772,19390,21825,21764,24521,63222,20701,20667,19698,16664,21980,19454,22308,22764,19484,52793,20343,23149,23212,21065,22494,22846,45008,18986,37685,19535,18695,19996,20499,21692,20236,22345,22522,22787,23956,20348
4778,9915,19243,3978,3982,4148,4007,4216,24726,8390,65598,61610,17533,6133,20499,0,67924,48086,10994,22656,5440,4481,4003,38442,52327,4336,5206,11713,4234,10059,33242,126901,8957,4432,19678,4192,14806,4933,4208,4529,17604,4408,4401,5212,6285,4574,4328,4478,35823,5223,13195,35088,4622,9068,17322,10339,5015,4618,5663,6760,13762,127478,71449,6736,4958,4947,28203,72054,4605,4284,6924,15105,4119,7260,4236,4662,10934,61061,5277,4833,4866,4288,4547,4695,52269,7700,42854,7166,15504,5517,4289,4110,21765,5014,4461,4591,5364,6075
68136,64238,61986,69536,69839,70668,69324,70756,60796,64156,57476,58868,59424,65811,58348,67924,0,44700,63841,59232,66766,71315,70098,57658,56768,71203,72409,63420,68325,63412,60451,101029,64148,70772,59618,69968,61312,71923,70711,68800,60263,69152,70184,72374,66689,68596,69692,68829,54185,66973,62380,54171,68169,64365,60382,64298,67227,67481,66543,65710,62538,104089,62827,65753,69693,69747,56656,60704,67951,68313,65707,59959,70233,65529,70675,71137,63900,58918,67376,71679,71741,68720,70837,71349,56718,65361,57712,65496,61517,66987,68393,69897,58689,70510,70930,71229,72552,66630
48384,45066,43427,49586,49858,50638,49344,50704,42814,44791,51595,51143,40885,46136,40279,48086,44700,0,44807,41361,46947,51261,50098,41997,46028,51144,52326,44659,48391,44055,43476,104072,44762,50750,41358,50021,42381,51851,50661,48951,41638,49222,50188,52287,46982,48722,49738,48974,38648,47132,43266,38168,48331,45043,41621,44901,47391,47595,46742,46055,43738,106462,58898,46170,49749,49825,39390,56866,48087,48335,45911,41132,50216,45956,50658,51101,44804,51482,47634,51618,51680,48897,50839,51292,45483,45785,42898,45913,42479,47242,48466,49875,40424,50515,50893,51167,52478,47022
11194,11271,18615,11568,11621,11890,11363,11938,23055,10866,61970,58122,17024,10585,19356,10994,63841,44807,0,21165,10484,12356,11777,35784,48662,12320,13115,10639,11136,11417,29209,121194,11040,12072,18688,11745,14489,12819,12121,11192,16966,11383,11747,13129,10695,11063,11506,11205,33437,10937,12589,32535,10338,11169,16437,11366,10848,10980,10819,10290,12473,121253,67515,10839,11725,11908,26492,66687,11256,10660,9918,14799,11901,10335,12062,12356,10509,56251,10896,12589,12638,11297,12165,12313,48416,10888,39455,10681,15238,11013,11152,11752,20631,12203,12236,12159,13289,9835
22814,21194,21985,23585,23691,24300,23438,24368,23811,20817,57250,54171,20522,21535,21045,22656,59232,41361,21165,0,22030,24779,23888,33389,45032,24711,25722,21128,22871,20737,30106,115675,20920,24391,21280,23893,20218,25312,24322,23240,20662,23346,24048,25703,22120,23115,23699,23238,31024,21942,20920,30452,22707,21035,20550,21291,22238,22419,21762,21553,20886,116607,62612,21639,23865,23814,25580,63634,22733,22784,21616,19681,24080,21479,24391,24738,21428,53068,22373,25110,25164,23105,24489,24787,45617,21332,38145,21573,20767,21943,22766,23740,21905,24384,24511,24757,25864,22126
5911,9852,18954,5619,5732,5650,5543,5680,24283,8452,64517,60601,17217,6566,19996,5440,66766,46947,10484,22030,0,6206,5762,37832,51321,6203,6990,11309,5590,10014,32231,125484,8933,6076,19116,5872,14491,6730,6009,5782,17304,5778,5957,7019,6622,5720,5832,5761,34905,5834,12513,34174,5692,9496,16820,10166,5842,5652,6266,6997,13208,126056,70510,6898,6244,6364,27468,70657,5717,5504,6852,14664,5807,7346,6072,6416,10442,59888,6085,6551,6590,5784,6256,6340,51189,7787,42089,7086,14837,6054,5489,5781,21278,6476,6253,6239,7147,6258
4934,11305,21144,2665,2292,1546,2827,1465,26808,9968,68833,64655,20018,7310,22809,4481,71315,51261,12356,24779,6206,0,2023,40978,55394,1421,1351,13053,4165,11819,35230,130570,10432,1577,21774,2249,16739,1246,1581,4039,19836,3560,2499,1390,7016,4292,2931,3959,38717,5717,14837,37969,4348,10913,19427,11837,5602,4959,6479,7831,15372,131068,74654,7857,3234,3278,31037,75365,4451,3901,7797,17253,1994,8342,1672,1497,12219,64171,5781,1292,1289,3907,1700,1400,55404,8841,45765,8357,17453,6015,3717,2211,24166,2505,1584,1433,1416,6540
4484,10478,20311,2611,1053,2044,2457,2103,25970,9223,67630,63486,19061,6679,21830,4003,70098,50098,11777,23888,5762,2023,0,39992,54253,2039,2607,12436,3828,11047,34420,129287,9767,2199,20890,2463,15858,2432,2093,3794,18915,3393,2583,2651,6579,4024,2886,3718,37640,5240,14009,36825,4124,10203,18539,11185,5117,4373,5757,7042,14658,129785,73469,7251,3284,3354,29979,74202,4215,3528,7195,16255,1885,7567,1890,2368,11658,62911,5386,2405,2422,3633,2320,2319,54262,8240,44713,7778,16593,5648,3453,2219,23148,2893,2201,2249,2727,6242
38595,36066,35105,39576,39790,40447,39457,40532,34720,35980,55442,53824,33870,36988,33363,38442,57658,41997,35784,33389,37832,40978,39992,0,45248,40867,41975,35468,38649,35650,35993,109929,36083,40538,33222,39922,34318,41561,40475,39077,34026,39273,40049,41951,37686,38928,39681,39079,35471,37706,35345,35098,38606,36052,34161,36233,37812,38187,37413,37231,35043,111365,60863,36947,39868,39887,33695,61565,38645,38787,37290,33589,40139,36909,40481,40871,36197,52338,38000,41313,41376,38963,40623,40991,45793,36704,39651,36868,35119,37709,38685,39870,32995,40441,40645,40917,42113,37686
52497,49371,47364,53773,54002,54800,53574,54890,46686,49116,55463,54421,45642,50450,44949,52327,56768,46028,48662,45032,51321,55394,54253,45248,0,55292,56470,48818,52678,48500,47030,106181,49240,54880,45431,54122,46693,56034,54813,53044,46138,53371,54305,56443,51142,52810,53853,53056,43711,51469,47377,42988,52514,49205,45992,49008,51689,51913,51127,50526,47868,107814,60021,50422,53943,53945,44256,60083,52571,52668,50345,45835,54374,50245,54794,55246,49012,53123,51827,55752,55816,53010,54955,55383,47826,49708,46349,50199,46974,51194,52705,54087,45496,54701,55017,55320,56611,51213
4783,11162,21023,2576,2400,1618,2797,1668,26762,9787,68700,64544,19861,7174,22710,4336,71203,51144,12320,24711,6203,1421,2039,40867,55292,0,1486,13070,3999,11706,35119,130445,10327,1669,21677,2302,16576,1384,1624,3956,19701,3474,2446,1484,6961,4228,2887,3880,38596,5745,14758,37859,4241,10793,19313,11755,5516,4835,6453,7768,15343,130949,74525,7756,3164,3343,30876,75235,4545,3944,7778,17148,2010,8341,1565,1598,12175,64054,5730,1376,1378,3827,1770,1368,55294,8790,45624,8242,17387,5997,3829,2320,24069,2543,1595,1450,1551,6560
5482,12062,22011,3225,2906,1959,3420,1857,27729,10844,69899,65724,21005,8103,23811,5206,72409,52326,13115,25722,6990,1351,2607,41975,56470,1486,0,13853,4747,12711,36044,131638,11271,1926,22725,2808,17632,865,1959,4552,20776,4069,2864,503,7691,4791,3342,4482,39761,6488,15686,39030,4799,11743,20377,12652,6303,5657,7299,8609,16228,132158,75728,8627,3498,3539,32053,76418,5169,4552,8552,18191,2549,9193,2011,1627,12943,65249,6381,1072,1016,4406,1935,1371,56479,9666,46798,9102,18429,6699,4432,2831,25166,2634,1794,1457,435,7149
11963,11450,18642,12254,12219,12448,12025,12564,22794,11500,61823,57830,16953,11242,19491,11713,63420,44659,10639,21128,11309,13053,12436,35468,48818,13070,13853,0,11765,11767,27974,120580,11396,12889,18893,12587,14718,13598,12797,12095,17152,12200,12539,13873,11599,11871,12364,12084,33488,11655,12769,32549,10976,11741,16634,11995,11565,11690,11519,10814,12119,120266,67327,11499,12405,12610,26521,65544,11967,11261,10160,15162,12584,11124,12864,13204,10500,55335,11762,13369,13406,12058,12989,13064,48306,11849,39328,11118,15464,11742,11856,12433,20841,12878,13045,12971,14010,10239
4640,9956,19515,3440,3768,3735,3798,3779,24984,8159,65935,61954,17703,5942,20887,4234,68325,48391,11136,22871,5590,4165,3828,38649,52678,3999,4747,11765,0,10309,33362,127329,9039,4071,19794,3892,14941,4502,3970,4235,17892,4076,4020,4747,6362,4338,3993,4183,36165,5111,13207,35435,4420,9508,17455,10462,4838,4403,5720,6936,13914,127905,71779,6837,4613,4657,28301,72324,4350,3949,6840,15353,3896,7361,3946,4240,11024,61313,5257,4365,4394,4105,4122,4225,52659,7756,43156,7181,15800,5543,4073,3819,22035,4595,4099,4198,4864,6105
10462,10940,17918,10820,10884,11402,10658,11466,23391,10070,61313,57698,16092,9003,18593,10059,63412,44055,11417,20737,10014,11819,11047,35650,48500,11706,12711,11767,10309,0,31147,121453,9483,11542,17897,11189,13785,12375,11336,10670,16247,10828,11276,12715,10319,10733,11059,10682,32337,9950,12531,31856,10728,10425,15614,11158,10021,10075,9851,10131,13243,122154,67332,9999,11451,11424,25555,67578,10339,10447,10067,13811,11160,10101,11475,11866,11322,56765,10309,12184,12226,10621,11679,11946,48458,10109,39721,10058,14574,10065,10249,10937,19831,11748,11622,11804,12862,10463
33233,31270,30963,34156,34207,34679,33828,34727,29906,31538,58941,55559,30206,32170,30228,33242,60451,43476,29209,30106,32231,35230,34420,35993,47030,35119,36044,27974,33362,31147,0,114082,31465,34885,30323,34392,30347,35716,34873,33640,30227,33849,34461,36047,32520,33352,34139,33609,34209,32701,30135,33721,32523,31496,30271,31266,32896,32925,32623,31504,28881,111916,63710,32215,34112,34215,31093,60838,33227,32887,30915,30508,34531,31501,34832,35143,29595,51958,32882,35467,35521,33570,34924,35120,46278,32066,39060,31854,30732,32793,33397,34278,30587,34747,35048,35040,36203,31403
126957,122243,119155,128730,129015,129919,128513,130008,114102,122465,98009,106189,115984,124398,114449,126901,101029,104072,121194,115675,125484,130570,129287,109929,106181,130445,131638,120580,127329,121453,114082,0,122598,130008,116288,129172,118642,131164,129959,127798,116939,128216,129338,131603,125224,127539,128810,127843,108245,125801,119730,108151,127223,122537,117291,122178,126029,126485,125201,124414,119505,111424,100398,124230,128870,128868,111271,101976,127053,127436,124084,116880,129426,123964,129903,130362,121293,105186,126148,130915,130981,127758,130036,130560,105479,123707,108913,123995,118499,125841,127539,129130,114539,129700,130148,130462,131775,125296
9371,10190,17945,9505,9579,9978,9368,10012,23524,9119,62087,58366,15656,7211,18688,8957,64148,44762,11040,20920,8933,10432,9767,36083,49240,10327,11271,11396,9039,9483,31465,122598,0,10182,18096,9805,13758,10941,9954,9463,16325,9547,9944,11265,9209,9429,9729,9479,32977,8710,12559,32353,9424,9728,16026,10587,8816,8832,8734,9026,13149,123413,68148,8977,10170,10074,25885,68515,9035,9019,8887,13847,9840,9214,10141,10510,10968,57729,9202,10765,10800,9327,10336,10547,49227,9283,40376,8988,14451,8893,8966,9611,19911,10425,10292,10437,11414,9319
4769,11000,20791,2608,2472,1872,2913,1826,26455,9687,68291,64156,19628,7100,22386,4432,70772,50750,12072,24391,6076,1577,2199,40538,54880,1669,1926,12889,4071,11542,34885,130008,10182,0,21351,2240,16362,1727,1663,3671,19435,3236,2203,1889,6596,3871,2591,3614,38248,5540,14504,37471,4335,10618,19014,11500,5353,4822,6310,7624,15109,130513,74113,7582,3327,3299,30589,74841,4402,3901,7582,16829,2180,8170,1852,1782,12020,63678,5573,1734,1753,3759,1872,1772,54878,8514,45287,8107,17076,5759,3627,2325,23738,2653,1683,1798,1981,6454
19725,18378,19928,20520,20716,21307,20474,21374,23063,18032,57753,54703,18652,18613,19679,19678,59618,41358,18688,21280,19116,21774,20890,33222,45431,21677,22725,18893,19794,17897,30323,116288,18096,21351,0,20840,17493,22327,21243,20171,18025,20375,20971,22700,19187,20095,20633,20157,30565,18994,17890,30085,20156,18291,18292,18386,19346,19329,18845,18889,18579,117383,63836,18590,21041,20987,24757,64039,19711,19960,18735,17296,21002,18598,21306,21725,18844,53913,19480,22108,22160,20136,21500,21800,45475,18365,38129,18608,18302,19146,19755,20744,20423,21418,21486,21728,22869,19606
4555,10583,20285,2691,2557,2297,2898,2369,25917,9284,67532,63434,19099,6772,21820,4192,69968,50021,11745,23893,5872,2249,2463,39922,54122,2302,2808,12587,3892,11189,34392,129172,9805,2240,20840,0,15859,2570,2196,3776,18940,3341,2603,2785,6509,4015,2848,3703,37548,5406,14045,36777,4231,10218,18552,11118,5095,4521,5996,7376,14700,129688,73354,7291,3443,3466,29939,74086,4284,3792,7338,16319,2412,7826,2323,2426,11609,62907,5403,2522,2538,3756,2465,2426,54158,8257,44599,7720,16584,5649,3620,2522,23134,3123,2344,2457,2897,6274
15002,14014,18246,15564,15686,16240,15422,16335,22914,13561,59434,55897,16505,13948,18303,14806,61312,42381,14489,20218,14491,16739,15858,34318,46693,16576,17632,14718,14941,13785,30347,118642,13758,16362,17493,15859,0,17237,16210,15309,4858,15415,16000,17604,14526,15238,15715,15313,31219,14332,14458,30788,15314,13961,16227,14268,14438,14470,14154,14081,14871,119563,65100,14028,16081,15964,24685,65815,14891,15004,14295,14338,15985,14004,16288,16738,14696,55091,14681,17036,17093,15224,16486,16776,46813,14029,38612,14145,15427,14416,14866,15759,19318,16485,16420,16697,17767,14950
5251,11712,21621,3029,2754,1887,3218,1784,27339,10494,69469,65285,20610,7779,23399,4933,71923,51851,12819,25312,6730,1246,2432,41561,56034,1384,865,13598,4502,12375,35716,131164,10941,1727,22327,2570,17237,0,1780,4281,20378,3789,2659,837,7339,4526,3112,4209,39333,6184,15337,38584,4638,11410,19989,12286,5994,5391,6988,8313,15895,131672,75280,8309,3437,3470,31613,75953,4929,4334,8296,17801,2377,8881,1846,1491,12654,64770,6090,1060,1021,4184,1788,1312,56028,9337,46277,8807,18033,6401,4188,2632,24768,2597,1605,1465,862,6954
4657,10910,20697,2531,2276,1768,2688,1725,26417,9555,68239,64064,19474,6871,22281,4208,70711,50661,12121,24322,6009,1581,2093,40475,54813,1624,1959,12797,3970,11336,34873,129959,9954,1663,21243,2196,16210,1780,0,3795,19303,3376,2414,1954,6695,4035,2772,3723,38141,5456,14442,37400,4240,10489,18945,11468,5271,4680,6139,7528,15040,130442,74054,7475,3250,3262,30472,74789,4259,3819,7531,16742,2014,8018,1786,1812,11997,63604,5519,1806,1804,3605,1914,1830,54820,8472,45228,8033,16965,5707,3552,2184,23675,2559,1739,1783,2039,6401
4759,10207,19771,3857,3808,3906,3844,3932,25377,9002,66359,62296,18419,6668,21151,4529,68800,48951,11192,23240,5782,4039,3794,39077,53044,3956,4552,12095,4235,10670,33640,127798,9463,3671,20171,3776,15309,4281,3795,0,18302,2469,2207,4534,5363,2192,2398,701,36576,5399,13518,35841,4397,9928,17846,10676,5238,4731,5916,7136,14140,128341,72251,7114,4568,4539,29099,72867,4554,4104,7148,15766,3824,7561,3915,4070,11147,61805,5347,4225,4241,4209,4040,4059,53072,8009,43450,7555,16073,5519,4109,3836,22511,4544,3829,4063,4669,6115
17945,16622,18990,18552,18744,19297,18429,19403,22934,16216,58355,55066,17571,16735,19052,17604,60263,41638,16966,20662,17304,19836,18915,34026,46138,19701,20776,17152,17892,16247,30227,116939,16325,19435,18025,18940,4858,20378,19303,18302,0,18438,19060,20748,17376,18205,18755,18288,30816,17204,16504,30376,18228,16398,17402,16799,17357,17440,16923,16886,16867,118045,64123,16827,18993,18971,24672,64661,17885,17931,16900,16041,19052,16709,19368,19833,17185,54192,17501,20173,20232,18194,19567,19890,45819,16701,38084,16819,17111,17338,17832,18809,19824,19520,19525,19794,20919,17776
4690,10334,19902,3450,3403,3469,3417,3507,25527,9106,66686,62610,18577,6627,21341,4408,69152,49222,11383,23346,5778,3560,3393,39273,53371,3474,4069,12200,4076,10828,33849,128216,9547,3236,20375,3341,15415,3789,3376,2469,18438,0,1294,4040,5009,2958,2174,2471,36828,5380,13670,36130,4253,10049,18050,10793,5141,4694,6007,7153,14248,128744,72568,7180,4192,4204,29321,73216,4436,3920,7171,15905,3404,7606,3442,3652,11297,62085,5329,3747,3767,3988,3603,3614,53369,8092,43636,7525,16243,5484,3892,3400,22672,4116,3393,3622,4176,6090
4714,10737,20431,2888,2715,2479,3008,2485,26106,9484,67716,63574,19256,6934,21999,4401,70184,50188,11747,24048,5957,2499,2583,40049,54305,2446,2864,12539,4020,11276,34461,129338,9944,2203,20971,2603,16000,2659,2414,2207,19060,1294,0,2845,5392,2450,1178,2181,37729,5540,14170,36987,4209,10392,18659,11222,5331,4742,6230,7444,14722,129826,73525,7467,3461,3540,30103,74182,4448,3807,7425,16518,2533,7900,2503,2576,11666,63076,5471,2645,2659,3826,2592,2534,54318,8451,44502,7937,16793,5686,3773,2687,23357,3235,2408,2518,2959,6260
5475,12034,21987,3226,2947,2010,3427,1903,27700,10835,69882,65713,20985,8101,23789,5212,72374,52287,13129,25703,7019,1390,2651,41951,56443,1484,503,13873,4747,12715,36047,131603,11265,1889,22700,2785,17604,837,1954,4534,20748,4040,2845,0,7663,4763,3324,4450,39736,6483,15684,38992,4859,11735,20347,12626,6293,5654,7287,8613,16228,132118,75696,8601,3570,3597,32020,76385,5188,4580,8573,18175,2547,9188,2020,1606,12943,65212,6364,1071,1028,4392,1906,1387,56442,9639,46756,9104,18407,6697,4450,2830,25141,2712,1741,1526,499,7207
6416,9873,19052,6484,6533,6821,6352,6828,24438,8730,64328,60427,17403,7019,19964,6285,66689,46982,10695,22120,6622,7016,6579,37686,51142,6961,7691,11599,6362,10319,32520,125224,9209,6596,19187,6509,14526,7339,6695,5363,17376,5009,5392,7663,0,5481,5661,5287,34920,6472,12837,34166,6448,9567,16978,10286,6396,6299,6703,7323,13461,125876,70216,7407,7098,7118,27667,70810,6402,6229,7260,14766,6622,7635,6763,6993,10567,59799,6490,7259,7294,6439,6905,7077,51139,8123,41660,7753,15383,6519,6245,6535,21424,7252,6779,7008,7820,6800
4831,10159,19709,4060,4030,4116,3966,4118,25273,8994,66148,62109,18310,6666,21022,4574,68596,48722,11063,23115,5720,4292,4024,38928,52810,4228,4791,11871,4338,10733,33352,127539,9429,3871,20095,4015,15238,4526,4035,2192,18205,2958,2450,4763,5481,0,2485,2165,36396,5440,13387,35649,4414,9863,17815,10615,5286,4802,6051,7090,13946,128062,72051,7104,4698,4640,28941,72629,4600,4177,7002,15725,4051,7501,4153,4316,10946,61528,5378,4449,4465,4321,4212,4269,52803,7961,43231,7589,16015,5579,4247,4061,22342,4759,4119,4234,4905,6003
4678,10524,20168,3061,2955,2845,3063,2843,25786,9310,67233,63113,18918,6769,21642,4328,69692,49738,11506,23699,5832,2931,2886,39681,53853,2887,3342,12364,3993,11059,34139,128810,9729,2591,20633,2848,15715,3112,2772,2398,18755,2174,1178,3324,5661,2485,0,2417,37303,5427,13902,36574,4191,10165,18347,11016,5209,4703,6082,7331,14476,129302,73053,7339,3686,3698,29702,73701,4376,3807,7284,16235,2858,7814,2855,2947,11439,62610,5335,3093,3108,3847,2967,2955,53863,8221,44163,7798,16527,5554,3770,2952,22997,3575,2804,2960,3439,6154
4733,10190,19783,3776,3726,3835,3766,3845,25365,9013,66385,62347,18422,6639,21157,4478,68829,48974,11205,23238,5761,3959,3718,39079,53056,3880,4482,12084,4183,10682,33609,127843,9479,3614,20157,3703,15313,4209,3723,701,18288,2471,2181,4450,5287,2165,2417,0,36587,5376,13535,35850,4382,9905,17869,10661,5225,4713,5920,7108,14127,128365,72271,7094,4484,4452,29130,72922,4516,4045,7133,15736,3744,7543,3832,3999,11136,61832,5350,4163,4181,4167,3984,4000,53076,7983,43477,7518,16067,5492,4047,3742,22494,4470,3795,3990,4596,6088
36032,33307,32448,37160,37393,38132,36960,38214,32428,32937,52859,50969,30275,34099,29738,35823,54185,38648,33437,31024,34905,38717,37640,35471,43711,38596,39761,33488,36165,32337,34209,108245,32977,38248,30565,37548,31219,39333,38141,36576,30816,36828,37729,39736,34920,36396,37303,36587,0,35000,31925,31542,36093,33224,30882,33325,35020,35404,34653,34272,32430,110062,60171,34185,37377,37442,30605,58587,35932,36067,34231,29853,37708,34160,38149,38617,33376,50586,35508,39075,39139,36544,38341,38738,43264,33867,37876,33958,31263,35025,36143,37391,30189,38061,38366,38636,39897,35105
5417,9720,18885,5144,5178,5508,5197,5538,24414,8307,64655,60788,17128,6230,19853,5223,66973,47132,10937,21942,5834,5717,5240,37706,51469,5745,6488,11655,5111,9950,32701,125801,8710,5540,18994,5406,14332,6184,5456,5399,17204,5380,5540,6483,6472,5440,5427,5376,35000,0,12418,34175,5571,9270,16754,10272,5293,4802,5654,6871,13426,126394,70411,6816,5989,5790,27647,71195,3779,4957,6541,14322,5249,7271,5513,5860,10855,60232,5844,6072,6103,5421,5767,5948,51446,7433,42351,7238,14867,5712,4613,4928,20682,6056,5664,5872,6619,6303
13313,12818,18334,13801,13937,14389,13547,14434,22922,12480,60506,56730,16475,12479,18751,13195,62380,43266,12589,20920,12513,14837,14009,35345,47377,14758,15686,12769,13207,12531,30135,119730,12559,14504,17890,14045,14458,15337,14442,13518,16504,13670,14170,15684,12837,13387,13902,13535,31925,12418,0,30927,13081,12877,16113,12929,12759,12329,12532,12467,13780,120526,66390,12554,14120,14203,25476,65864,12857,12675,11878,14309,14054,12416,14383,14853,12680,55686,13076,15147,15198,13636,14672,14845,47503,12654,38990,12353,14974,12784,12975,13786,19917,14552,14626,14715,15843,12668
35319,32540,31754,36415,36620,37403,36198,37449,31761,32256,53293,51571,29541,33410,29142,35088,54171,38168,32535,30452,34174,37969,36825,35098,42988,37859,39030,32549,35435,31856,33721,108151,32353,37471,30085,36777,30788,38584,37400,35841,30376,36130,36987,38992,34166,35649,36574,35850,31542,34175,30927,0,35289,32485,30201,32565,34451,34720,33984,33513,31779,110075,60195,33366,36613,36660,29950,58707,35244,35198,33245,29291,36933,33402,37380,37867,32504,50253,34751,38333,38395,35793,37578,38009,42744,32843,37718,33094,30370,34323,35272,36655,29675,37336,37614,37891,39175,34224
4932,10082,19502,4217,4108,4122,3907,4104,24998,9119,65827,61797,18126,6715,20845,4622,68169,48331,10338,22707,5692,4348,4124,38606,52514,4241,4799,10976,4420,10728,32523,127223,9424,4335,20156,4231,15314,4638,4240,4397,18228,4253,4209,4859,6448,4414,4191,4382,36093,5571,13081,35289,0,9929,17787,10749,5358,4920,6193,6730,13274,127686,71684,7315,4334,4575,28666,72077,4747,3830,6431,15851,4179,7357,4229,4469,10112,61044,5387,4446,4464,4257,4267,4267,52485,8335,42925,7630,16109,5758,4224,4136,22456,4498,4370,4166,4990,5097
9668,10490,17823,9847,10090,10475,9793,10568,23622,9600,62245,58401,16534,8904,18820,9068,64365,45043,11169,21035,9496,10913,10203,36052,49205,10793,11743,11741,9508,10425,31496,122537,9728,10618,18291,10218,13961,11410,10489,9928,16398,10049,10392,11735,9567,9863,10165,9905,33224,9270,12877,32485,9929,0,16153,10950,9127,9397,9220,9473,13305,123373,68065,9417,10684,10642,26186,68776,9588,9641,9547,14050,10281,9545,10453,10954,11224,57894,9562,11227,11271,9748,10790,11005,49317,9731,40470,9601,14747,9649,9610,10123,20133,11005,10736,10873,11886,9850
17432,16209,18846,18135,18326,18918,18090,18979,22880,15924,58188,55284,17330,16339,19087,17322,60382,41621,16437,20550,16820,19427,18539,34161,45992,19313,20377,16634,17455,15614,30271,117291,16026,19014,18292,18552,16227,19989,18945,17846,17402,18050,18659,20347,16978,17815,18347,17869,30882,16754,16113,30201,17787,16153,0,16466,16994,17052,16573,16679,16433,118063,64149,16289,18691,18598,24199,64451,17442,17594,16421,15748,18659,16492,18994,19408,16802,54130,17272,19744,19799,17808,19157,19490,45703,16100,38134,16370,16809,16815,17480,18437,19602,19092,19131,19358,20518,17326
10555,10994,18436,10983,11029,11511,10935,11554,23267,10438,62211,58563,16657,10069,19219,10339,64298,44901,11366,21291,10166,11837,11185,36233,49008,11755,12652,11995,10462,11158,31266,122178,10587,11500,18386,11118,14268,12286,11468,10676,16799,10793,11222,12626,10286,10615,11016,10661,33325,10272,12929,32565,10749,10950,16466,0,10219,10202,10225,10304,13526,122937,67870,10158,11451,11397,26184,68373,10519,10588,10290,14377,11273,10260,11477,11775,11421,57593,10373,12091,12141,10723,11642,11868,48941,10339,39991,10295,14912,10353,10516,11134,20396,11688,11544,11742,12791,10481
5227,9789,18892,4858,4993,5180,4889,5292,24465,8228,64720,60845,17318,6183,19975,5015,67227,47391,10848,22238,5842,5602,5117,37812,51689,5516,6303,11565,4838,10021,32896,126029,8816,5353,19346,5095,14438,5994,5271,5238,17357,5141,5331,6293,6396,5286,5209,5225,35020,5293,12759,34451,5358,9127,16994,10219,0,4862,5742,6791,13494,126564,70669,6838,5755,5792,27850,71365,4858,4795,6797,14540,5151,7353,5271,5706,10751,60272,5714,5892,5926,5257,5593,5704,51599,7626,42294,7226,15161,5790,4868,4969,21064,5954,5525,5652,6443,6290
4870,9779,19025,4313,4302,4654,4361,4739,24705,8264,65023,61208,17419,6170,20246,4618,67481,47595,10980,22419,5652,4959,4373,38187,51913,4835,5657,11690,4403,10075,32925,126485,8832,4822,19329,4521,14470,5391,4680,4731,17440,4694,4742,5654,6299,4802,4703,4713,35404,4802,12329,34720,4920,9397,17052,10202,4862,0,5506,6800,13697,127030,71019,6710,5194,5199,28077,71679,4031,4174,6578,14821,4425,7144,4650,5078,10915,60617,5423,5236,5279,4680,4961,5046,51926,7605,42615,7124,15255,5484,4314,4276,21362,5243,4835,5010,5785,6130
5900,9497,18711,5775,5761,6222,5452,6273,24206,8224,64181,60224,16879,6408,19499,5663,66543,46742,10819,21762,6266,6479,5757,37413,51127,6453,7299,11519,5720,9851,32623,125201,8734,6310,18845,5996,14154,6988,6139,5916,16923,6007,6230,7287,6703,6051,6082,5920,34653,5654,12532,33984,6193,9220,16573,10225,5742,5506,0,6773,13378,125799,69969,6964,6634,6447,27319,70875,5664,5378,6830,14115,5698,7043,6020,6645,10871,59469,6162,6826,6860,5923,6465,6677,51069,7627,41884,7345,14902,6050,5128,5588,20530,6716,6394,6632,7419,6681
7163,9801,18598,7097,6924,7401,6599,7527,23789,8693,63563,59720,17083,7215,19577,6760,65710,46055,10290,21553,6997,7831,7042,37231,50526,7768,8609,10814,6936,10131,31504,124414,9026,7624,18889,7376,14081,8313,7528,7136,16886,7153,7444,8613,7323,7090,7331,7108,34272,6871,12467,33513,6730,9473,16679,10304,6791,6800,6773,0,12777,124833,69110,7549,7466,7609,27077,69863,6982,5992,6235,14252,7115,7346,7404,7973,10251,58777,7163,8173,8203,7196,7825,7942,50328,8212,41220,7791,15027,7154,6519,6874,20838,7899,7716,7850,8746,6996
13875,13074,18390,14414,14497,14871,14178,14942,23052,13127,60708,57031,16985,13139,19163,13762,62538,43738,12473,20886,13208,15372,14658,35043,47868,15343,16228,12119,13914,13243,28881,119505,13149,15109,18579,14700,14871,15895,15040,14140,16867,14248,14722,16228,13461,13946,14476,14127,32430,13426,13780,31779,13274,13305,16433,13526,13494,13697,13378,12777,0,119561,66427,13301,14643,14787,25761,65463,13923,13454,12414,15143,14713,12986,15007,15409,12549,55115,13741,15679,15729,14214,15236,15383,47304,13321,38641,13194,15420,13516,13902,14619,20177,15151,15216,15255,16369,12590
127560,123077,120124,129240,129492,130421,129010,130515,115934,123187,105340,108436,117389,125094,116065,127478,104089,106462,121253,116607,126056,131068,129785,111365,107814,130949,132158,120266,127905,122154,111916,111424,123413,130513,117383,129688,119563,131672,130442,128341,118045,128744,129826,132118,125876,128062,129302,128365,110062,126394,120526,110075,127686,123373,118063,122937,126564,127030,125799,124833,119561,0,104820,125011,129346,129389,113019,100118,127747,127891,124601,118029,129912,124344,130392,130879,121587,100530,126745,131418,131483,128305,130538,131074,106035,124452,110546,124727,119883,126472,128032,129591,115878,130230,130662,130970,132294,125773
71524,67991,65618,72941,73200,74035,72791,74134,59380,67658,61601,63155,63408,69405,62772,71449,62827,58898,67515,62612,70510,74654,73469,60863,60021,74525,75728,67327,71779,67332,63710,100398,68148,74113,63836,73354,65100,75280,74054,72251,64123,72568,73525,75696,70216,72051,73053,72271,60171,70411,66390,60195,71684,68065,64149,67870,70669,71019,69969,69110,66427,104820,0,69436,73089,73084,60779,65237,71585,71708,69250,63083,73620,69151,74009,74482,67768,62119,70861,75005,75071,72230,74177,74646,60332,68970,61126,69334,65641,70503,71870,73262,62404,73901,74242,74557,75866,70297
7076,9737,18532,7007,7229,7454,7035,7477,23917,8527,63558,59846,16624,7092,19390,6736,65753,46170,10839,21639,6898,7857,7251,36947,50422,7756,8627,11499,6837,9999,32215,124230,8977,7582,18590,7291,14028,8309,7475,7114,16827,7180,7467,8601,7407,7104,7339,7094,34185,6816,12554,33366,7315,9417,16289,10158,6838,6710,6964,7549,13301,125011,69436,0,7821,7731,26858,70149,6902,6903,7427,13947,7302,7788,7549,7963,10868,59120,7099,8136,8173,6981,7748,7938,50289,7919,41417,7154,14500,6824,6773,7192,20649,8003,7667,7922,8759,7519
5353,10978,20592,3609,3454,3166,3458,3150,26000,9752,67256,63173,19132,7319,21825,4958,69693,49749,11725,23865,6244,3234,3284,39868,53943,3164,3498,12405,4613,11451,34112,128870,10170,3327,21041,3443,16081,3437,3250,4568,18993,4192,3461,3570,7098,4698,3686,4484,37377,5989,14120,36613,4334,10684,18691,11451,5755,5194,6634,7466,14643,129346,73089,7821,0,3060,29874,73753,4941,4031,7463,16570,3193,8086,3169,3404,11531,62637,5981,3388,3407,4384,3361,3244,53928,8894,44446,8254,16883,6199,4189,3274,23321,2213,3330,3155,3631,6195
5283,10888,20527,3632,3389,3281,3637,3254,26004,9614,67302,63213,19129,7205,21764,4947,69747,49825,11908,23814,6364,3278,3354,39887,53945,3343,3539,12610,4657,11424,34215,128868,10074,3299,20987,3466,15964,3470,3262,4539,18971,4204,3540,3597,7118,4640,3698,4452,37442,5790,14203,36660,4575,10642,18598,11397,5792,5199,6447,7609,14787,129389,73084,7731,3060,0,29865,73864,4863,4162,7570,16325,3372,8130,3307,3449,11804,62674,5989,3445,3455,4444,3413,3328,53941,8751,44559,8166,16760,6092,4094,3357,23196,2972,3348,3267,3655,6410
28501,26146,25908,29479,29783,30486,29362,30555,26710,25749,55626,53179,23999,26739,24521,28203,56656,39390,26492,25580,27468,31037,29979,33695,44256,30876,32053,26521,28301,25555,31093,111271,25885,30589,24757,29939,24685,31613,30472,29099,24672,29321,30103,32020,27667,28941,29702,29130,30605,27647,25476,29950,28666,26186,24199,26184,27850,28077,27319,27077,25761,113019,60779,26858,29874,29865,0,59409,28489,28558,27029,23470,30111,26902,30496,30945,26486,51508,28071,31375,31437,28973,30673,31062,43570,26773,36826,26580,24923,27689,28656,29873,24650,30448,30700,30949,32198,27861
72217,68608,66628,73669,73938,74717,73466,74799,63632,68378,61293,62377,63652,69947,63222,72054,60704,56866,66687,63634,70657,75365,74202,61565,60083,75235,76418,65544,72324,67578,60838,101976,68515,74841,64039,74086,65815,75953,74789,72867,64661,73216,74182,76385,70810,72629,73701,72922,58587,71195,65864,58707,72077,68776,64451,68373,71365,71679,70875,69863,65463,100118,65237,70149,73753,73864,59409,0,72237,72391,69349,64331,74306,69631,74765,75193,66819,59683,71538,75696,75759,72905,74899,75343,59028,69505,60501,69665,65923,71266,72615,74031,63251,74597,75009,75244,76554,70327
4789,10057,19190,4077,4064,4315,4114,4315,24984,8639,65622,61787,17942,6312,20701,4605,67951,48087,11256,22733,5717,4451,4215,38645,52571,4545,5169,11967,4350,10339,33227,127053,9035,4402,19711,4284,14891,4929,4259,4554,17885,4436,4448,5188,6402,4600,4376,4516,35932,3779,12857,35244,4747,9588,17442,10519,4858,4031,5664,6982,13923,127747,71585,6902,4941,4863,28489,72237,0,4021,6727,15268,4019,7418,4329,4646,11152,61248,5476,4835,4858,4497,4603,4758,52491,7660,43231,7322,15369,5402,3953,3856,21803,4891,4520,4608,5280,6141
4692,9948,19506,3579,3427,3621,3040,3674,25096,8594,65938,61939,17847,6223,20667,4284,68313,48335,10660,22784,5504,3901,3528,38787,52668,3944,4552,11261,3949,10447,32887,127436,9019,3901,19960,3792,15004,4334,3819,4104,17931,3920,3807,4580,6229,4177,3807,4045,36067,4957,12675,35198,3830,9641,17594,10588,4795,4174,5378,5992,13454,127891,71708,6903,4031,4162,28558,72391,4021,0,6055,15226,3302,6915,3607,4134,10631,61227,5367,4226,4244,4105,4033,4034,52535,7932,43189,7226,15675,5510,3290,2935,22033,4166,3940,3943,4702,5491
7082,9801,18644,7100,6968,7350,6809,7460,23478,8682,63581,59563,16943,7177,19698,6924,65707,45911,9918,21616,6852,7797,7195,37290,50345,7778,8552,10160,6840,10067,30915,124084,8887,7582,18735,7338,14295,8296,7531,7148,16900,7171,7425,8573,7260,7002,7284,7133,34231,6541,11878,33245,6431,9547,16421,10290,6797,6578,6830,6235,12414,124601,69250,7427,7463,7570,27029,69349,6727,6055,0,14595,7307,7382,7428,7963,9799,58488,7134,8104,8146,7167,7777,7840,50084,8065,41008,7615,14915,7049,6661,7004,20750,7775,7745,7748,8706,6484
15463,14233,18079,15960,16156,16794,15837,16843,22552,13497,57715,54991,15574,14084,16664,15105,59959,41132,14799,19681,14664,17253,16255,33589,45835,17148,18191,15162,15353,13811,30508,116880,13847,16829,17296,16319,14338,17801,16742,15766,16041,15905,16518,18175,14766,15725,16235,15736,29853,14322,14309,29291,15851,14050,15748,14377,14540,14821,14115,14252,15143,118029,63083,13947,16570,16325,23470,64331,15268,15226,14595,0,16406,14361,16712,17256,15006,53958,15120,17572,17627,15687,16990,17307,45546,14094,38159,14295,14860,14600,14963,16132,18347,16993,16940,17223,18344,15411
4500,10642,20354,2630,2235,2040,2227,2062,26167,9345,67744,63598,19187,6767,21980,4119,70233,50216,11901,24080,5807,1994,1885,40139,54374,2010,2549,12584,3896,11160,34531,129426,9840,2180,21002,2412,15985,2377,2014,3824,19052,3404,2533,2547,6622,4051,2858,3744,37708,5249,14054,36933,4179,10281,18659,11273,5151,4425,5698,7115,14713,129912,73620,7302,3193,3372,30111,74306,4019,3302,7307,16406,0,7699,1742,2245,11752,63083,5468,2325,2334,3715,2317,2284,54371,8359,44801,7835,16704,5657,3066,1907,22971,2689,2178,2187,2632,6265
7634,10000,18594,7616,7585,8008,7183,8050,23673,8885,63385,59477,16827,7465,19454,7260,65529,45956,10335,21479,7346,8342,7567,36909,50245,8341,9193,11124,7361,10101,31501,123964,9214,8170,18598,7826,14004,8881,8018,7561,16709,7606,7900,9188,7635,7501,7814,7543,34160,7271,12416,33402,7357,9545,16492,10260,7353,7144,7043,7346,12986,124344,69151,7788,8086,8130,26902,69631,7418,6915,7382,14361,7699,0,7910,8452,10411,58551,7510,8680,8725,7570,8291,8437,50101,8297,41069,7953,14855,7534,7107,7527,20842,8332,8228,8357,9329,7515
4646,10887,20726,2547,2221,1779,2405,1858,26439,9609,68203,64068,19525,7007,22308,4236,70675,50658,12062,24391,6072,1672,1890,40481,54794,1565,2011,12864,3946,11475,34832,129903,10141,1852,21306,2323,16288,1846,1786,3915,19368,3442,2503,2020,6763,4153,2855,3832,38149,5513,14383,37380,4229,10453,18994,11477,5271,4650,6020,7404,15007,130392,74009,7549,3169,3307,30496,74765,4329,3607,7428,16712,1742,7910,0,1818,11868,63533,5577,1859,1866,3752,1935,1805,54797,8465,45168,8069,16982,5853,3477,2173,23656,2578,1781,1685,2095,6413
4979,11267,21126,2854,2625,1857,3044,1787,26743,10041,68682,64509,19998,7391,22764,4662,71137,51101,12356,24738,6416,1497,2368,40871,55246,1598,1627,13204,4240,11866,35143,130362,10510,1782,21725,2426,16738,1491,1812,4070,19833,3652,2576,1606,6993,4316,2947,3999,38617,5860,14853,37867,4469,10954,19408,11775,5706,5078,6645,7973,15409,130879,74482,7963,3404,3449,30945,75193,4646,4134,7963,17256,2245,8452,1818,0,12154,64042,5789,1541,1547,3948,1866,1628,55293,8893,45642,8413,17481,6117,3954,2521,24155,2665,1697,1497,1644,6641
10999,11094,18657,11503,11542,11805,11212,11832,22981,10852,62023,58158,17012,10589,19484,10934,63900,44804,10509,21428,10442,12219,11658,36197,49012,12175,12943,10500,11024,11322,29595,121293,10968,12020,18844,11609,14696,12654,11997,11147,17185,11297,11666,12943,10567,10946,11439,11136,33376,10855,12680,32504,10112,11224,16802,11421,10751,10915,10871,10251,12549,121587,67768,10868,11531,11804,26486,66819,11152,10631,9799,15006,11752,10411,11868,12154,0,56609,10710,12438,12483,11019,12001,12151,48732,11034,39379,10658,15357,10946,11139,11672,20929,11990,12145,11889,13108,9564
61148,57527,55914,62549,62679,63554,62245,63638,53955,57631,57788,56917,53633,59056,52793,61061,58918,51482,56251,53068,59888,64171,62911,52338,53123,64054,65249,55335,61313,56765,51958,105186,57729,63678,53913,62907,55091,64770,63604,61805,54192,62085,63076,65212,59799,61528,62610,61832,50586,60232,55686,50253,61044,57894,54130,57593,60272,60617,59469,58777,55115,100530,62119,59120,62637,62674,51508,59683,61248,61227,58488,53958,63083,58551,63533,64042,56609,0,60442,64521,64590,61787,63731,64175,52445,58644,52201,58943,55496,60239,61454,62838,53224,63442,63812,64064,65379,59438
5515,9872,19065,5269,5379,5544,5262,5559,24591,8751,65060,61052,17606,6689,20343,5277,67376,47634,10896,22373,6085,5781,5386,38000,51827,5730,6381,11762,5257,10309,32882,126148,9202,5573,19480,5403,14681,6090,5519,5347,17501,5329,5471,6364,6490,5378,5335,5350,35508,5844,13076,34751,5387,9562,17272,10373,5714,5423,6162,7163,13741,126745,70861,7099,5981,5989,28071,71538,5476,5367,7134,15120,5468,7510,5577,5789,10710,60442,0,5703,5746,4484,5289,5624,51819,8025,42357,7500,15545,5912,5277,5396,21690,6006,5620,5721,6509,6237
5115,11541,21429,2939,2677,1785,3128,1675,27149,10293,69177,65007,20361,7622,23149,4833,71679,51618,12589,25110,6551,1292,2405,41313,55752,1376,1072,13369,4365,12184,35467,130915,10765,1734,22108,2522,17036,1060,1806,4225,20173,3747,2645,1071,7259,4449,3093,4163,39075,6072,15147,38333,4446,11227,19744,12091,5892,5236,6826,8173,15679,131418,75005,8136,3388,3445,31375,75696,4835,4226,8104,17572,2325,8680,1859,1541,12438,64521,5703,0,172,3820,1298,1006,55756,9169,46073,8628,17810,6320,4078,2574,24512,2606,1657,1389,1145,6795
5140,11589,21476,2951,2695,1783,3145,1682,27199,10340,69243,65072,20419,7662,23212,4866,71741,51680,12638,25164,6590,1289,2422,41376,55816,1378,1016,13406,4394,12226,35521,130981,10800,1753,22160,2538,17093,1021,1804,4241,20232,3767,2659,1028,7294,4465,3108,4181,39139,6103,15198,38395,4464,11271,19799,12141,5926,5279,6860,8203,15729,131483,75071,8173,3407,3455,31437,75759,4858,4244,8146,17627,2334,8725,1866,1547,12483,64590,5746,172,0,3831,1338,1000,55820,9200,46143,8674,17865,6355,4109,2592,24569,2607,1656,1384,1083,6828
4692,10184,19702,3618,3699,3659,3669,3636,25240,8900,66404,62301,18304,6532,21065,4288,68720,48897,11297,23105,5784,3907,3633,38963,53010,3827,4406,12058,4105,10621,33570,127758,9327,3759,20136,3756,15224,4184,3605,4209,18194,3988,3826,4392,6439,4321,3847,4167,36544,5421,13636,35793,4257,9748,17808,10723,5257,4680,5923,7196,14214,128305,72230,6981,4384,4444,28973,72905,4497,4105,7167,15687,3715,7570,3752,3948,11019,61787,4484,3820,3831,0,3280,3733,53022,8017,43541,7467,16022,5638,4054,3708,22445,4324,3826,3850,4528,6064
4823,11034,20851,2786,2584,1957,3009,1859,26551,9792,68374,64207,19722,7207,22494,4547,70837,50839,12165,24489,6256,1700,2320,40623,54955,1770,1935,12989,4122,11679,34924,130036,10336,1872,21500,2465,16486,1788,1914,4040,19567,3603,2592,1906,6905,4212,2967,3984,38341,5767,14672,37578,4267,10790,19157,11642,5593,4961,6465,7825,15236,130538,74177,7748,3361,3413,30673,74899,4603,4033,7777,16990,2317,8291,1935,1866,12001,63731,5289,1298,1338,3280,0,1466,54984,8776,45331,8223,17263,6018,3882,2478,23860,2674,1844,1764,2033,6517
4931,11295,21187,2811,2568,1664,3012,1666,26856,10072,68830,64658,20072,7442,22846,4695,71349,51292,12313,24787,6340,1400,2319,40991,55383,1368,1371,13064,4225,11946,35120,130560,10547,1772,21800,2426,16776,1312,1830,4059,19890,3614,2534,1387,7077,4269,2955,4000,38738,5948,14845,38009,4267,11005,19490,11868,5704,5046,6677,7942,15383,131074,74646,7938,3244,3328,31062,75343,4758,4034,7840,17307,2284,8437,1805,1628,12151,64175,5624,1006,1000,3733,1466,0,55422,8924,45764,8420,17503,6150,4009,2571,24230,2576,1652,1375,1482,6517
52442,49232,47566,53747,53997,54811,53561,54898,46882,48900,55515,54208,45507,50362,45008,52269,56718,45483,48416,45617,51189,55404,54262,45793,47826,55294,56479,48306,52659,48458,46278,105479,49227,54878,45475,54158,46813,56028,54820,53072,45819,53369,54318,56442,51139,52803,53863,53076,43264,51446,47503,42744,52485,49317,45703,48941,51599,51926,51069,50328,47304,106035,60332,50289,53928,53941,43570,59028,52491,52535,50084,45546,54371,50101,54797,55293,48732,52445,51819,55756,55820,53022,54984,55422,0,49035,45566,50124,45830,51519,52659,54078,45013,54674,55028,55316,56623,51086
7755,10068,18554,8014,8151,8531,8185,8614,23908,8801,62951,59256,16714,7813,18986,7700,65361,45785,10888,21332,7787,8841,8240,36704,49708,8790,9666,11849,7756,10109,32066,123707,9283,8514,18365,8257,14029,9337,8472,8009,16701,8092,8451,9639,8123,7961,8221,7983,33867,7433,12654,32843,8335,9731,16100,10339,7626,7605,7627,8212,13321,124452,68970,7919,8894,8751,26773,69505,7660,7932,8065,14094,8359,8297,8465,8893,11034,58644,8025,9169,9200,8017,8776,8924,49035,0,41183,8201,13852,7651,7511,8163,20342,9095,8606,8952,9801,8248
42946,40099,38952,44226,44471,45217,44052,45287,38225,40289,56231,53768,37488,41365,37685,42854,57712,42898,39455,38145,42089,45765,44713,39651,46349,45624,46798,39328,43156,39721,39060,108913,40376,45287,38129,44599,38612,46277,45228,43450,38084,43636,44502,46756,41660,43231,44163,43477,37876,42351,38990,37718,42925,40470,38134,39991,42294,42615,41884,41220,38641,110546,61126,41417,44446,44559,36826,60501,43231,43189,41008,38159,44801,41069,45168,45642,39379,52201,42357,46073,46143,43541,45331,45764,45566,41183,0,41273,38894,42373,43431,44602,37740,45126,45387,45638,46934,41664
7585,9837,18543,7521,7690,7684,7418,7707,24034,8674,63504,59642,16654,7295,19535,7166,65496,45913,10681,21573,7086,8357,7778,36868,50199,8242,9102,11118,7181,10058,31854,123995,8988,8107,18608,7720,14145,8807,8033,7555,16819,7525,7937,9104,7753,7589,7798,7518,33958,7238,12353,33094,7630,9601,16370,10295,7226,7124,7345,7791,13194,124727,69334,7154,8254,8166,26580,69665,7322,7226,7615,14295,7835,7953,8069,8413,10658,58943,7500,8628,8674,7467,8223,8420,50124,8201,41273,0,14251,7162,7269,7688,20767,8385,8204,8338,9255,7743
15711,14911,18609,16220,16459,17031,16157,17102,23296,14432,59404,56168,16989,14669,18695,15504,61517,42479,15238,20767,14837,17453,16593,35119,46974,17387,18429,15464,15800,14574,30732,118499,14451,17076,18302,16584,15427,18033,16965,16073,17111,16243,16793,18407,15383,16015,16527,16067,31263,14867,14974,30370,16109,14747,16809,14912,15161,15255,14902,15027,15420,119883,65641,14500,16883,16760,24923,65923,15369,15675,14915,14860,16704,14855,16982,17481,15357,55496,15545,17810,17865,16022,17263,17503,45830,13852,38894,14251,0,14945,15455,16409,19909,17213,17199,17446,18577,15705
5722,9841,18917,5526,5612,5826,5524,5843,24529,8464,64633,60742,17276,6530,19996,5517,66987,47242,11013,21943,6054,6015,5648,37709,51194,5997,6699,11742,5543,10065,32793,125841,8893,5759,19146,5649,14416,6401,5707,5519,17338,5484,5686,6697,6519,5579,5554,5492,35025,5712,12784,34323,5758,9649,16815,10353,5790,5484,6050,7154,13516,126472,70503,6824,6199,6092,27689,71266,5402,5510,7049,14600,5657,7534,5853,6117,10946,60239,5912,6320,6355,5638,6018,6150,51519,7651,42373,7162,14945,0,5174,5503,21328,6297,5925,6135,6834,6487
4599,10064,19545,3539,3508,3692,3316,3611,25042,8550,65981,62008,17871,6152,20499,4289,68393,48466,11152,22766,5489,3717,3453,38685,52705,3829,4432,11856,4073,10249,33397,127539,8966,3627,19755,3620,14866,4188,3552,4109,17832,3892,3773,4450,6245,4247,3770,4047,36143,4613,12975,35272,4224,9610,17480,10516,4868,4314,5128,6519,13902,128032,71870,6773,4189,4094,28656,72615,3953,3290,6661,14963,3066,7107,3477,3954,11139,61454,5277,4078,4109,4054,3882,4009,52659,7511,43431,7269,15455,5174,0,2729,21583,4098,3772,3985,4566,5957
4548,10547,20261,2576,2405,2306,2294,2191,25900,9142,67467,63350,18943,6563,21692,4110,69897,49875,11752,23740,5781,2211,2219,39870,54087,2320,2831,12433,3819,10937,34278,129130,9611,2325,20744,2522,15759,2632,2184,3836,18809,3400,2687,2830,6535,4061,2952,3742,37391,4928,13786,36655,4136,10123,18437,11134,4969,4276,5588,6874,14619,129591,73262,7192,3274,3357,29873,74031,3856,2935,7004,16132,1907,7527,2173,2521,11672,62838,5396,2574,2592,3708,2478,2571,54078,8163,44602,7688,16409,5503,2729,0,22908,2908,2387,2542,2923,6228
21888,20309,21155,22781,22911,23612,22675,23686,23774,19654,56488,54346,19312,20407,20236,21765,58689,40424,20631,21905,21278,24166,23148,32995,45496,24069,25166,20841,22035,19831,30587,114539,19911,23738,20423,23134,19318,24768,23675,22511,19824,22672,23357,25141,21424,22342,22997,22494,30189,20682,19917,29675,22456,20133,19602,20396,21064,21362,20530,20838,20177,115878,62404,20649,23321,23196,24650,63251,21803,22033,20750,18347,22971,20842,23656,24155,20929,53224,21690,24512,24569,22445,23860,24230,45013,20342,37740,20767,19909,21328,21583,22908,0,23798,23889,24133,25303,21822
5283,11227,20886,3349,3079,2626,3326,2598,26484,10053,68055,63921,19594,7455,22345,5014,70510,50515,12203,24384,6476,2505,2893,40441,54701,2543,2634,12878,4595,11748,34747,129700,10425,2653,21418,3123,16485,2597,2559,4544,19520,4116,3235,2712,7252,4759,3575,4470,38061,6056,14552,37336,4498,11005,19092,11688,5954,5243,6716,7899,15151,130230,73901,8003,2213,2972,30448,74597,4891,4166,7775,16993,2689,8332,2578,2665,11990,63442,6006,2606,2607,4324,2674,2576,54674,9095,45126,8385,17213,6297,4098,2908,23798,0,2634,2529,2748,6429
4809,11011,20918,2693,2469,1858,2921,1839,26515,9811,68458,64316,19722,7173,22522,4461,70930,50893,12236,24511,6253,1584,2201,40645,55017,1595,1794,13045,4099,11622,35048,130148,10292,1683,21486,2344,16420,1605,1739,3829,19525,3393,2408,1741,6779,4119,2804,3795,38366,5664,14626,37614,4370,10736,19131,11544,5525,4835,6394,7716,15216,130662,74242,7667,3330,3348,30700,75009,4520,3940,7745,16940,2178,8228,1781,1697,12145,63812,5620,1657,1656,3826,1844,1652,55028,8606,45387,8204,17199,5925,3772,2387,23889,2634,0,1651,1827,6571
4908,11180,21050,2856,2493,1710,2886,1672,26780,9995,68753,64595,19968,7352,22787,4591,71229,51167,12159,24757,6239,1433,2249,40917,55320,1450,1457,12971,4198,11804,35040,130462,10437,1798,21728,2457,16697,1465,1783,4063,19794,3622,2518,1526,7008,4234,2960,3990,38636,5872,14715,37891,4166,10873,19358,11742,5652,5010,6632,7850,15255,130970,74557,7922,3155,3267,30949,75244,4608,3943,7748,17223,2187,8357,1685,1497,11889,64064,5721,1389,1384,3850,1764,1375,55316,8952,45638,8338,17446,6135,3985,2542,24133,2529,1651,0,1587,6409
5589,12200,22152,3337,3039,2094,3540,1991,27875,10983,70041,65861,21151,8243,23956,5364,72552,52478,13289,25864,7147,1416,2727,42113,56611,1551,435,14010,4864,12862,36203,131775,11414,1981,22869,2897,17767,862,2039,4669,20919,4176,2959,499,7820,4905,3439,4596,39897,6619,15843,39175,4990,11886,20518,12791,6443,5785,7419,8746,16369,132294,75866,8759,3631,3655,32198,76554,5280,4702,8706,18344,2632,9329,2095,1644,13108,65379,6509,1145,1083,4528,2033,1482,56623,9801,46934,9255,18577,6834,4566,2923,25303,2748,1827,1587,0,7315
6220,9954,19121,6183,6136,6290,5898,6319,24371,9039,64486,60498,17630,6994,20348,6075,66630,47022,9835,22126,6258,6540,6242,37686,51213,6560,7149,10239,6105,10463,31403,125296,9319,6454,19606,6274,14950,6954,6401,6115,17776,6090,6260,7207,6800,6003,6154,6088,35105,6303,12668,34224,5097,9850,17326,10481,6290,6130,6681,6996,12590,125773,70297,7519,6195,6410,27861,70327,6141,5491,6484,15411,6265,7515,6413,6641,9564,59438,6237,6795,6828,6064,6517,6517,51086,8248,41664,7743,15705,6487,5957,6228,21822,6429,6571,6409,7315,0
